Customer_ID,Customer_Name,Customer_Type,Hospital_Name,City,State,Country,Postal_Code,Region,Sales_Zone
CUST02963,Prime Nursing Home,Hospital,Prime Nursing Home,Chennai,Tamil Nadu,India,251112.0,North,Zone A
CUST00630,Shree Medical Store,Hospital,Shree Medical Store,Udaipur,Rajasthan,India,688149.0,West,Zone A
CUST02987,Apex Medical Store,Pharmacy,Not Available,Kota,Rajasthan,India,564487.0,South,Zone A
CUST02415,Green Medical Store,Pharmacy,Not Available,Other,Karnataka,India,345463.0,North,Zone D
CUST00853,Prime Medical Store,Pharmacy,Not Available,Nagpur,Maharashtra,India,142226.0,East,Zone C
CUST03932,Prime Nursing Home,Hospital,Prime Nursing Home,Ajmer,Rajasthan,India,274003.0,West,Zone B
CUST00230,Sunrise Medical Store,Clinic,Not Available,Jodhpur,Rajasthan,India,254240.0,North,Zone B
CUST02214,Metro Drug House,Wholesaler,Not Available,Delhi,Delhi,India,396471.0,East,Zone D
CUST02321,National Medical Store,Pharmacy,Not Available,Ajmer,Rajasthan,India,651357.0,Central,Zone B
CUST01122,Life Nursing Home,Hospital,Life Nursing Home,Kolkata,West Bengal,India,746076.0,North,Zone B
CUST01774,Metro Pharmacy,Clinic,Not Available,Jodhpur,Rajasthan,India,589441.0,North,Zone C
CUST01577,Metro Drug House,Pharmacy,Not Available,Kota,Rajasthan,India,739384.0,North,Zone C
CUST03528,Green Nursing Home,Wholesaler,Not Available,Mumbai,Maharashtra,India,199817.0,North,Zone B
CUST00576,Global Hospital,Hospital,Global Hospital,Other,Uttar Pradesh,India,120986.0,East,Zone A
CUST02924,Unknown,Hospital,Shree Medical Store,Udaipur,Rajasthan,India,355534.0,North,Zone D
CUST02338,Central Drug House,Pharmacy,Not Available,Pune,Maharashtra,India,,South,Zone B
CUST01566,National Hospital,Wholesaler,Not Available,Hyderabad,Telangana,India,205109.0,East,Zone C
CUST00294,Prime Medical Store,Pharmacy,Not Available,Surat,Gujarat,India,595627.0,South,Zone B
CUST01704,Central Drug House,Pharmacy,Not Available,Pune,Maharashtra,India,437122.0,North,Zone B
CUST01665,Shanti Nursing Home,Wholesaler,Not Available,Chennai,,India,197318.0,East,Zone B
CUST00259,Shree Clinic,Pharmacy,Not Available,Kolkata,West Bengal,India,,Central,Zone B
CUST02087,Prime Nursing Home,Pharmacy,Not Available,Kota,,India,,South,Zone D
CUST02751,Green Pharmacy,Clinic,Not Available,Lucknow,Uttar Pradesh,India,538525.0,Central,Zone A
CUST02274,Care Healthcare,Pharmacy,Not Available,Kota,Rajasthan,India,348620.0,West,Zone B
CUST03440,Shanti Drug House,Hospital,Shanti Drug House,Bangalore,Karnataka,India,631072.0,South,Zone A
CUST03271,Life Healthcare,Pharmacy,Not Available,Surat,Gujarat,India,199141.0,Central,Zone D
CUST01890,Global Nursing Home,Clinic,Not Available,Lucknow,Uttar Pradesh,India,391791.0,South,Zone D
CUST03983,Apex Drug House,Hospital,Apex Drug House,Udaipur,Rajasthan,India,198720.0,West,Zone C
CUST01049,Sunrise Medical Store,Clinic,Not Available,Bangalore,,India,495108.0,North,Zone A
CUST01864,City Nursing Home,Pharmacy,Not Available,Ajmer,Rajasthan,India,237412.0,East,Zone D
CUST00956,Om Medical Store,Hospital,Om Medical Store,Mumbai,Maharashtra,India,348748.0,East,Zone D
CUST00738,Care Pharmacy,Pharmacy,Not Available,Surat,Gujarat,India,228136.0,West,Zone C
CUST02639,City Nursing Home,Wholesaler,Not Available,Kolkata,West Bengal,India,251504.0,Central,Zone D
CUST03697,National Medical Store,Wholesaler,Not Available,Other,Rajasthan,India,780165.0,South,Zone A
CUST00904,Om Pharmacy,Pharmacy,Not Available,Surat,Gujarat,India,730363.0,North,Zone A
CUST03798,Unknown,Hospital,Care Medical Store,Chennai,Tamil Nadu,India,179104.0,South,Zone D
CUST03011,Central Pharmacy,Pharmacy,Not Available,Bangalore,Karnataka,India,380598.0,Central,Zone A
CUST00144,Unknown,Hospital,Central Medical Store,Hyderabad,Telangana,India,702329.0,South,Zone A
CUST01694,Apex Hospital,Wholesaler,Not Available,Pune,Maharashtra,India,394235.0,North,Zone C
CUST01219,Central Healthcare,Retail,Not Available,Kolkata,West Bengal,India,388163.0,South,Zone B
CUST03228,Metro Medical Store,Pharmacy,Not Available,Other,Uttar Pradesh,India,684291.0,West,Zone A
CUST00418,Life Pharmacy,Retail,Not Available,Jodhpur,Rajasthan,India,460019.0,South,Zone B
CUST02518,National Medical Store,Wholesaler,Not Available,Jodhpur,Rajasthan,India,600967.0,North,Zone B
CUST00534,Shree Hospital,Wholesaler,Not Available,Lucknow,Uttar Pradesh,India,632879.0,North,Zone D
CUST00246,Wellness Nursing Home,Pharmacy,Not Available,Indore,Madhya Pradesh,India,,North,Zone C
CUST00710,Global Pharmacy,Pharmacy,Not Available,Kolkata,West Bengal,India,708576.0,Central,Zone D
CUST03490,Global Pharmacy,Wholesaler,Not Available,Delhi,Delhi,India,748492.0,South,Zone D
CUST02327,Prime Nursing Home,Wholesaler,Not Available,Bangalore,Karnataka,India,728491.0,Central,Zone C
CUST01837,Wellness Clinic,Clinic,Not Available,Kolkata,West Bengal,India,399671.0,Central,Zone C
CUST02061,Care Clinic,Retail,Not Available,Ajmer,Rajasthan,India,327773.0,East,Zone C
CUST02217,Unknown,Hospital,Global Drug House,Other,Uttar Pradesh,India,444414.0,South,Zone B
CUST01507,Shree Medical Store,Pharmacy,Not Available,Kota,Rajasthan,India,432391.0,West,Zone C
CUST03013,Global Healthcare,Hospital,Global Healthcare,Jaipur,Rajasthan,India,,North,Zone D
CUST02748,Rajdhani Medical Store,Wholesaler,Not Available,Chennai,Tamil Nadu,India,303745.0,Central,Zone A
CUST02191,Wellness Medical Store,Retail,Not Available,Bhopal,Madhya Pradesh,India,118469.0,North,Zone B
CUST00883,Metro Medical Store,Pharmacy,Not Available,Jodhpur,Rajasthan,India,741207.0,South,Zone D
CUST03864,Metro Clinic,Clinic,Not Available,Ahmedabad,Gujarat,India,134672.0,South,Zone A
CUST02126,Apex Pharmacy,Pharmacy,Not Available,Other,Delhi,India,719242.0,Central,Zone D
CUST01717,City Pharmacy,Retail,Not Available,Other,Rajasthan,India,759998.0,South,Zone D
CUST00759,Apex Drug House,Pharmacy,Not Available,Indore,Madhya Pradesh,India,679815.0,North,Zone A
CUST02824,Shree Nursing Home,Clinic,Not Available,Nagpur,Maharashtra,India,452490.0,East,Zone A
CUST03097,Metro Healthcare,Pharmacy,Not Available,Delhi,Delhi,India,169173.0,West,Zone C
CUST00763,Om Medical Store,Retail,Not Available,Indore,Madhya Pradesh,India,348027.0,North,Zone A
CUST00071,Unknown,Hospital,City Nursing Home,Bangalore,Karnataka,India,429414.0,Central,Zone B
CUST03382,Apex Pharmacy,Pharmacy,Not Available,Bangalore,Karnataka,India,779176.0,East,Zone C
CUST01465,City Nursing Home,Wholesaler,Not Available,Other,Karnataka,India,436611.0,East,Zone C
CUST00951,Shree Healthcare,Hospital,Shree Healthcare,Jodhpur,Rajasthan,India,,North,Zone C
CUST03443,Care Medical Store,Pharmacy,Not Available,Hyderabad,Telangana,India,325763.0,South,Zone D
CUST03487,Apex Healthcare,Hospital,Apex Healthcare,Ajmer,Rajasthan,India,285944.0,North,Zone A
CUST02292,Rajdhani Nursing Home,Retail,Not Available,Jaipur,Rajasthan,India,173055.0,North,Zone D
CUST01656,Rajdhani Hospital,Hospital,Rajdhani Hospital,Kota,Rajasthan,India,724014.0,Central,Zone D
CUST01428,Rajdhani Hospital,Clinic,Not Available,Indore,Madhya Pradesh,India,751462.0,South,Zone D
CUST01391,Prime Healthcare,Pharmacy,Not Available,Jodhpur,Rajasthan,India,638878.0,North,Zone D
CUST00865,Sunrise Nursing Home,Pharmacy,Not Available,Mumbai,Maharashtra,India,616122.0,East,Zone A
CUST00384,Central Hospital,Clinic,Not Available,Kolkata,West Bengal,India,334041.0,West,Zone D
CUST02553,Global Drug House,Pharmacy,Not Available,Udaipur,Rajasthan,India,641241.0,West,Zone B
CUST02006,Prime Hospital,Pharmacy,Not Available,Kota,Rajasthan,India,588617.0,Central,Zone B
CUST03211,Shree Drug House,Pharmacy,Not Available,Lucknow,Uttar Pradesh,India,380875.0,West,Zone B
CUST01834,Care Clinic,Retail,Not Available,Hyderabad,Telangana,India,465012.0,Central,Zone B
CUST02845,Apex Pharmacy,Pharmacy,Not Available,Mumbai,Maharashtra,India,,East,Zone A
CUST00395,Shanti Clinic,Pharmacy,Not Available,Mumbai,Maharashtra,India,565853.0,Central,Zone D
CUST00550,Sunrise Clinic,Clinic,Not Available,Other,Gujarat,India,116290.0,North,Zone C
CUST01773,Care Hospital,Pharmacy,Not Available,Jaipur,Rajasthan,India,525968.0,Central,Zone D
CUST01905,Shanti Medical Store,Hospital,Shanti Medical Store,Kolkata,West Bengal,India,422813.0,North,Zone D
CUST03144,City Healthcare,Wholesaler,Not Available,Chennai,Tamil Nadu,India,512002.0,South,Zone D
CUST01206,Sunrise Nursing Home,Retail,Not Available,Ahmedabad,Gujarat,India,205229.0,Central,Zone D
CUST02350,Green Hospital,Clinic,Not Available,Bangalore,Karnataka,India,732040.0,East,Zone A
CUST01341,Apex Drug House,Clinic,Not Available,Hyderabad,Telangana,India,458104.0,Central,Zone D
CUST00752,Om Pharmacy,Wholesaler,Not Available,Indore,Madhya Pradesh,India,455845.0,South,Zone C
CUST01999,Care Clinic,Wholesaler,Not Available,Bhopal,Madhya Pradesh,India,227641.0,West,Zone C
CUST01429,Wellness Clinic,Pharmacy,Not Available,Ajmer,Rajasthan,India,486754.0,South,Zone B
CUST02599,City Pharmacy,Wholesaler,Not Available,Bangalore,Karnataka,India,723869.0,Central,Zone D
CUST00762,Rajdhani Nursing Home,Pharmacy,Not Available,Hyderabad,Telangana,India,690980.0,West,Zone B
CUST03012,Care Healthcare,Hospital,Care Healthcare,Mumbai,Maharashtra,India,731063.0,East,Zone A
CUST00061,Prime Pharmacy,Pharmacy,Not Available,Jodhpur,Rajasthan,India,188465.0,East,Zone C
CUST00042,National Healthcare,Pharmacy,Not Available,Hyderabad,Telangana,India,196427.0,East,Zone D
CUST01065,Shree Pharmacy,Wholesaler,Not Available,Lucknow,Uttar Pradesh,India,147095.0,South,Zone B
CUST02043,Shanti Medical Store,Wholesaler,Not Available,Other,Rajasthan,India,642291.0,South,Zone B
CUST00537,Green Hospital,Pharmacy,Not Available,Ajmer,Rajasthan,India,184752.0,West,Zone B
CUST03431,Wellness Clinic,Clinic,Not Available,Ajmer,Rajasthan,India,380660.0,South,Zone D
CUST03717,Wellness Pharmacy,Clinic,Not Available,Mumbai,Maharashtra,India,171649.0,North,Zone B
CUST02846,National Clinic,Clinic,Not Available,Hyderabad,,India,125667.0,East,Zone B
CUST02431,Apex Medical Store,Pharmacy,Not Available,Ajmer,Rajasthan,India,672770.0,Central,Zone C
CUST03195,Central Nursing Home,Hospital,Central Nursing Home,Surat,Gujarat,India,757394.0,East,Zone C
CUST03846,Wellness Nursing Home,Wholesaler,Not Available,Lucknow,Uttar Pradesh,India,,South,Zone D
CUST03186,Wellness Pharmacy,Pharmacy,Not Available,Kolkata,West Bengal,India,514094.0,South,Zone A
CUST00432,Metro Healthcare,Pharmacy,Not Available,Other,Karnataka,India,731425.0,South,Zone B
CUST01743,Life Medical Store,Hospital,Life Medical Store,Hyderabad,Telangana,India,,South,Zone D
CUST00977,Rajdhani Healthcare,Pharmacy,Not Available,Kolkata,West Bengal,India,568299.0,South,Zone B
CUST00225,Life Medical Store,Pharmacy,Not Available,Mumbai,Maharashtra,India,284648.0,North,Zone A
CUST00510,Central Healthcare,Pharmacy,Not Available,Delhi,Delhi,India,,Central,Zone D
CUST02770,Green Medical Store,Hospital,Green Medical Store,Other,Rajasthan,India,661205.0,North,Zone D
CUST03605,Prime Nursing Home,Hospital,Prime Nursing Home,Other,Rajasthan,India,288952.0,Central,Zone A
CUST00840,Wellness Drug House,Clinic,Not Available,Hyderabad,Telangana,India,250297.0,West,Zone A
CUST03426,Shanti Hospital,Wholesaler,Not Available,Lucknow,Uttar Pradesh,India,287314.0,West,Zone A
CUST01252,Green Nursing Home,Wholesaler,Not Available,Other,Uttar Pradesh,India,294157.0,North,Zone C
CUST02986,Prime Pharmacy,Pharmacy,Not Available,Mumbai,Maharashtra,India,654824.0,Central,Zone B
CUST03941,Unknown,Wholesaler,Not Available,Nagpur,Maharashtra,India,426325.0,Central,Zone A
CUST02903,Care Healthcare,Retail,Not Available,Delhi,Delhi,India,451300.0,Central,Zone B
CUST00916,Metro Medical Store,Pharmacy,Not Available,Bhopal,Madhya Pradesh,India,289353.0,Central,Zone B
CUST00657,Care Drug House,Wholesaler,Not Available,Surat,Gujarat,India,685352.0,South,Zone B
CUST00128,Unknown,Pharmacy,Not Available,Bangalore,Karnataka,India,136521.0,East,Zone A
CUST03354,Green Pharmacy,Hospital,Green Pharmacy,Udaipur,Rajasthan,India,720295.0,North,Zone C
CUST02079,Life Nursing Home,Retail,Not Available,Jodhpur,Rajasthan,India,300832.0,North,Zone A
CUST03625,Wellness Healthcare,Pharmacy,Not Available,Other,Madhya Pradesh,India,545689.0,South,Zone A
CUST03343,Metro Hospital,Retail,Not Available,Chennai,Tamil Nadu,India,618817.0,West,Zone D
CUST03848,Shree Healthcare,Pharmacy,Not Available,Kolkata,Delhi,India,111816.0,West,Zone A
CUST03057,Green Healthcare,Hospital,Green Healthcare,Ahmedabad,Gujarat,India,492397.0,South,Zone C
CUST03119,Shree Hospital,Retail,Not Available,Hyderabad,Telangana,India,228374.0,West,Zone A
CUST03558,Sunrise Drug House,Pharmacy,Not Available,Bangalore,Karnataka,India,735308.0,West,Zone C
CUST03670,Life Nursing Home,Hospital,Life Nursing Home,Surat,Gujarat,India,401695.0,East,Zone C
CUST03776,Shree Medical Store,Pharmacy,Not Available,Jodhpur,Rajasthan,India,518212.0,South,Zone C
CUST01159,National Clinic,Pharmacy,Not Available,Hyderabad,Telangana,India,144298.0,North,Zone C
CUST01505,Global Hospital,Wholesaler,Not Available,Surat,Gujarat,India,728496.0,Central,Zone A
CUST03794,Wellness Clinic,Hospital,Not Available,Chennai,Tamil Nadu,India,,Central,Zone C
CUST03687,Shanti Medical Store,Hospital,Shanti Medical Store,Pune,Maharashtra,India,241619.0,East,Zone A
CUST00293,Global Nursing Home,Pharmacy,Not Available,Chennai,Tamil Nadu,India,367793.0,North,Zone A
CUST01608,Care Nursing Home,Hospital,Care Nursing Home,Ahmedabad,,India,299345.0,East,Zone D
CUST02542,Unknown,Clinic,Not Available,Indore,,India,467292.0,South,Zone D
CUST00895,Om Nursing Home,Wholesaler,Not Available,Other,Tamil Nadu,India,210098.0,South,Zone B
CUST02318,Metro Nursing Home,Hospital,Metro Nursing Home,Bhopal,,India,325656.0,West,Zone A
CUST03674,Shanti Clinic,Hospital,Shanti Clinic,Hyderabad,Telangana,India,676992.0,Central,Zone A
CUST03988,Shree Nursing Home,Pharmacy,Not Available,Nagpur,Maharashtra,India,773954.0,Central,Zone B
CUST01167,Metro Pharmacy,Wholesaler,Not Available,Udaipur,Rajasthan,India,679077.0,North,Zone D
CUST01412,Rajdhani Nursing Home,Pharmacy,Not Available,Surat,Gujarat,India,431052.0,Central,Zone A
CUST00928,Rajdhani Drug House,Pharmacy,Not Available,Surat,Gujarat,India,639464.0,South,Zone D
CUST03723,Shree Pharmacy,Pharmacy,Not Available,Chennai,Tamil Nadu,India,409126.0,East,Zone B
CUST03514,Apex Nursing Home,Pharmacy,Not Available,Kota,Rajasthan,India,,South,Zone D
CUST03049,Green Hospital,Pharmacy,Not Available,Surat,Gujarat,India,197424.0,North,Zone B
CUST03237,Shree Healthcare,Retail,Not Available,Kolkata,West Bengal,India,392392.0,South,Zone D
CUST02853,Global Pharmacy,Retail,Not Available,Kota,Rajasthan,India,250280.0,West,Zone B
CUST02852,Sunrise Pharmacy,Pharmacy,Not Available,Other,West Bengal,India,701939.0,South,Zone A
CUST00841,Unknown,Pharmacy,Not Available,Hyderabad,Telangana,India,252879.0,East,Zone D
CUST03619,Green Hospital,Pharmacy,Not Available,Lucknow,Uttar Pradesh,India,581923.0,Central,Zone C
CUST00471,Unknown,Clinic,Not Available,Mumbai,Maharashtra,India,454504.0,South,Zone D
CUST01296,Prime Medical Store,Retail,Not Available,Kolkata,West Bengal,India,,East,Zone D
CUST02413,Rajdhani Drug House,Pharmacy,Not Available,Ajmer,Rajasthan,India,599046.0,East,Zone C
CUST02304,Wellness Nursing Home,Wholesaler,Not Available,Ahmedabad,Gujarat,India,371723.0,West,Zone C
CUST01534,Global Healthcare,Pharmacy,Not Available,Delhi,Delhi,India,155040.0,East,Zone D
CUST03171,Global Pharmacy,Pharmacy,Not Available,Bhopal,Madhya Pradesh,India,328991.0,Central,Zone C
CUST02670,National Clinic,Pharmacy,Not Available,Ahmedabad,Gujarat,India,122263.0,North,Zone C
CUST00940,Global Nursing Home,Hospital,Global Nursing Home,Pune,Maharashtra,India,738359.0,Central,Zone A
CUST02587,Apex Drug House,Hospital,Apex Drug House,Ahmedabad,Gujarat,India,428121.0,South,Zone B
CUST01396,Shanti Hospital,Pharmacy,Not Available,Other,Maharashtra,India,420245.0,West,Zone C
CUST00237,Unknown,Clinic,Not Available,Hyderabad,Telangana,India,496904.0,South,Zone C
CUST00286,Shree Healthcare,Retail,Not Available,Bangalore,Karnataka,India,370388.0,North,Zone B
CUST00433,Sunrise Drug House,Hospital,Sunrise Drug House,Bhopal,Madhya Pradesh,India,147775.0,North,Zone B
CUST01315,Shree Healthcare,Hospital,Not Available,Chennai,Tamil Nadu,India,541870.0,East,Zone A
CUST02291,Green Hospital,Wholesaler,Not Available,Kolkata,West Bengal,India,,South,Zone C
CUST00339,Unknown,Hospital,City Pharmacy,Delhi,Delhi,India,435441.0,Central,Zone B
CUST01042,Global Clinic,Wholesaler,Not Available,Hyderabad,Telangana,India,791509.0,South,Zone C
CUST03676,Shanti Pharmacy,Clinic,Not Available,Kolkata,West Bengal,India,268294.0,South,Zone C
CUST02104,Sunrise Clinic,Hospital,Sunrise Clinic,Kota,Rajasthan,India,778656.0,West,Zone B
CUST00028,Wellness Drug House,Hospital,Not Available,Surat,Gujarat,INDIA,138754.0,North,Zone B
CUST00629,Green Clinic,Retail,Not Available,Surat,Gujarat,India,357995.0,West,Zone A
CUST01340,Metro Drug House,Hospital,Metro Drug House,Nagpur,Maharashtra,India,361446.0,Central,Zone C
CUST01439,Om Medical Store,Pharmacy,Not Available,Indore,Madhya Pradesh,India,585323.0,South,Zone A
CUST01207,Wellness Medical Store,Pharmacy,Not Available,Mumbai,Maharashtra,India,667559.0,West,Zone A
CUST02243,Rajdhani Clinic,Pharmacy,Not Available,Bhopal,Madhya Pradesh,India,172667.0,North,Zone D
CUST01735,City Pharmacy,Clinic,Not Available,Ahmedabad,Gujarat,India,668956.0,West,Zone C
CUST00652,Central Drug House,Hospital,Central Drug House,Hyderabad,Telangana,India,387914.0,East,Zone A
CUST03793,Unknown,Wholesaler,Not Available,Jaipur,Rajasthan,India,,South,Zone D
CUST03071,Care Pharmacy,Pharmacy,Not Available,Hyderabad,Telangana,India,230169.0,South,Zone D
CUST00961,Shree Hospital,Clinic,Not Available,Jodhpur,Rajasthan,India,657545.0,East,Zone C
CUST03939,Life Pharmacy,Hospital,Life Pharmacy,Ajmer,Rajasthan,India,772394.0,West,Zone D
CUST03599,Shree Healthcare,Wholesaler,Not Available,Udaipur,Rajasthan,India,706004.0,East,Zone B
CUST00466,Metro Drug House,Pharmacy,Not Available,Bhopal,Madhya Pradesh,India,701257.0,South,Zone A
CUST00390,City Hospital,Retail,Not Available,Nagpur,Maharashtra,India,384571.0,Central,Zone A
CUST00549,Sunrise Drug House,Pharmacy,Not Available,Kota,Rajasthan,India,305907.0,North,Zone B
CUST01624,Wellness Medical Store,Clinic,Not Available,Lucknow,Uttar Pradesh,India,221795.0,West,Zone C
CUST03570,Unknown,Pharmacy,Not Available,Bangalore,Karnataka,India,321461.0,Central,Zone D
CUST01376,Global Drug House,Clinic,Not Available,Ajmer,Rajasthan,India,609634.0,West,Zone B
CUST02843,Unknown,Hospital,Global Nursing Home,Indore,Madhya Pradesh,India,265889.0,East,Zone D
CUST02616,Unknown,Clinic,Not Available,Surat,Gujarat,India,169669.0,Central,Zone A
CUST00647,City Hospital,Pharmacy,Not Available,Udaipur,Rajasthan,India,780407.0,West,Zone A
CUST02597,National Nursing Home,Hospital,National Nursing Home,Indore,Madhya Pradesh,India,332272.0,North,Zone B
CUST02664,Care Clinic,Retail,Not Available,Pune,Maharashtra,India,771929.0,West,Zone C
CUST91689,City Hospital,Hospital,City Hospital,Kota,Rajasthan,India,,North,Zone A
CUST01300,Central Hospital,Pharmacy,Not Available,Jodhpur,Rajasthan,India,243939.0,South,Zone C
CUST02650,Prime Drug House,Pharmacy,Not Available,Bangalore,Karnataka,India,492666.0,West,Zone B
CUST03152,Central Hospital,Wholesaler,Not Available,Jaipur,Rajasthan,India,625455.0,Central,Zone C
CUST01625,Green Healthcare,Retail,Not Available,Bhopal,Madhya Pradesh,India,332516.0,East,Zone A
CUST01113,Sunrise Pharmacy,Retail,Not Available,Ajmer,Rajasthan,India,330144.0,South,Zone C
CUST00275,Green Nursing Home,Hospital,Green Nursing Home,Surat,Gujarat,India,709783.0,North,Zone C
CUST01731,National Medical Store,Wholesaler,Not Available,Delhi,Delhi,India,375098.0,East,Zone B
CUST01621,Om Drug House,Pharmacy,Not Available,Other,Tamil Nadu,India,339698.0,East,Zone D
CUST00765,City Medical Store,Pharmacy,Not Available,Chennai,Tamil Nadu,India,147262.0,South,Zone A
CUST01840,Apex Medical Store,Pharmacy,Not Available,Bangalore,Karnataka,India,440185.0,West,Zone B
CUST02974,Rajdhani Pharmacy,Pharmacy,Not Available,Pune,Maharashtra,India,469531.0,North,Zone C
CUST03238,City Drug House,Retail,Not Available,Chennai,Tamil Nadu,India,719035.0,West,Zone B
CUST01822,Apex Pharmacy,Wholesaler,Not Available,Kota,Rajasthan,India,405492.0,Central,Zone D
CUST00543,Unknown,Pharmacy,Not Available,Delhi,Delhi,India,307812.0,Central,Zone A
CUST00370,Care Medical Store,Pharmacy,Not Available,Jodhpur,Rajasthan,India,677428.0,East,Zone A
CUST00585,Wellness Drug House,Pharmacy,Not Available,Chennai,Tamil Nadu,India,275524.0,East,Zone C
CUST03153,National Pharmacy,Hospital,National Pharmacy,Bangalore,Karnataka,India,326602.0,North,Zone A
CUST02003,Rajdhani Pharmacy,Pharmacy,Not Available,Ajmer,Rajasthan,India,383246.0,Central,Zone D
CUST03476,Metro Medical Store,Wholesaler,Not Available,Hyderabad,Telangana,India,419021.0,East,Zone C
CUST00541,Apex Drug House,Hospital,Apex Drug House,Ahmedabad,Gujarat,India,145828.0,East,Zone C
CUST00248,Rajdhani Nursing Home,Clinic,Not Available,Ahmedabad,Gujarat,India,669130.0,South,Zone C
CUST02386,Apex Nursing Home,Wholesaler,Not Available,Ahmedabad,Gujarat,India,152169.0,West,Zone A
CUST01155,Sunrise Clinic,Wholesaler,Not Available,Nagpur,Maharashtra,India,440048.0,East,Zone A
CUST94937,Global Pharmacy,Pharmacy,Not Available,Other,,India,324448.0,East,Zone B
CUST03363,Om Pharmacy,Wholesaler,Not Available,Bhopal,Madhya Pradesh,India,223318.0,Central,Zone C
CUST02904,Metro Nursing Home,Pharmacy,Not Available,Delhi,Delhi,India,391784.0,West,Zone B
CUST00480,Metro Clinic,Clinic,Not Available,Other,Rajasthan,India,359319.0,South,Zone D
CUST03174,Om Healthcare,Retail,Not Available,Pune,Maharashtra,India,259504.0,Central,Zone A
CUST01149,Care Pharmacy,Hospital,Care Pharmacy,Hyderabad,Telangana,India,243805.0,North,Zone C
CUST03637,Life Clinic,Wholesaler,Not Available,Lucknow,Uttar Pradesh,India,,South,Zone D
CUST02811,Metro Medical Store,Wholesaler,Not Available,Bhopal,Madhya Pradesh,India,526295.0,North,Zone C
CUST01209,Green Clinic,Hospital,Green Clinic,Surat,Gujarat,India,299212.0,Central,Zone D
CUST00680,Green Hospital,Retail,Not Available,Ahmedabad,Gujarat,India,336222.0,East,Zone A
CUST01667,Green Clinic,Pharmacy,Not Available,Udaipur,,India,576247.0,South,Zone C
CUST03739,City Clinic,Wholesaler,Not Available,Indore,Madhya Pradesh,India,243539.0,South,Zone C
CUST03079,Apex Nursing Home,Hospital,Apex Nursing Home,Jaipur,Rajasthan,India,641164.0,South,Zone B
CUST03489,Shree Hospital,Retail,Not Available,Bangalore,Karnataka,India,306253.0,South,Zone C
CUST00190,City Medical Store,Retail,Not Available,Bangalore,Karnataka,India,496277.0,East,Zone D
CUST02420,Apex Medical Store,Clinic,Not Available,Nagpur,Maharashtra,India,795428.0,North,Zone B
CUST03292,Unknown,Pharmacy,Not Available,Other,Rajasthan,India,269269.0,North,Zone D
CUST02712,Sunrise Medical Store,Pharmacy,Not Available,Hyderabad,Telangana,India,486180.0,East,Zone B
CUST02630,Shree Nursing Home,Retail,Not Available,Other,Rajasthan,India,659350.0,Central,Zone D
CUST00456,Wellness Nursing Home,Pharmacy,Not Available,Ajmer,Rajasthan,India,724630.0,South,Zone B
CUST02653,Prime Drug House,Clinic,Not Available,Nagpur,Maharashtra,India,517204.0,West,Zone A
CUST00536,Green Clinic,Wholesaler,Not Available,Chennai,Tamil Nadu,India,508415.0,North,Zone C
CUST03441,Om Healthcare,Retail,Not Available,Jaipur,Rajasthan,India,,Central,Zone C
CUST02882,Om Nursing Home,Hospital,Om Nursing Home,Other,Telangana,India,664526.0,West,Zone A
CUST03059,Green Medical Store,Clinic,Not Available,Jodhpur,Rajasthan,India,168170.0,Central,Zone B
CUST03872,Central Pharmacy,Pharmacy,Not Available,Mumbai,Maharashtra,India,789564.0,East,Zone A
CUST00137,Rajdhani Hospital,Pharmacy,Not Available,Chennai,Tamil Nadu,India,,West,Zone B
CUST02456,Green Healthcare,Retail,Not Available,Other,Delhi,India,297273.0,East,Zone D
CUST01984,Care Medical Store,Wholesaler,Not Available,Ajmer,Rajasthan,India,477534.0,East,Zone A
CUST02107,Central Healthcare,Wholesaler,Not Available,Ahmedabad,Gujarat,India,272787.0,Central,Zone D
CUST01364,Rajdhani Hospital,Pharmacy,Not Available,Bhopal,,India,195480.0,West,Zone A
CUST03494,Life Clinic,Retail,Not Available,Lucknow,Uttar Pradesh,India,209818.0,West,Zone C
CUST02669,Shanti Clinic,Pharmacy,Not Available,Indore,,India,,East,Zone A
CUST03020,Shree Nursing Home,Pharmacy,Not Available,Ajmer,Rajasthan,India,789392.0,West,Zone A
CUST01409,Prime Nursing Home,Hospital,Not Available,Surat,Gujarat,India,512440.0,Central,Zone A
CUST03107,Metro Pharmacy,Pharmacy,Not Available,Indore,Madhya Pradesh,India,129338.0,East,Zone C
CUST01085,Shanti Drug House,Retail,Not Available,Kota,Rajasthan,India,350519.0,East,Zone A
CUST03483,Om Pharmacy,Wholesaler,Not Available,Ahmedabad,Gujarat,India,734237.0,East,Zone A
CUST01108,Prime Nursing Home,Pharmacy,Not Available,Mumbai,Maharashtra,India,400689.0,Central,Zone C
CUST00831,Apex Nursing Home,Pharmacy,Not Available,Chennai,Tamil Nadu,India,342273.0,North,Zone C
CUST02644,National Clinic,Clinic,Not Available,Ahmedabad,Gujarat,India,156083.0,Central,Zone C
CUST00284,Shree Nursing Home,Retail,Not Available,Lucknow,Uttar Pradesh,India,645629.0,West,Zone B
CUST03766,Shanti Clinic,Clinic,Not Available,Delhi,Delhi,India,317951.0,East,Zone A
CUST01278,Prime Clinic,Retail,Not Available,Mumbai,Maharashtra,India,,East,Zone B
CUST03573,Global Healthcare,Retail,Not Available,Nagpur,Maharashtra,India,429067.0,North,Zone C
CUST03353,National Clinic,Pharmacy,Not Available,Pune,Maharashtra,India,,South,Zone B
CUST01829,Rajdhani Clinic,Pharmacy,Not Available,Udaipur,Rajasthan,India,412759.0,Central,Zone C
CUST02272,Green Drug House,Wholesaler,Not Available,Indore,Madhya Pradesh,India,767790.0,South,Zone A
CUST00811,Prime Nursing Home,Retail,Not Available,Other,Madhya Pradesh,India,308811.0,Central,Zone D
CUST01343,City Clinic,Wholesaler,Not Available,Bangalore,Karnataka,India,131700.0,North,Zone C
CUST00322,Shree Pharmacy,Wholesaler,Not Available,Kota,Rajasthan,India,262888.0,South,Zone D
CUST02817,Central Drug House,Retail,Not Available,Kolkata,West Bengal,India,396227.0,East,Zone A
CUST01780,Rajdhani Hospital,Hospital,Rajdhani Hospital,Nagpur,Maharashtra,India,203816.0,West,Zone C
CUST03173,Care Medical Store,Pharmacy,Not Available,Udaipur,Rajasthan,India,304514.0,West,Zone B
CUST03407,Care Medical Store,Hospital,Care Medical Store,Chennai,Tamil Nadu,India,733516.0,Central,Zone A
CUST01817,Central Drug House,Clinic,Not Available,Kolkata,,India,289283.0,South,Zone D
CUST00169,Central Healthcare,Hospital,Central Healthcare,Delhi,,India,748394.0,Central,Zone C
CUST03482,Unknown,Hospital,Green Healthcare,Jodhpur,Rajasthan,India,319841.0,East,Zone C
CUST00255,City Medical Store,Pharmacy,Not Available,Jaipur,Rajasthan,India,775635.0,South,Zone D
CUST02394,Unknown,Clinic,Not Available,Lucknow,Uttar Pradesh,India,736786.0,Central,Zone B
CUST03110,Wellness Clinic,Hospital,Wellness Clinic,Kolkata,West Bengal,India,408595.0,Central,Zone A
CUST00774,Wellness Nursing Home,Wholesaler,Not Available,Surat,Gujarat,India,306497.0,North,Zone C
CUST03986,City Healthcare,Pharmacy,Not Available,Bhopal,,India,528565.0,West,Zone B
CUST03075,Care Healthcare,Clinic,Not Available,Surat,Gujarat,India,759912.0,East,Zone D
CUST03947,Care Healthcare,Retail,Not Available,Udaipur,Rajasthan,India,224231.0,East,Zone B
CUST03942,Apex Nursing Home,Pharmacy,Not Available,Bangalore,Karnataka,India,374090.0,West,Zone C
CUST03566,Unknown,Pharmacy,Not Available,Hyderabad,Telangana,India,491088.0,South,Zone A
CUST03543,Unknown,Pharmacy,Not Available,Chennai,Tamil Nadu,India,137705.0,East,Zone C
CUST03796,City Drug House,Pharmacy,Not Available,Ajmer,Rajasthan,India,588994.0,West,Zone C
CUST03792,Global Hospital,Retail,Not Available,Surat,Gujarat,India,253037.0,West,Zone D
CUST02148,Central Pharmacy,Hospital,Central Pharmacy,Lucknow,Uttar Pradesh,India,,South,Zone C
CUST02299,Om Healthcare,Wholesaler,Not Available,Ahmedabad,Gujarat,India,420744.0,West,Zone D
CUST00477,Om Nursing Home,Pharmacy,Not Available,Pune,Maharashtra,India,356842.0,East,Zone A
CUST02535,City Pharmacy,Hospital,City Pharmacy,Udaipur,Rajasthan,India,345296.0,Central,Zone A
CUST00092,Global Drug House,Wholesaler,Not Available,Indore,Madhya Pradesh,India,670127.0,Central,Zone B
CUST00041,Apex Healthcare,Pharmacy,Not Available,Other,Rajasthan,India,339672.0,South,Zone B
CUST03251,Shree Hospital,Pharmacy,Not Available,Ahmedabad,Gujarat,India,,South,Zone B
CUST02567,Shanti Healthcare,Hospital,Shanti Healthcare,Bangalore,Karnataka,India,253045.0,East,Zone A
CUST00696,Apex Drug House,Retail,Not Available,Kota,Rajasthan,India,272848.0,West,Zone C
CUST03307,Om Pharmacy,Pharmacy,Not Available,Pune,Maharashtra,India,799498.0,West,Zone B
CUST01165,Apex Nursing Home,Pharmacy,Not Available,Surat,Gujarat,India,408911.0,North,Zone B
CUST01354,City Healthcare,Hospital,City Healthcare,Ajmer,Rajasthan,India,424780.0,West,Zone D
CUST03377,Shanti Hospital,Pharmacy,Not Available,Kolkata,West Bengal,India,586231.0,East,Zone A
CUST03274,Global Nursing Home,Pharmacy,Not Available,Kolkata,West Bengal,India,413386.0,North,Zone D
CUST02528,Green Drug House,Wholesaler,Not Available,Delhi,Delhi,India,546334.0,West,Zone B
CUST00087,City Hospital,Pharmacy,Not Available,Kota,Rajasthan,India,658269.0,Central,Zone C
CUST01698,Wellness Nursing Home,Clinic,Not Available,Other,Gujarat,India,290329.0,West,Zone A
CUST01736,Unknown,Wholesaler,Not Available,Jodhpur,Rajasthan,India,221297.0,South,Zone D
CUST01669,Central Hospital,Pharmacy,Not Available,Kolkata,West Bengal,India,191637.0,Central,Zone D
CUST00707,Wellness Medical Store,Pharmacy,Not Available,Hyderabad,Telangana,India,181770.0,North,Zone A
CUST01322,Shanti Medical Store,Hospital,Shanti Medical Store,Surat,Gujarat,India,,East,Zone A
CUST03765,Metro Nursing Home,Hospital,Metro Nursing Home,Nagpur,Maharashtra,India,140204.0,East,Zone A
CUST02671,Sunrise Nursing Home,Retail,Not Available,Bhopal,Madhya Pradesh,India,775038.0,North,Zone A
CUST01723,City Medical Store,Retail,Not Available,Jodhpur,Rajasthan,India,530431.0,South,Zone C
CUST00067,Apex Clinic,Pharmacy,Not Available,Surat,Gujarat,India,534697.0,South,Zone D
CUST01222,Shree Hospital,Pharmacy,Not Available,Udaipur,Rajasthan,India,468875.0,East,Zone B
CUST00290,Care Drug House,Retail,Not Available,Lucknow,Uttar Pradesh,India,616987.0,South,Zone A
CUST02926,Life Drug House,Hospital,Life Drug House,Other,Tamil Nadu,India,356960.0,Central,Zone B
CUST02787,Om Nursing Home,Pharmacy,Not Available,Jodhpur,Rajasthan,India,639142.0,Central,Zone B
CUST02790,Care Clinic,Hospital,Care Clinic,Ajmer,Rajasthan,India,218073.0,North,Zone A
CUST01140,Shanti Drug House,Retail,Not Available,Kota,Rajasthan,India,565493.0,North,Zone D
CUST03342,Shanti Healthcare,Wholesaler,Not Available,Kota,Rajasthan,India,753953.0,South,Zone D
CUST01811,Unknown,Pharmacy,Not Available,Kolkata,West Bengal,India,683930.0,Central,Zone D
CUST00295,Shree Hospital,Pharmacy,Not Available,Mumbai,Maharashtra,India,117221.0,Central,Zone B
CUST01453,Life Healthcare,Pharmacy,Not Available,Bangalore,Karnataka,India,672785.0,North,Zone D
CUST02363,Shanti Medical Store,Pharmacy,Not Available,Nagpur,Maharashtra,India,473447.0,West,Zone A
CUST03232,Wellness Pharmacy,Pharmacy,Not Available,Bhopal,Madhya Pradesh,India,780105.0,East,Zone B
CUST02198,Sunrise Hospital,Pharmacy,Not Available,Udaipur,Rajasthan,India,604340.0,South,Zone A
CUST01494,Shree Drug House,Wholesaler,Not Available,Surat,,India,730836.0,West,Zone C
CUST00089,Wellness Pharmacy,Pharmacy,Not Available,Delhi,Delhi,India,653989.0,West,Zone A
CUST01828,Om Drug House,Hospital,Om Drug House,Chennai,Tamil Nadu,India,754936.0,Central,Zone D
CUST00118,Om Medical Store,Pharmacy,Not Available,Bhopal,Madhya Pradesh,India,149008.0,West,Zone B
CUST02552,Green Medical Store,Pharmacy,Not Available,Bhopal,Madhya Pradesh,India,377411.0,West,Zone C
CUST03056,Unknown,Hospital,Green Pharmacy,Ahmedabad,Gujarat,India,316551.0,North,Zone B
CUST00664,Metro Pharmacy,Hospital,Metro Pharmacy,Nagpur,Maharashtra,India,715128.0,North,Zone D
CUST01906,National Nursing Home,Pharmacy,Not Available,Kolkata,West Bengal,India,459040.0,East,Zone C
CUST00805,Global Healthcare,Pharmacy,Not Available,Indore,Madhya Pradesh,India,188333.0,East,Zone A
CUST00848,Shree Hospital,Hospital,Shree Hospital,Udaipur,Rajasthan,India,501187.0,Central,Zone D
CUST02962,Sunrise Drug House,Wholesaler,Not Available,Kolkata,West Bengal,India,534952.0,South,Zone B
CUST03125,Sunrise Hospital,Pharmacy,Not Available,Indore,,India,350921.0,Central,Zone B
CUST01422,Shree Healthcare,Pharmacy,Not Available,Jodhpur,Rajasthan,India,296011.0,Central,Zone D
CUST01383,Metro Hospital,Pharmacy,Not Available,Chennai,Tamil Nadu,India,328359.0,Central,Zone D
CUST00913,Prime Nursing Home,Pharmacy,Not Available,Bangalore,Karnataka,India,614652.0,West,Zone B
CUST03720,Wellness Drug House,Wholesaler,Not Available,Lucknow,Uttar Pradesh,India,473330.0,East,Zone C
CUST00600,Care Drug House,Wholesaler,Not Available,Jodhpur,Rajasthan,India,293842.0,South,Zone B
CUST00973,Life Nursing Home,Wholesaler,Not Available,Udaipur,Rajasthan,India,213239.0,East,Zone B
CUST02412,Unknown,Retail,Not Available,Kolkata,West Bengal,India,522517.0,West,Zone B
CUST03009,Unknown,Clinic,Not Available,Hyderabad,Telangana,India,573463.0,Central,Zone A
CUST02538,Sunrise Pharmacy,Clinic,Not Available,Indore,Madhya Pradesh,India,458061.0,West,Zone D
CUST90928,Prime Healthcare,Hospital,Prime Healthcare,Kota,Rajasthan,India,580444.0,Central,Zone C
CUST02808,Om Medical Store,Pharmacy,Not Available,Delhi,Delhi,India,718660.0,South,Zone B
CUST01368,Prime Medical Store,Wholesaler,Not Available,Surat,Gujarat,India,712829.0,North,Zone A
CUST02740,National Clinic,Clinic,Not Available,Kota,Rajasthan,India,792840.0,East,Zone D
CUST03699,Green Clinic,Hospital,Green Clinic,Ajmer,Rajasthan,India,372758.0,East,Zone A
CUST01091,Metro Pharmacy,Hospital,Metro Pharmacy,Nagpur,Maharashtra,India,628329.0,South,Zone A
CUST02551,Sunrise Clinic,Retail,Not Available,Surat,Gujarat,India,361118.0,West,Zone B
CUST02857,Central Hospital,Wholesaler,Not Available,Hyderabad,Telangana,India,359356.0,East,Zone C
CUST02341,Apex Pharmacy,Pharmacy,Not Available,Kota,Rajasthan,India,220508.0,North,Zone B
CUST00972,Shanti Clinic,Hospital,Shanti Clinic,Other,Rajasthan,India,479770.0,East,Zone B
CUST01041,Shree Clinic,Pharmacy,Not Available,Lucknow,Uttar Pradesh,India,595598.0,West,Zone A
CUST02405,Sunrise Medical Store,Pharmacy,Not Available,Ahmedabad,Gujarat,India,313538.0,East,Zone B
CUST01969,Rajdhani Drug House,Clinic,Not Available,Other,Rajasthan,India,716394.0,South,Zone A
CUST02135,Central Hospital,Pharmacy,Not Available,Surat,Gujarat,India,156249.0,North,Zone A
CUST01763,City Pharmacy,Retail,Not Available,Bangalore,Karnataka,India,406360.0,West,Zone D
CUST01460,Rajdhani Medical Store,Hospital,Rajdhani Medical Store,Jaipur,Rajasthan,India,291926.0,West,Zone B
CUST01151,Prime Pharmacy,Pharmacy,Not Available,Other,Delhi,India,351197.0,North,Zone A
CUST00787,Global Clinic,Pharmacy,Not Available,Chennai,Tamil Nadu,India,480829.0,South,Zone C
CUST03313,Om Healthcare,Pharmacy,Not Available,Pune,Maharashtra,India,649113.0,Central,Zone D
CUST03694,Apex Clinic,Wholesaler,Not Available,Nagpur,Maharashtra,India,404256.0,East,Zone A
CUST03254,Wellness Nursing Home,Pharmacy,Not Available,Bhopal,Madhya Pradesh,India,221890.0,North,Zone A
CUST00271,Om Nursing Home,Pharmacy,Not Available,Other,Karnataka,India,498467.0,East,Zone C
CUST01749,Apex Clinic,Retail,Not Available,Delhi,Delhi,India,732206.0,South,Zone C
CUST01571,Unknown,Pharmacy,Not Available,Indore,Madhya Pradesh,India,646203.0,East,Zone A
CUST01267,Sunrise Healthcare,Clinic,Not Available,Surat,Gujarat,India,356211.0,East,Zone D
CUST00336,Prime Nursing Home,Retail,Not Available,Other,Maharashtra,India,145979.0,West,Zone C
CUST01807,Metro Nursing Home,Pharmacy,Not Available,Surat,Gujarat,India,710071.0,North,Zone B
CUST03518,City Nursing Home,Clinic,Not Available,Delhi,Delhi,India,223306.0,Central,Zone D
CUST02086,Central Medical Store,Pharmacy,Not Available,Udaipur,Rajasthan,India,285022.0,East,Zone B
CUST99125,Care Healthcare,Hospital,Care Healthcare,Bangalore,Karnataka,India,792914.0,North,Zone D
CUST01242,National Drug House,Clinic,Not Available,Hyderabad,Telangana,India,234200.0,East,Zone B
CUST01775,Om Nursing Home,Hospital,Om Nursing Home,Kota,Rajasthan,India,128501.0,West,Zone D
CUST03129,Rajdhani Nursing Home,Pharmacy,Not Available,Ahmedabad,Gujarat,India,497292.0,South,Zone B
CUST02746,Care Healthcare,Pharmacy,Not Available,Bangalore,Karnataka,India,660350.0,West,Zone B
CUST02226,Care Nursing Home,Wholesaler,Not Available,Udaipur,Rajasthan,India,260966.0,East,Zone A
CUST03141,Unknown,Pharmacy,Not Available,Hyderabad,Telangana,India,401890.0,North,Zone C
CUST00715,Om Drug House,Hospital,Om Drug House,Udaipur,Rajasthan,India,270223.0,East,Zone B
CUST01924,City Medical Store,Pharmacy,Not Available,Chennai,Tamil Nadu,India,640249.0,West,Zone A
CUST03934,Sunrise Nursing Home,Retail,Not Available,Nagpur,Maharashtra,India,270147.0,East,Zone D
CUST02188,Apex Nursing Home,Retail,Not Available,Indore,Madhya Pradesh,India,722484.0,North,Zone D
CUST03256,Central Pharmacy,Hospital,Central Pharmacy,Other,Tamil Nadu,India,498731.0,West,Zone C
CUST02246,Shree Hospital,Hospital,Not Available,Nagpur,,India,356442.0,West,Zone B
CUST01015,Green Medical Store,Retail,Not Available,Jaipur,Rajasthan,India,207203.0,North,Zone C
CUST03047,Green Medical Store,Wholesaler,Not Available,Kolkata,West Bengal,India,657656.0,West,Zone A
CUST00161,Life Pharmacy,Retail,Not Available,Other,Rajasthan,India,433304.0,Central,Zone B
CUST03703,Om Nursing Home,Pharmacy,Not Available,Other,Tamil Nadu,India,189072.0,West,Zone C
CUST00546,Apex Pharmacy,Pharmacy,Not Available,Bhopal,Madhya Pradesh,India,367006.0,North,Zone B
CUST00503,Sunrise Nursing Home,Hospital,Sunrise Nursing Home,Kolkata,West Bengal,India,660645.0,Central,Zone C
CUST01020,Apex Medical Store,Clinic,Not Available,Jaipur,Rajasthan,India,510053.0,West,Zone A
CUST02834,Unknown,Pharmacy,Not Available,Kolkata,West Bengal,India,791987.0,North,Zone C
CUST00941,Unknown,Hospital,Global Medical Store,Indore,Madhya Pradesh,India,460314.0,West,Zone B
CUST01765,City Medical Store,Pharmacy,Not Available,Bangalore,Karnataka,India,148289.0,North,Zone C
CUST01940,Prime Hospital,Clinic,Not Available,Chennai,Tamil Nadu,India,788099.0,Central,Zone B
CUST00018,Central Drug House,Pharmacy,Not Available,Udaipur,Rajasthan,India,589247.0,South,Zone C
CUST03026,Wellness Drug House,Wholesaler,Not Available,Other,Uttar Pradesh,India,598101.0,Central,Zone D
CUST02156,Care Drug House,Retail,Not Available,Surat,,India,690300.0,Central,Zone A
CUST02049,Central Drug House,Pharmacy,Not Available,Jodhpur,Rajasthan,India,177354.0,North,Zone A
CUST01503,Central Healthcare,Wholesaler,Not Available,Indore,Madhya Pradesh,India,709973.0,West,Zone D
CUST03067,City Drug House,Pharmacy,Not Available,Other,Rajasthan,India,111524.0,East,Zone A
CUST00806,Green Hospital,Pharmacy,Not Available,Ajmer,,India,377990.0,South,Zone C
CUST02694,Green Drug House,Pharmacy,Not Available,Udaipur,Rajasthan,India,601301.0,Central,Zone C
CUST03835,Global Clinic,Clinic,Not Available,Kota,Rajasthan,India,217914.0,East,Zone D
CUST02484,Shanti Clinic,Pharmacy,Not Available,Kolkata,West Bengal,India,700925.0,Central,Zone A
CUST03970,Metro Hospital,Clinic,Not Available,Indore,Madhya Pradesh,India,674145.0,Central,Zone D
CUST00182,Wellness Healthcare,Pharmacy,Not Available,Ahmedabad,Gujarat,India,326125.0,South,Zone B
CUST03568,Care Healthcare,Pharmacy,Not Available,Kota,Rajasthan,India,151821.0,West,Zone C
CUST01388,Green Drug House,Clinic,Not Available,Other,Gujarat,India,577242.0,South,Zone D
CUST00497,Prime Nursing Home,Hospital,Prime Nursing Home,Other,Rajasthan,India,400884.0,West,Zone A
CUST01055,Rajdhani Drug House,Pharmacy,Not Available,Jodhpur,Rajasthan,India,137350.0,East,Zone A
CUST01729,Global Drug House,Clinic,Not Available,Indore,Madhya Pradesh,India,,North,Zone D
CUST01269,Metro Pharmacy,Pharmacy,Not Available,Bangalore,Karnataka,India,387675.0,South,Zone D
CUST00801,Apex Healthcare,Pharmacy,Not Available,Chennai,Tamil Nadu,India,348294.0,West,Zone D
CUST01334,Global Clinic,Pharmacy,Not Available,Jaipur,Rajasthan,India,716019.0,West,Zone C
CUST02800,City Pharmacy,Retail,Not Available,Ajmer,Rajasthan,India,403707.0,West,Zone D
CUST03603,Sunrise Medical Store,Pharmacy,Not Available,Other,Gujarat,India,457295.0,Central,Zone B
CUST01947,Sunrise Hospital,Pharmacy,Not Available,Bhopal,Madhya Pradesh,India,738431.0,West,Zone D
CUST03868,City Drug House,Hospital,City Drug House,Ajmer,Rajasthan,India,,East,Zone D
CUST00059,Om Healthcare,Pharmacy,Not Available,Lucknow,Uttar Pradesh,India,464075.0,East,Zone D
CUST01075,Rajdhani Medical Store,Wholesaler,Not Available,Surat,Gujarat,India,607397.0,North,Zone A
CUST00243,Life Nursing Home,Hospital,Life Nursing Home,Udaipur,Rajasthan,India,203378.0,East,Zone C
CUST03825,Sunrise Healthcare,Pharmacy,Not Available,Kolkata,West Bengal,India,647777.0,East,Zone B
CUST03581,Unknown,Pharmacy,Not Available,Surat,Gujarat,India,487961.0,Central,Zone D
CUST01398,Prime Drug House,Hospital,Prime Drug House,Kota,Rajasthan,India,221545.0,West,Zone D
CUST01680,Central Nursing Home,Pharmacy,Not Available,Pune,Maharashtra,India,713247.0,North,Zone A
CUST00604,Life Drug House,Retail,Not Available,Other,Rajasthan,India,788187.0,East,Zone B
CUST00851,Wellness Drug House,Pharmacy,Not Available,Other,Madhya Pradesh,India,459165.0,South,Zone D
CUST01933,National Healthcare,Hospital,National Healthcare,Bangalore,,India,203723.0,South,Zone A
CUST03048,Rajdhani Nursing Home,Clinic,Not Available,Udaipur,Rajasthan,India,292160.0,North,Zone D
CUST01696,Metro Hospital,Pharmacy,Not Available,Bhopal,Madhya Pradesh,India,691535.0,East,Zone C
CUST01241,Wellness Clinic,Retail,Not Available,Udaipur,Rajasthan,India,500635.0,North,Zone C
CUST01018,Prime Medical Store,Pharmacy,Not Available,Indore,,India,427100.0,East,Zone A
CUST02222,Green Clinic,Clinic,Not Available,Jaipur,Rajasthan,India,763581.0,South,Zone C
CUST03188,City Clinic,Retail,Not Available,Other,Telangana,India,765718.0,Central,Zone A
CUST02555,Unknown,Wholesaler,Not Available,Mumbai,Maharashtra,India,150372.0,North,Zone A
CUST03750,Global Hospital,Pharmacy,Not Available,Surat,Gujarat,India,572576.0,North,Zone C
CUST01570,Prime Healthcare,Retail,Not Available,Indore,Madhya Pradesh,India,112601.0,Central,Zone A
CUST02495,Rajdhani Medical Store,Pharmacy,Not Available,Other,West Bengal,India,520647.0,East,Zone C
CUST00712,Shanti Hospital,Pharmacy,Not Available,Lucknow,Uttar Pradesh,India,327426.0,Central,Zone B
CUST00618,City Healthcare,Hospital,City Healthcare,Chennai,Tamil Nadu,India,324154.0,West,Zone C
CUST00348,Sunrise Drug House,Wholesaler,Not Available,Indore,Madhya Pradesh,India,381812.0,West,Zone A
CUST03871,Unknown,Retail,Not Available,Kolkata,West Bengal,India,552321.0,Central,Zone C
CUST03887,National Clinic,Hospital,National Clinic,Bhopal,Madhya Pradesh,India,624115.0,East,Zone D
CUST01163,Wellness Nursing Home,Clinic,Not Available,Ajmer,Rajasthan,India,246475.0,South,Zone C
CUST02798,Life Hospital,Hospital,Life Hospital,Other,West Bengal,India,214910.0,East,Zone C
CUST03244,Sunrise Drug House,Hospital,Sunrise Drug House,Hyderabad,Telangana,India,671559.0,North,Zone A
CUST01244,Om Medical Store,Pharmacy,Not Available,Hyderabad,Telangana,India,382722.0,Central,Zone B
CUST03679,Life Pharmacy,Wholesaler,Not Available,Bhopal,Madhya Pradesh,India,,Central,Zone D
CUST02039,City Pharmacy,Pharmacy,Not Available,Hyderabad,Telangana,India,466966.0,North,Zone C
CUST01939,Wellness Medical Store,Wholesaler,Not Available,Nagpur,Maharashtra,India,384181.0,West,Zone A
CUST02163,Sunrise Healthcare,Hospital,Sunrise Healthcare,Jodhpur,Rajasthan,India,580486.0,East,Zone C
CUST03206,Life Nursing Home,Clinic,Not Available,Kota,Rajasthan,India,767120.0,East,Zone C
CUST00631,Om Healthcare,Pharmacy,Not Available,Other,Rajasthan,India,720881.0,Central,Zone A
CUST01245,Rajdhani Clinic,Pharmacy,Not Available,Lucknow,Uttar Pradesh,India,625264.0,Central,Zone D
CUST01958,Shree Hospital,Wholesaler,Not Available,Other,Madhya Pradesh,India,494944.0,South,Zone B
CUST02571,Global Pharmacy,Pharmacy,Not Available,Ajmer,Rajasthan,India,322084.0,Central,Zone A
CUST02261,Shree Medical Store,Pharmacy,Not Available,Other,Madhya Pradesh,India,662300.0,South,Zone C
CUST00678,Shree Hospital,Clinic,Not Available,Kota,Rajasthan,India,207300.0,North,Zone C
CUST03607,Central Clinic,Pharmacy,Not Available,Kolkata,West Bengal,India,440392.0,North,Zone B
CUST00176,City Nursing Home,Hospital,City Nursing Home,Udaipur,Rajasthan,India,188085.0,Central,Zone C
CUST02684,Shanti Medical Store,Pharmacy,Not Available,Kota,Rajasthan,India,729066.0,Central,Zone A
CUST01239,Unknown,Pharmacy,Not Available,Mumbai,Maharashtra,India,684812.0,North,Zone B
CUST00948,Sunrise Hospital,Retail,Not Available,Pune,Maharashtra,India,520077.0,North,Zone C
CUST00249,Wellness Healthcare,Pharmacy,Not Available,Lucknow,Uttar Pradesh,India,231626.0,South,Zone A
CUST01718,Global Medical Store,Pharmacy,Not Available,Other,Madhya Pradesh,India,299484.0,North,Zone C
CUST00163,Green Nursing Home,Wholesaler,Not Available,Jaipur,Rajasthan,India,453773.0,South,Zone C
CUST01146,Unknown,Pharmacy,Not Available,Pune,Maharashtra,India,393577.0,Central,Zone A
CUST03050,Rajdhani Healthcare,Wholesaler,Not Available,Bangalore,Karnataka,India,,West,Zone D
CUST02375,Shree Clinic,Clinic,Not Available,Bangalore,Karnataka,India,,North,Zone A
CUST03422,Om Drug House,Clinic,Not Available,Ahmedabad,Gujarat,India,661502.0,South,Zone A
CUST00419,Metro Medical Store,Pharmacy,Not Available,Mumbai,Maharashtra,India,413891.0,East,Zone C
CUST00065,National Drug House,Pharmacy,Not Available,Other,Gujarat,India,537284.0,West,Zone A
CUST00634,Unknown,Pharmacy,Not Available,Kolkata,West Bengal,India,309266.0,South,Zone C
CUST00603,Wellness Nursing Home,Hospital,Wellness Nursing Home,Pune,Maharashtra,India,,South,Zone C
CUST02536,Om Drug House,Hospital,Om Drug House,Chennai,Tamil Nadu,India,463298.0,Central,Zone C
CUST02728,Life Nursing Home,Retail,Not Available,Jaipur,Rajasthan,India,254562.0,East,Zone C
CUST03393,Life Clinic,Pharmacy,Not Available,Jodhpur,Rajasthan,India,613364.0,West,Zone D
CUST03571,Metro Healthcare,Pharmacy,Not Available,Surat,Gujarat,India,539791.0,East,Zone A
CUST00328,Rajdhani Medical Store,Pharmacy,Not Available,Delhi,Delhi,India,705790.0,South,Zone D
CUST01616,Apex Nursing Home,Wholesaler,Not Available,Bhopal,Madhya Pradesh,India,495724.0,North,Zone C
CUST02615,Unknown,Pharmacy,Not Available,Lucknow,Uttar Pradesh,India,542765.0,East,Zone C
CUST03524,Metro Medical Store,Hospital,Metro Medical Store,Udaipur,Rajasthan,India,351418.0,East,Zone B
CUST01859,Rajdhani Medical Store,Clinic,Not Available,Delhi,Delhi,India,751561.0,West,Zone D
CUST01458,Global Healthcare,Clinic,Not Available,Jodhpur,Rajasthan,India,740384.0,East,Zone C
CUST03346,City Pharmacy,Pharmacy,Not Available,Chennai,Tamil Nadu,India,210129.0,Central,Zone B
CUST01578,Shree Healthcare,Pharmacy,Not Available,Indore,Madhya Pradesh,India,685633.0,South,Zone B
CUST02309,Sunrise Drug House,Retail,Not Available,Jaipur,Rajasthan,India,543396.0,North,Zone A
CUST02617,Rajdhani Healthcare,Pharmacy,Not Available,Other,Rajasthan,India,794860.0,North,Zone A
CUST03051,Prime Clinic,Clinic,Not Available,Nagpur,Maharashtra,India,335171.0,Central,Zone A
CUST02355,Life Healthcare,Clinic,Not Available,Indore,Madhya Pradesh,India,292790.0,Central,Zone C
CUST01463,Central Healthcare,Pharmacy,Not Available,Bhopal,,India,775833.0,East,Zone C
CUST00119,Om Clinic,Clinic,Not Available,Indore,Madhya Pradesh,India,743129.0,South,Zone D
CUST03716,Green Drug House,Pharmacy,Not Available,Other,Karnataka,India,434122.0,West,Zone D
CUST00900,Prime Nursing Home,Pharmacy,Not Available,Delhi,Delhi,India,304239.0,South,Zone B
CUST00404,Global Medical Store,Hospital,Global Medical Store,Kolkata,West Bengal,India,416943.0,North,Zone C
CUST01514,Prime Healthcare,Pharmacy,Not Available,Kota,Rajasthan,India,711632.0,North,Zone B
CUST01648,Prime Healthcare,Pharmacy,Not Available,Lucknow,Uttar Pradesh,India,220389.0,East,Zone B
CUST02336,Prime Nursing Home,Pharmacy,Not Available,Bhopal,Madhya Pradesh,India,137509.0,East,Zone A
CUST00667,Apex Clinic,Pharmacy,Not Available,Jaipur,Rajasthan,India,,West,Zone A
CUST01711,Unknown,Pharmacy,Not Available,Pune,Maharashtra,India,484147.0,West,Zone A
CUST01795,Shanti Drug House,Clinic,Not Available,Nagpur,Maharashtra,India,549879.0,North,Zone B
CUST02015,Wellness Nursing Home,Clinic,Not Available,Delhi,Delhi,India,758322.0,Central,Zone A
CUST00411,Metro Hospital,Wholesaler,Not Available,Bhopal,Madhya Pradesh,India,522521.0,West,Zone A
CUST03045,City Healthcare,Clinic,Not Available,Mumbai,Maharashtra,India,113392.0,West,Zone B
CUST00308,Om Clinic,Pharmacy,Not Available,Mumbai,Maharashtra,India,540499.0,East,Zone D
CUST01211,Shanti Clinic,Pharmacy,Not Available,Bhopal,Madhya Pradesh,India,341568.0,East,Zone A
CUST02172,Sunrise Medical Store,Pharmacy,Not Available,Other,Rajasthan,India,325196.0,West,Zone D
CUST03121,Unknown,Hospital,Central Clinic,Indore,,India,240818.0,North,Zone C
CUST02848,Life Drug House,Pharmacy,Not Available,Delhi,Delhi,India,768363.0,Central,Zone D
CUST02288,Global Healthcare,Hospital,Global Healthcare,Kolkata,West Bengal,India,608759.0,South,Zone C
CUST03068,Life Clinic,Retail,Not Available,Mumbai,Maharashtra,India,437238.0,West,Zone D
CUST01089,Unknown,Clinic,Not Available,Other,Telangana,India,200752.0,North,Zone B
CUST03781,Central Medical Store,Pharmacy,Not Available,Surat,Gujarat,India,767663.0,South,Zone A
CUST01525,City Nursing Home,Pharmacy,Not Available,Other,Telangana,India,339909.0,South,Zone B
CUST92607,Care Clinic,Clinic,Not Available,Other,Gujarat,India,152307.0,South,Zone B
CUST02566,Om Healthcare,Hospital,Om Healthcare,Ahmedabad,Gujarat,India,763399.0,North,Zone D
CUST03556,Prime Healthcare,Pharmacy,Not Available,Surat,Gujarat,India,172280.0,West,Zone A
CUST00388,Global Nursing Home,Retail,Not Available,Nagpur,Maharashtra,India,179738.0,South,Zone D
CUST03037,Global Clinic,Hospital,Global Clinic,Other,Rajasthan,India,660894.0,North,Zone D
CUST01190,Rajdhani Nursing Home,Clinic,Not Available,Jaipur,Rajasthan,India,542579.0,Central,Zone D
CUST01215,Apex Healthcare,Hospital,Apex Healthcare,Jaipur,Rajasthan,India,,East,Zone C
CUST00922,Green Hospital,Clinic,Not Available,Pune,Maharashtra,India,126957.0,Central,Zone D
CUST00181,Green Medical Store,Retail,Not Available,Kolkata,West Bengal,India,216736.0,East,Zone D
CUST02872,City Drug House,Retail,Not Available,Delhi,Delhi,India,356893.0,Central,Zone A
CUST02598,Global Clinic,Pharmacy,Not Available,Kota,Rajasthan,India,,East,Zone B
CUST03391,Shree Healthcare,Pharmacy,Not Available,Kota,Rajasthan,India,661412.0,Central,Zone C
CUST03019,Care Hospital,Pharmacy,Not Available,Pune,Maharashtra,India,767725.0,West,Zone C
CUST03128,Shanti Hospital,Clinic,Not Available,Udaipur,,India,435266.0,North,Zone D
CUST00582,City Healthcare,Pharmacy,Not Available,Hyderabad,Telangana,India,593251.0,South,Zone B
CUST00074,Life Hospital,Hospital,Life Hospital,Bhopal,Madhya Pradesh,India,576078.0,South,Zone D
CUST01374,City Nursing Home,Pharmacy,Not Available,Hyderabad,Telangana,India,357409.0,East,Zone B
CUST01883,Shanti Hospital,Wholesaler,Not Available,Other,Telangana,India,579633.0,Central,Zone B
CUST00559,National Pharmacy,Clinic,Not Available,Kota,Rajasthan,India,713435.0,East,Zone D
CUST03320,Shree Pharmacy,Pharmacy,Not Available,Kolkata,West Bengal,India,398429.0,North,Zone D
CUST00513,Om Medical Store,Pharmacy,Not Available,Kolkata,West Bengal,India,120859.0,West,Zone D
CUST01053,Unknown,Wholesaler,Not Available,Pune,Maharashtra,India,182918.0,East,Zone D
CUST02619,National Clinic,Pharmacy,Not Available,Hyderabad,Telangana,India,406569.0,Central,Zone C
CUST02625,Unknown,Wholesaler,Not Available,Other,Gujarat,India,559387.0,West,Zone B
CUST00025,Shree Healthcare,Wholesaler,Not Available,Surat,Gujarat,India,768706.0,Central,Zone A
CUST03962,Unknown,Hospital,Global Nursing Home,Jaipur,Rajasthan,India,448782.0,East,Zone D
CUST02541,Sunrise Hospital,Pharmacy,Not Available,Chennai,Tamil Nadu,India,463652.0,South,Zone C
CUST03806,Shanti Healthcare,Wholesaler,Not Available,Kolkata,West Bengal,India,278556.0,South,Zone D
CUST00093,Apex Drug House,Retail,Not Available,Nagpur,Maharashtra,India,596984.0,South,Zone C
CUST03535,National Nursing Home,Clinic,Not Available,Ahmedabad,,India,535153.0,North,Zone D
CUST03302,Unknown,Pharmacy,Not Available,Delhi,Delhi,India,641588.0,Central,Zone A
CUST00761,Om Healthcare,Hospital,Om Healthcare,Ajmer,Rajasthan,India,659391.0,South,Zone A
CUST92183,Global Drug House,Wholesaler,Not Available,Jaipur,Rajasthan,India,752458.0,South,Zone B
CUST01148,Care Healthcare,Clinic,Not Available,Ajmer,Rajasthan,India,418763.0,Central,Zone B
CUST00867,Apex Drug House,Pharmacy,Not Available,Kolkata,West Bengal,India,542891.0,North,Zone D
CUST03985,Life Pharmacy,Retail,Not Available,Bangalore,Karnataka,India,,South,Zone B
CUST01394,Green Drug House,Pharmacy,Not Available,Bangalore,Karnataka,India,702225.0,Central,Zone D
CUST03741,Green Clinic,Clinic,Not Available,Jaipur,Rajasthan,India,187169.0,North,Zone B
CUST03104,Rajdhani Nursing Home,Pharmacy,Not Available,Surat,Gujarat,India,311330.0,South,Zone D
CUST01646,Central Clinic,Wholesaler,Not Available,Hyderabad,Telangana,India,505044.0,East,Zone B
CUST03111,National Clinic,Wholesaler,Not Available,Kolkata,West Bengal,India,330090.0,East,Zone A
CUST02683,Om Nursing Home,Pharmacy,Not Available,Mumbai,Maharashtra,India,129878.0,North,Zone C
CUST02136,City Nursing Home,Clinic,Not Available,Bangalore,Karnataka,India,422232.0,West,Zone D
CUST00238,Metro Nursing Home,Pharmacy,Not Available,Ajmer,Rajasthan,India,715320.0,West,Zone C
CUST02014,Prime Pharmacy,Hospital,Prime Pharmacy,Nagpur,Maharashtra,India,,East,Zone C
CUST00325,Om Pharmacy,Pharmacy,Not Available,Jodhpur,Rajasthan,India,538593.0,West,Zone C
CUST00327,Metro Medical Store,Clinic,Not Available,Bhopal,Madhya Pradesh,India,359023.0,Central,Zone C
CUST00776,Life Drug House,Clinic,Not Available,Other,Delhi,India,119071.0,East,Zone C
CUST00387,Prime Nursing Home,Wholesaler,Not Available,Other,Maharashtra,India,188401.0,South,Zone B
CUST01647,Apex Pharmacy,Pharmacy,Not Available,Indore,Madhya Pradesh,India,646383.0,Central,Zone A
CUST02785,Rajdhani Pharmacy,Pharmacy,Not Available,Mumbai,Maharashtra,India,710976.0,Central,Zone D
CUST00413,Unknown,Pharmacy,Not Available,Nagpur,Maharashtra,India,193314.0,East,Zone D
CUST02203,Care Nursing Home,Clinic,Not Available,Bhopal,Madhya Pradesh,India,639143.0,East,Zone D
CUST03700,Green Drug House,Clinic,Not Available,Ajmer,Rajasthan,India,129277.0,West,Zone A
CUST00552,Wellness Hospital,Pharmacy,Not Available,Udaipur,Rajasthan,India,297252.0,North,Zone A
CUST02613,Wellness Nursing Home,Pharmacy,Not Available,Delhi,Delhi,India,758321.0,Central,Zone C
CUST01326,Care Healthcare,Pharmacy,Not Available,Chennai,Tamil Nadu,India,753217.0,Central,Zone B
CUST02389,Life Hospital,Retail,Not Available,Indore,Madhya Pradesh,India,781877.0,East,Zone C
CUST03085,National Pharmacy,Retail,Not Available,Ahmedabad,Gujarat,India,523265.0,South,Zone B
CUST00437,Prime Pharmacy,Hospital,Prime Pharmacy,Lucknow,Uttar Pradesh,India,700939.0,East,Zone D
CUST03053,Green Clinic,Wholesaler,Not Available,Delhi,Delhi,India,181861.0,North,Zone C
CUST01521,Om Clinic,Hospital,Om Clinic,Kolkata,West Bengal,India,489688.0,West,Zone D
CUST00121,Metro Nursing Home,Clinic,Not Available,Kota,Rajasthan,India,724711.0,North,Zone A
CUST02080,Green Nursing Home,Pharmacy,Not Available,Udaipur,Rajasthan,India,395484.0,West,Zone B
CUST02337,Shanti Drug House,Pharmacy,Not Available,Jodhpur,Rajasthan,India,121032.0,North,Zone D
CUST03330,Green Nursing Home,Pharmacy,Not Available,Surat,Gujarat,India,332190.0,Central,Zone A
CUST00564,Shree Nursing Home,Retail,Not Available,Kolkata,West Bengal,India,272527.0,West,Zone C
CUST02326,Shree Hospital,Pharmacy,Not Available,Ahmedabad,,India,565180.0,Central,Zone C
CUST02296,Rajdhani Medical Store,Pharmacy,Not Available,Other,Madhya Pradesh,India,174440.0,West,Zone A
CUST01946,Global Pharmacy,Pharmacy,Not Available,Jaipur,,India,798725.0,West,Zone C
CUST02543,Green Healthcare,Pharmacy,Not Available,Kota,Rajasthan,India,374922.0,North,Zone B
CUST00713,Care Healthcare,Pharmacy,Not Available,Surat,Gujarat,India,486092.0,East,Zone D
CUST00315,Prime Clinic,Retail,Not Available,Udaipur,Rajasthan,India,349202.0,West,Zone C
CUST00983,Sunrise Pharmacy,Pharmacy,Not Available,Delhi,Delhi,India,261389.0,West,Zone C
CUST03874,Apex Pharmacy,Pharmacy,Not Available,Kolkata,West Bengal,India,617750.0,North,Zone C
CUST01866,Green Healthcare,Pharmacy,Not Available,Bangalore,Karnataka,India,186136.0,West,Zone B
CUST03745,Wellness Clinic,Hospital,Wellness Clinic,Indore,Madhya Pradesh,India,407084.0,East,Zone C
CUST01183,National Hospital,Pharmacy,Not Available,Nagpur,Maharashtra,India,363288.0,East,Zone C
CUST02522,Wellness Hospital,Wholesaler,Not Available,Hyderabad,Telangana,India,727112.0,Central,Zone A
CUST01520,National Pharmacy,Retail,Not Available,Ahmedabad,Gujarat,India,556867.0,West,Zone C
CUST01901,Prime Nursing Home,Hospital,Prime Nursing Home,Other,West Bengal,India,284147.0,West,Zone D
CUST01993,Om Pharmacy,Clinic,Not Available,Chennai,Tamil Nadu,India,672307.0,North,Zone B
CUST03365,Om Drug House,Clinic,Not Available,Ajmer,Rajasthan,India,767841.0,West,Zone B
CUST00691,Sunrise Medical Store,Clinic,Not Available,Delhi,Delhi,India,685786.0,North,Zone B
CUST03918,Shanti Pharmacy,Pharmacy,Not Available,Kolkata,West Bengal,India,693995.0,North,Zone C
CUST01502,Shree Drug House,Wholesaler,Not Available,Jaipur,Rajasthan,India,514627.0,Central,Zone C
CUST02968,Green Medical Store,Clinic,Not Available,Bhopal,Madhya Pradesh,India,680000.0,East,Zone C
CUST01552,National Clinic,Hospital,National Clinic,Nagpur,Maharashtra,India,769557.0,South,Zone A
CUST00193,Shree Healthcare,Pharmacy,Not Available,Pune,Maharashtra,India,524252.0,Central,Zone A
CUST02813,Green Hospital,Hospital,Green Hospital,Jodhpur,Rajasthan,India,253021.0,South,Zone C
CUST02721,Green Drug House,Hospital,Green Drug House,Bhopal,Madhya Pradesh,India,242839.0,East,Zone B
CUST02270,Sunrise Hospital,Pharmacy,Not Available,Hyderabad,Telangana,India,239728.0,South,Zone C
CUST00923,Shree Hospital,Retail,Not Available,Surat,Gujarat,India,210477.0,West,Zone A
CUST02384,Sunrise Pharmacy,Pharmacy,Not Available,Lucknow,Uttar Pradesh,India,690667.0,South,Zone A
CUST00383,City Healthcare,Hospital,City Healthcare,Surat,Gujarat,India,569911.0,Central,Zone D
CUST03990,Om Medical Store,Pharmacy,Not Available,Jaipur,Rajasthan,India,494585.0,West,Zone C
CUST00818,Life Hospital,Wholesaler,Not Available,Indore,Madhya Pradesh,India,155283.0,East,Zone A
CUST03810,Global Nursing Home,Pharmacy,Not Available,Ahmedabad,Gujarat,India,367131.0,West,Zone B
CUST01783,Wellness Medical Store,Wholesaler,Not Available,Jaipur,Rajasthan,India,531948.0,West,Zone C
CUST02749,Prime Pharmacy,Pharmacy,Not Available,Bangalore,Karnataka,India,503198.0,Central,Zone D
CUST92454,Life Drug House,Pharmacy,Not Available,Bangalore,Karnataka,India,757501.0,East,Zone B
CUST02001,Unknown,Pharmacy,Not Available,Jodhpur,Rajasthan,India,,Central,Zone C
CUST02696,City Pharmacy,Hospital,City Pharmacy,Mumbai,Maharashtra,India,490900.0,Central,Zone A
CUST02073,Unknown,Retail,Not Available,Udaipur,Rajasthan,India,664083.0,Central,Zone B
CUST03563,National Hospital,Retail,Not Available,Ajmer,Rajasthan,India,140843.0,East,Zone C
CUST01527,Care Drug House,Pharmacy,Not Available,Hyderabad,Telangana,India,477271.0,South,Zone C
CUST02583,Life Drug House,Pharmacy,Not Available,Mumbai,Maharashtra,India,187245.0,East,Zone A
CUST00514,Care Drug House,Hospital,Care Drug House,Hyderabad,Telangana,India,749852.0,East,Zone C
CUST01838,Om Healthcare,Pharmacy,Not Available,Other,Maharashtra,India,373136.0,East,Zone A
CUST00134,Prime Pharmacy,Pharmacy,Not Available,Surat,Gujarat,India,493416.0,North,Zone B
CUST00216,Sunrise Clinic,Wholesaler,Not Available,Nagpur,Maharashtra,India,615067.0,West,Zone A
CUST03759,Care Pharmacy,Pharmacy,Not Available,Udaipur,Rajasthan,India,333944.0,East,Zone B
CUST03843,Sunrise Drug House,Hospital,Sunrise Drug House,Jodhpur,Rajasthan,India,409994.0,North,Zone D
CUST03258,Life Drug House,Wholesaler,Not Available,Other,Madhya Pradesh,India,614504.0,South,Zone A
CUST00887,Unknown,Hospital,City Hospital,Jaipur,Rajasthan,India,459988.0,West,Zone B
CUST02144,Wellness Clinic,Retail,Not Available,Delhi,Delhi,India,600267.0,North,Zone A
CUST00991,National Nursing Home,Pharmacy,Not Available,Nagpur,Maharashtra,India,338979.0,North,Zone B
CUST01722,Sunrise Drug House,Pharmacy,Not Available,Kota,Rajasthan,India,190113.0,North,Zone A
CUST00206,Sunrise Medical Store,Hospital,Sunrise Medical Store,Jaipur,Rajasthan,India,452705.0,South,Zone A
CUST03669,Apex Healthcare,Pharmacy,Not Available,Bhopal,Madhya Pradesh,India,253752.0,West,Zone D
CUST03159,Apex Hospital,Pharmacy,Not Available,Lucknow,Uttar Pradesh,India,,South,Zone B
CUST00469,National Healthcare,Pharmacy,Not Available,Jodhpur,Rajasthan,India,502732.0,North,Zone D
CUST03160,Sunrise Clinic,Retail,Not Available,Ahmedabad,Gujarat,India,437257.0,Central,Zone D
CUST03118,Om Medical Store,Clinic,Not Available,Surat,Gujarat,India,207825.0,Central,Zone C
CUST00202,Wellness Medical Store,Clinic,Not Available,Ahmedabad,Gujarat,India,567058.0,East,Zone A
CUST00435,Central Medical Store,Wholesaler,Not Available,Hyderabad,Telangana,India,219910.0,East,Zone B
CUST00099,Wellness Clinic,Wholesaler,Not Available,Hyderabad,Telangana,India,715294.0,North,Zone C
CUST01983,Green Drug House,Wholesaler,Not Available,Bhopal,Madhya Pradesh,India,194719.0,South,Zone B
CUST00939,Life Pharmacy,Clinic,Not Available,Chennai,Tamil Nadu,India,200453.0,West,Zone D
CUST01617,Shree Nursing Home,Pharmacy,Not Available,Delhi,,India,621549.0,Central,Zone C
CUST01975,Metro Healthcare,Clinic,Not Available,Other,Gujarat,India,440492.0,East,Zone A
CUST03481,Global Hospital,Pharmacy,Not Available,Other,Rajasthan,India,327827.0,North,Zone B
CUST02182,Global Medical Store,Wholesaler,Not Available,Delhi,Delhi,India,495223.0,North,Zone B
CUST03695,Unknown,Retail,Not Available,Udaipur,Rajasthan,India,335518.0,South,Zone C
CUST00955,Shanti Healthcare,Pharmacy,Not Available,Ahmedabad,Gujarat,India,165231.0,East,Zone C
CUST02943,Metro Clinic,Pharmacy,Not Available,Hyderabad,Telangana,India,400072.0,West,Zone B
CUST00769,Om Drug House,Pharmacy,Not Available,Jodhpur,Rajasthan,India,156034.0,West,Zone A
CUST03413,Green Nursing Home,Pharmacy,Not Available,Ahmedabad,Gujarat,India,404795.0,Central,Zone B
CUST03233,Wellness Pharmacy,Hospital,Wellness Pharmacy,Chennai,,India,226785.0,West,Zone A
CUST00711,Sunrise Medical Store,Pharmacy,Not Available,Nagpur,Maharashtra,India,173893.0,West,Zone A
CUST02109,Rajdhani Healthcare,Pharmacy,Not Available,Jodhpur,Rajasthan,India,651414.0,Central,Zone B
CUST00606,Apex Pharmacy,Pharmacy,Not Available,Hyderabad,Telangana,India,183709.0,West,Zone A
CUST00107,Unknown,Pharmacy,Not Available,Kolkata,West Bengal,India,,North,Zone B
CUST02847,Apex Nursing Home,Clinic,Not Available,Hyderabad,Telangana,India,413813.0,Central,Zone B
CUST01596,Wellness Medical Store,Pharmacy,Not Available,Kota,Rajasthan,India,520571.0,Central,Zone C
CUST00458,Global Clinic,Hospital,Global Clinic,Udaipur,Rajasthan,India,663755.0,Central,Zone A
CUST03139,Green Pharmacy,Pharmacy,Not Available,Bhopal,Madhya Pradesh,India,354665.0,East,Zone A
CUST01962,Care Healthcare,Wholesaler,Not Available,Ajmer,Rajasthan,India,440557.0,North,Zone D
CUST02402,Apex Drug House,Retail,Not Available,Kolkata,West Bengal,India,179478.0,South,Zone C
CUST01181,Shree Nursing Home,Clinic,Not Available,Nagpur,Maharashtra,India,576128.0,Central,Zone A
CUST02681,National Clinic,Pharmacy,Not Available,Hyderabad,Telangana,India,414524.0,Central,Zone C
CUST03998,Central Medical Store,Wholesaler,Not Available,Ajmer,Rajasthan,India,529401.0,East,Zone A
CUST02908,Sunrise Hospital,Hospital,Sunrise Hospital,Mumbai,Maharashtra,India,298038.0,North,Zone D
CUST02275,Central Pharmacy,Retail,Not Available,Surat,,India,290830.0,West,Zone C
CUST00011,Om Pharmacy,Pharmacy,Not Available,Other,Karnataka,India,273286.0,West,Zone B
CUST03904,Om Medical Store,Pharmacy,Not Available,Delhi,Delhi,India,427282.0,South,Zone C
CUST03117,Green Clinic,Pharmacy,Not Available,Nagpur,Maharashtra,India,392669.0,East,Zone B
CUST01180,National Nursing Home,Clinic,Not Available,Bhopal,Madhya Pradesh,India,691708.0,South,Zone A
CUST01134,Central Nursing Home,Pharmacy,Not Available,Pune,Maharashtra,India,376537.0,South,Zone A
CUST01988,Life Drug House,Clinic,Not Available,Bangalore,Karnataka,India,680471.0,South,Zone A
CUST02725,Apex Hospital,Wholesaler,Not Available,Jodhpur,Rajasthan,India,226591.0,East,Zone B
CUST03616,Central Nursing Home,Wholesaler,Not Available,Chennai,Tamil Nadu,India,378222.0,West,Zone B
CUST00721,National Drug House,Hospital,National Drug House,Delhi,Delhi,India,164408.0,South,Zone D
CUST00823,Apex Healthcare,Wholesaler,Not Available,Mumbai,Maharashtra,India,781622.0,West,Zone D
CUST03214,Metro Drug House,Wholesaler,Not Available,Ajmer,Rajasthan,India,139469.0,East,Zone D
CUST00496,Unknown,Pharmacy,Not Available,Jodhpur,Rajasthan,India,253898.0,Central,Zone A
CUST00013,Care Drug House,Pharmacy,Not Available,Other,Madhya Pradesh,India,250847.0,North,Zone B
CUST02568,Care Nursing Home,Pharmacy,Not Available,Udaipur,Rajasthan,India,354384.0,North,Zone C
CUST00221,Wellness Drug House,Hospital,Wellness Drug House,Kolkata,West Bengal,India,717821.0,South,Zone D
CUST02446,Prime Nursing Home,Retail,Not Available,Jaipur,Rajasthan,India,142909.0,West,Zone C
CUST01153,Unknown,Clinic,Not Available,Lucknow,Uttar Pradesh,India,600179.0,East,Zone D
CUST01486,Metro Healthcare,Clinic,Not Available,Other,Rajasthan,India,299851.0,North,Zone D
CUST03061,Green Nursing Home,Retail,Not Available,Ahmedabad,Gujarat,India,589961.0,East,Zone D
CUST03569,Unknown,Wholesaler,Not Available,Nagpur,Maharashtra,India,143290.0,Central,Zone B
CUST02330,Metro Clinic,Pharmacy,Not Available,Chennai,Tamil Nadu,India,660097.0,East,Zone A
CUST03221,City Medical Store,Pharmacy,Not Available,Ajmer,Rajasthan,India,711594.0,East,Zone C
CUST03756,Life Hospital,Retail,Not Available,Lucknow,Uttar Pradesh,India,478589.0,West,Zone C
CUST02559,Sunrise Healthcare,Pharmacy,Not Available,Delhi,Delhi,India,158367.0,East,Zone B
CUST03418,Metro Medical Store,Retail,Not Available,Other,West Bengal,India,770598.0,South,Zone B
CUST00272,Central Nursing Home,Hospital,Central Nursing Home,Ahmedabad,Gujarat,India,464574.0,North,Zone B
CUST01193,Life Pharmacy,Pharmacy,Not Available,Kolkata,West Bengal,India,336764.0,West,Zone C
CUST03253,Wellness Hospital,Clinic,Not Available,Hyderabad,Telangana,India,140271.0,North,Zone D
CUST00464,Unknown,Pharmacy,Not Available,Kolkata,West Bengal,India,543071.0,North,Zone B
CUST02344,Metro Clinic,Clinic,Not Available,Hyderabad,Telangana,India,432463.0,West,Zone B
CUST03582,Central Medical Store,Pharmacy,Not Available,Lucknow,Uttar Pradesh,India,552791.0,East,Zone D
CUST00442,Unknown,Wholesaler,Not Available,Jodhpur,Rajasthan,India,143536.0,South,Zone B
CUST03392,Global Healthcare,Pharmacy,Not Available,Ahmedabad,Gujarat,India,397303.0,North,Zone D
CUST01781,Metro Clinic,Clinic,Not Available,Bhopal,Madhya Pradesh,India,703190.0,South,Zone D
CUST01601,Green Nursing Home,Pharmacy,Not Available,Other,,India,775770.0,South,Zone C
CUST03743,City Nursing Home,Pharmacy,Not Available,Surat,Gujarat,India,560654.0,South,Zone A
CUST00189,Care Hospital,Clinic,Not Available,Indore,Madhya Pradesh,India,615132.0,Central,Zone B
CUST02445,Life Pharmacy,Pharmacy,Not Available,Nagpur,Maharashtra,India,184623.0,South,Zone B
CUST01573,Global Healthcare,Pharmacy,Not Available,Mumbai,Maharashtra,India,507059.0,Central,Zone C
CUST00816,Life Nursing Home,Clinic,Not Available,Hyderabad,Telangana,India,332828.0,East,Zone D
CUST01338,Global Pharmacy,Pharmacy,Not Available,Other,,India,745452.0,East,Zone A
CUST01348,Shree Medical Store,Hospital,Shree Medical Store,Delhi,Delhi,India,339462.0,West,Zone C
CUST00573,Unknown,Clinic,Not Available,Indore,Madhya Pradesh,India,729267.0,East,Zone C
CUST03315,Prime Pharmacy,Clinic,Not Available,Bangalore,Karnataka,India,521587.0,North,Zone A
CUST02342,National Nursing Home,Pharmacy,Not Available,Ajmer,Rajasthan,India,217203.0,South,Zone B
CUST01508,Apex Medical Store,Pharmacy,Not Available,Nagpur,Maharashtra,India,598910.0,South,Zone D
CUST03414,Shree Medical Store,Hospital,Shree Medical Store,Chennai,Tamil Nadu,India,246240.0,North,Zone D
CUST00548,Apex Clinic,Hospital,Apex Clinic,Ahmedabad,Gujarat,India,711401.0,South,Zone C
CUST02508,Sunrise Clinic,Pharmacy,Not Available,Nagpur,Maharashtra,India,340634.0,South,Zone C
CUST00877,Rajdhani Hospital,Hospital,Rajdhani Hospital,Kota,Rajasthan,India,597341.0,North,Zone C
CUST02941,Care Healthcare,Pharmacy,Not Available,Chennai,Tamil Nadu,India,562753.0,South,Zone B
CUST98007,Green Pharmacy,Pharmacy,Not Available,Other,Uttar Pradesh,India,634374.0,East,Zone C
CUST03623,Om Pharmacy,Hospital,Om Pharmacy,Delhi,Delhi,India,529628.0,West,Zone A
CUST03177,Metro Hospital,Pharmacy,Not Available,Jodhpur,Rajasthan,India,756915.0,East,Zone D
CUST02187,Apex Drug House,Pharmacy,Not Available,Surat,Gujarat,India,128715.0,West,Zone D
CUST02252,Metro Healthcare,Hospital,Metro Healthcare,Pune,Maharashtra,India,470268.0,North,Zone C
CUST03149,Apex Healthcare,Pharmacy,Not Available,Indore,Madhya Pradesh,India,587829.0,West,Zone A
CUST00109,Unknown,Pharmacy,Not Available,Hyderabad,Telangana,India,324186.0,West,Zone C
CUST00172,Prime Medical Store,Clinic,Not Available,Bangalore,,India,722913.0,Central,Zone D
CUST00066,Om Healthcare,Clinic,Not Available,Kota,Rajasthan,India,472324.0,East,Zone D
CUST00167,Shree Healthcare,Retail,Not Available,Bhopal,Madhya Pradesh,India,,West,Zone C
CUST00097,Om Pharmacy,Retail,Not Available,Mumbai,Maharashtra,India,137662.0,West,Zone D
CUST03458,Central Hospital,Pharmacy,Not Available,Ajmer,Rajasthan,India,596375.0,West,Zone B
CUST03210,Green Nursing Home,Pharmacy,Not Available,Indore,Madhya Pradesh,India,120418.0,South,Zone C
CUST01461,Rajdhani Medical Store,Pharmacy,Not Available,Other,Uttar Pradesh,India,646864.0,Central,Zone B
CUST03726,National Drug House,Hospital,National Drug House,Other,Gujarat,India,166592.0,South,Zone C
CUST01855,Sunrise Pharmacy,Pharmacy,Not Available,Pune,Maharashtra,India,665378.0,South,Zone A
CUST01172,Wellness Hospital,Wholesaler,Not Available,Chennai,Tamil Nadu,India,664950.0,South,Zone B
CUST01321,Life Pharmacy,Pharmacy,Not Available,Kota,Rajasthan,India,292022.0,Central,Zone C
CUST02083,Care Clinic,Clinic,Not Available,Other,Uttar Pradesh,India,217953.0,West,Zone A
CUST03459,City Healthcare,Retail,Not Available,Udaipur,Rajasthan,India,,West,Zone A
CUST02013,Unknown,Wholesaler,Not Available,Nagpur,Maharashtra,India,388971.0,East,Zone A
CUST02895,Apex Hospital,Wholesaler,Not Available,Hyderabad,Telangana,India,440765.0,West,Zone A
CUST01280,Metro Healthcare,Pharmacy,Not Available,Kota,Rajasthan,India,290632.0,East,Zone A
CUST03102,Shree Drug House,Pharmacy,Not Available,Hyderabad,Telangana,India,,North,Zone B
CUST00399,Unknown,Pharmacy,Not Available,Mumbai,Maharashtra,India,,Central,Zone D
CUST02369,Prime Hospital,Pharmacy,Not Available,Surat,Gujarat,India,347786.0,West,Zone A
CUST01849,City Medical Store,Pharmacy,Not Available,Jodhpur,Rajasthan,India,791913.0,North,Zone C
CUST01431,Apex Nursing Home,Pharmacy,Not Available,Chennai,Tamil Nadu,India,690300.0,South,Zone B
CUST01445,Central Clinic,Pharmacy,Not Available,Hyderabad,Telangana,India,630959.0,Central,Zone D
CUST02199,Metro Hospital,Pharmacy,Not Available,Jaipur,Rajasthan,India,347222.0,East,Zone A
CUST03511,Central Medical Store,Pharmacy,Not Available,Other,Maharashtra,India,228917.0,Central,Zone D
CUST00620,Prime Nursing Home,Clinic,Not Available,Delhi,Delhi,India,222310.0,East,Zone D
CUST00619,Life Healthcare,Hospital,Life Healthcare,Lucknow,Uttar Pradesh,India,612283.0,South,Zone B
CUST02460,City Drug House,Clinic,Not Available,Other,Rajasthan,India,215522.0,West,Zone C
CUST00037,Shanti Pharmacy,Pharmacy,Not Available,Delhi,Delhi,India,348242.0,North,Zone A
CUST00638,Shree Clinic,Retail,Not Available,Chennai,Tamil Nadu,India,491083.0,North,Zone A
CUST00980,Shree Pharmacy,Pharmacy,Not Available,Other,Rajasthan,India,349121.0,West,Zone D
CUST00445,Shree Hospital,Pharmacy,Not Available,Kolkata,West Bengal,India,142788.0,Central,Zone C
CUST02213,Green Nursing Home,Pharmacy,Not Available,Surat,Gujarat,India,703467.0,South,Zone B
CUST03841,Sunrise Clinic,Pharmacy,Not Available,Ajmer,Rajasthan,India,616992.0,Central,Zone A
CUST00215,National Drug House,Retail,Not Available,Bangalore,Karnataka,IND,440383.0,East,Zone C
CUST03659,Rajdhani Pharmacy,Pharmacy,Not Available,Jaipur,Rajasthan,India,,Central,Zone D
CUST00235,Life Clinic,Clinic,Not Available,Lucknow,Uttar Pradesh,India,437293.0,North,Zone D
CUST02084,Rajdhani Clinic,Hospital,Rajdhani Clinic,Other,,India,685927.0,East,Zone B
CUST01762,City Clinic,Clinic,Not Available,Ahmedabad,Gujarat,India,374506.0,South,Zone D
CUST02455,Care Drug House,Wholesaler,Not Available,Nagpur,Maharashtra,India,251512.0,Central,Zone B
CUST00529,Rajdhani Clinic,Hospital,Rajdhani Clinic,Indore,Madhya Pradesh,India,,South,Zone C
CUST00223,City Nursing Home,Wholesaler,Not Available,Jodhpur,Rajasthan,India,146164.0,East,Zone B
CUST03043,Metro Nursing Home,Pharmacy,Not Available,Other,Gujarat,India,,North,Zone D
CUST02072,Care Nursing Home,Hospital,Not Available,Pune,Maharashtra,India,740994.0,Central,Zone D
CUST02708,Life Medical Store,Clinic,Not Available,Other,Rajasthan,India,513498.0,Central,Zone A
CUST03241,Life Clinic,Pharmacy,Not Available,Surat,Gujarat,India,300722.0,East,Zone B
CUST00219,Unknown,Pharmacy,Not Available,Hyderabad,Telangana,India,,West,Zone D
CUST01099,Life Healthcare,Hospital,Life Healthcare,Chennai,Tamil Nadu,India,674886.0,South,Zone B
CUST01785,Rajdhani Nursing Home,Pharmacy,Not Available,Pune,Maharashtra,India,733008.0,West,Zone B
CUST03219,Shanti Hospital,Pharmacy,Not Available,Delhi,Delhi,India,323917.0,East,Zone B
CUST00239,Om Hospital,Pharmacy,Not Available,Hyderabad,Telangana,India,149651.0,Central,Zone B
CUST02129,Om Clinic,Hospital,Om Clinic,Jaipur,Rajasthan,IND,570496.0,Central,Zone D
CUST02781,Om Healthcare,Retail,Not Available,Lucknow,Uttar Pradesh,India,129560.0,South,Zone B
CUST00608,Rajdhani Drug House,Hospital,Rajdhani Drug House,Other,Uttar Pradesh,India,168770.0,East,Zone D
CUST00665,Om Healthcare,Clinic,Not Available,Pune,Maharashtra,India,,East,Zone B
CUST03685,Om Medical Store,Hospital,Om Medical Store,Pune,Maharashtra,India,292871.0,East,Zone B
CUST01830,City Clinic,Clinic,Not Available,Ahmedabad,Gujarat,India,456080.0,North,Zone C
CUST01256,Shree Nursing Home,Pharmacy,Not Available,Indore,Madhya Pradesh,India,735625.0,North,Zone D
CUST02328,Rajdhani Pharmacy,Wholesaler,Not Available,Lucknow,Uttar Pradesh,India,570199.0,North,Zone A
CUST02453,Sunrise Pharmacy,Hospital,Sunrise Pharmacy,Chennai,Tamil Nadu,India,517789.0,Central,Zone C
CUST02461,Rajdhani Drug House,Pharmacy,Not Available,Chennai,Tamil Nadu,India,420707.0,East,Zone C
CUST00450,Green Medical Store,Clinic,Not Available,Jodhpur,Rajasthan,India,740026.0,North,Zone C
CUST02209,Rajdhani Nursing Home,Pharmacy,Not Available,Mumbai,Maharashtra,India,646223.0,South,Zone D
CUST01032,Unknown,Hospital,Central Drug House,Bangalore,Karnataka,India,539092.0,South,Zone D
CUST02929,Life Healthcare,Hospital,Life Healthcare,Other,Rajasthan,India,625713.0,West,Zone B
CUST01580,Sunrise Nursing Home,Pharmacy,Not Available,Udaipur,Rajasthan,India,527678.0,East,Zone C
CUST03586,Global Clinic,Clinic,Not Available,Lucknow,Uttar Pradesh,India,141269.0,Central,Zone A
CUST01019,Unknown,Hospital,Wellness Drug House,Jaipur,Rajasthan,India,,North,Zone B
CUST01179,Sunrise Medical Store,Hospital,Sunrise Medical Store,Kolkata,West Bengal,India,504937.0,Central,Zone C
CUST02978,Rajdhani Medical Store,Clinic,Not Available,Jaipur,Rajasthan,India,561512.0,South,Zone C
CUST03845,Global Medical Store,Hospital,Global Medical Store,Ajmer,Rajasthan,India,112807.0,Central,Zone C
CUST03689,Sunrise Clinic,Hospital,Sunrise Clinic,Surat,Gujarat,India,777081.0,North,Zone C
CUST02752,National Hospital,Wholesaler,Not Available,Mumbai,Maharashtra,India,375998.0,South,Zone B
CUST01363,Shanti Medical Store,Retail,Not Available,Hyderabad,Telangana,India,680050.0,East,Zone D
CUST01537,Rajdhani Healthcare,Pharmacy,Not Available,Pune,Maharashtra,India,138906.0,North,Zone C
CUST00372,Apex Medical Store,Clinic,Not Available,Ajmer,Rajasthan,India,575762.0,West,Zone B
CUST03446,Prime Nursing Home,Pharmacy,Not Available,Jodhpur,Rajasthan,India,176747.0,East,Zone D
CUST03218,Life Drug House,Clinic,Not Available,Surat,Gujarat,India,618264.0,Central,Zone B
CUST00934,Life Medical Store,Pharmacy,Not Available,Other,Maharashtra,India,618178.0,South,Zone B
CUST03686,Metro Hospital,Pharmacy,Not Available,Ajmer,Rajasthan,India,111384.0,North,Zone C
CUST00386,Om Clinic,Wholesaler,Not Available,Other,West Bengal,India,593936.0,Central,Zone D
CUST01023,Wellness Healthcare,Clinic,Not Available,Bangalore,Karnataka,India,562061.0,East,Zone D
CUST03980,Prime Nursing Home,Wholesaler,Not Available,Jodhpur,Rajasthan,India,260153.0,Central,Zone A
CUST00447,Central Clinic,Wholesaler,Not Available,Nagpur,Maharashtra,India,568869.0,East,Zone A
CUST02871,Shanti Clinic,Retail,Not Available,Surat,Gujarat,India,134881.0,East,Zone C
CUST01104,Sunrise Clinic,Retail,Not Available,Other,Gujarat,India,157370.0,West,Zone D
CUST01725,Apex Medical Store,Hospital,Apex Medical Store,Kota,Rajasthan,India,626437.0,South,Zone A
CUST03531,Green Clinic,Hospital,Green Clinic,Hyderabad,Telangana,India,543910.0,East,Zone A
CUST03076,Prime Healthcare,Retail,Not Available,Nagpur,Maharashtra,India,485356.0,West,Zone C
CUST02094,Green Nursing Home,Wholesaler,Not Available,Mumbai,Maharashtra,India,,South,Zone C
CUST01286,Life Nursing Home,Hospital,Life Nursing Home,Nagpur,Maharashtra,India,469717.0,West,Zone D
CUST02715,Wellness Medical Store,Hospital,Wellness Medical Store,Udaipur,Rajasthan,India,239723.0,East,Zone D
CUST02658,City Drug House,Wholesaler,Not Available,Kolkata,West Bengal,India,316002.0,Central,Zone B
CUST03963,Global Clinic,Clinic,Not Available,Chennai,Tamil Nadu,India,525722.0,South,Zone C
CUST00152,National Hospital,Retail,Not Available,Ajmer,,India,342720.0,South,Zone A
CUST03116,Sunrise Pharmacy,Pharmacy,Not Available,Other,Karnataka,India,445246.0,Central,Zone A
CUST00209,National Drug House,Wholesaler,Not Available,Mumbai,Maharashtra,India,747562.0,East,Zone A
CUST02256,Central Nursing Home,Pharmacy,Not Available,Jaipur,Rajasthan,India,233434.0,South,Zone A
CUST03135,Metro Clinic,Retail,Not Available,Other,Rajasthan,India,387842.0,Central,Zone A
CUST01832,Shanti Pharmacy,Retail,Not Available,Other,Rajasthan,India,226151.0,East,Zone C
CUST02900,Om Drug House,Clinic,Not Available,Jaipur,Rajasthan,India,607428.0,Central,Zone C
CUST03993,City Medical Store,Pharmacy,Not Available,Delhi,Delhi,India,207444.0,East,Zone C
CUST03580,Shanti Drug House,Wholesaler,Not Available,Pune,Maharashtra,India,202981.0,North,Zone D
CUST01636,Wellness Pharmacy,Pharmacy,Not Available,Udaipur,Rajasthan,India,613240.0,East,Zone C
CUST02142,Unknown,Pharmacy,Not Available,Kota,Rajasthan,India,390115.0,West,Zone B
CUST01360,Unknown,Pharmacy,Not Available,Bhopal,Madhya Pradesh,India,712436.0,North,Zone B
CUST01038,Rajdhani Medical Store,Pharmacy,Not Available,Udaipur,Rajasthan,India,590844.0,East,Zone B
CUST00822,Green Medical Store,Pharmacy,Not Available,Jaipur,Rajasthan,India,353122.0,West,Zone C
CUST03347,Om Nursing Home,Pharmacy,Not Available,Lucknow,Uttar Pradesh,India,186735.0,West,Zone D
CUST02858,Unknown,Retail,Not Available,Ahmedabad,Gujarat,India,408646.0,North,Zone B
CUST01054,Metro Medical Store,Hospital,Metro Medical Store,Mumbai,Maharashtra,India,469354.0,South,Zone C
CUST00595,Green Hospital,Hospital,Green Hospital,Mumbai,Maharashtra,India,235973.0,Central,Zone C
CUST01187,Rajdhani Drug House,Wholesaler,Not Available,Mumbai,Maharashtra,India,703755.0,West,Zone A
CUST01298,Apex Clinic,Pharmacy,Not Available,Bangalore,Karnataka,India,119145.0,Central,Zone C
CUST03736,Unknown,Pharmacy,Not Available,Other,Madhya Pradesh,India,741924.0,East,Zone B
CUST00794,Care Healthcare,Pharmacy,Not Available,Jaipur,Rajasthan,India,672376.0,West,Zone D
CUST01170,Rajdhani Drug House,Hospital,Rajdhani Drug House,Bangalore,Karnataka,India,129653.0,South,Zone A
CUST00990,Wellness Medical Store,Pharmacy,Not Available,Kota,Rajasthan,India,633046.0,West,Zone B
CUST01897,City Nursing Home,Pharmacy,Not Available,Jodhpur,Rajasthan,India,111471.0,North,Zone B
CUST03014,Green Nursing Home,Hospital,Not Available,Bhopal,Madhya Pradesh,India,448947.0,Central,Zone C
CUST03913,Apex Hospital,Clinic,Not Available,Nagpur,Maharashtra,India,,West,Zone A
CUST01173,City Medical Store,Hospital,City Medical Store,Hyderabad,Telangana,India,652928.0,West,Zone B
CUST01046,Shanti Clinic,Clinic,Not Available,Other,Maharashtra,India,392533.0,South,Zone B
CUST03957,National Clinic,Wholesaler,Not Available,Other,Gujarat,India,512253.0,Central,Zone B
CUST00580,Wellness Hospital,Pharmacy,Not Available,Other,Madhya Pradesh,India,372639.0,South,Zone C
CUST00739,Sunrise Medical Store,Hospital,Sunrise Medical Store,Bangalore,Karnataka,India,,East,Zone B
CUST01077,Metro Healthcare,Pharmacy,Not Available,Kolkata,West Bengal,India,629160.0,East,Zone A
CUST00804,Central Medical Store,Wholesaler,Not Available,Jaipur,Rajasthan,India,606515.0,South,Zone C
CUST02035,Shanti Drug House,Retail,Not Available,Mumbai,Maharashtra,India,,South,Zone B
CUST01768,Wellness Hospital,Clinic,Not Available,Bhopal,Madhya Pradesh,India,253342.0,West,Zone D
CUST00146,Metro Nursing Home,Hospital,Metro Nursing Home,Chennai,Tamil Nadu,India,740187.0,South,Zone D
CUST01965,Shanti Drug House,Wholesaler,Not Available,Surat,Gujarat,India,113596.0,Central,Zone A
CUST03800,Wellness Clinic,Pharmacy,Not Available,Ajmer,Rajasthan,India,466833.0,Central,Zone C
CUST03713,Life Clinic,Pharmacy,Not Available,Ahmedabad,Gujarat,India,252546.0,East,Zone A
CUST03991,City Nursing Home,Hospital,City Nursing Home,Ahmedabad,Gujarat,India,463857.0,Central,Zone C
CUST00719,Wellness Medical Store,Retail,Not Available,Ajmer,Rajasthan,India,375903.0,West,Zone A
CUST02921,Rajdhani Healthcare,Pharmacy,Not Available,Jodhpur,Rajasthan,India,636642.0,South,Zone B
CUST03478,Shree Hospital,Clinic,Not Available,Jaipur,Rajasthan,India,602076.0,South,Zone C
CUST01612,Care Nursing Home,Pharmacy,Not Available,Surat,Gujarat,India,498952.0,West,Zone D
CUST03109,Rajdhani Medical Store,Wholesaler,Not Available,Bangalore,Karnataka,India,778245.0,East,Zone D
CUST00005,Apex Healthcare,Retail,Not Available,Surat,Gujarat,India,339689.0,South,Zone B
CUST01319,Sunrise Drug House,Pharmacy,Not Available,Lucknow,Uttar Pradesh,India,648821.0,West,Zone C
CUST00950,Wellness Medical Store,Pharmacy,Not Available,Hyderabad,Telangana,India,406431.0,West,Zone B
CUST02588,Green Clinic,Clinic,Not Available,Jaipur,Rajasthan,India,554752.0,South,Zone C
CUST00174,Shree Drug House,Retail,Not Available,Delhi,Delhi,India,,South,Zone C
CUST00354,Prime Hospital,Hospital,Prime Hospital,Ajmer,Rajasthan,India,603836.0,South,Zone D
CUST02174,Unknown,Hospital,Sunrise Clinic,Hyderabad,Telangana,India,310020.0,East,Zone B
CUST00986,Shree Hospital,Wholesaler,Not Available,Other,West Bengal,India,503284.0,Central,Zone B
CUST02722,National Nursing Home,Clinic,Not Available,Hyderabad,Telangana,India,464321.0,North,Zone C
CUST94009,National Pharmacy,Hospital,National Pharmacy,Surat,Gujarat,India,546878.0,West,Zone A
CUST02290,National Nursing Home,Hospital,National Nursing Home,Jodhpur,Rajasthan,India,467948.0,East,Zone B
CUST02408,Shree Clinic,Pharmacy,Not Available,Pune,Maharashtra,India,425401.0,South,Zone C
CUST00663,National Medical Store,Wholesaler,Not Available,Lucknow,Uttar Pradesh,India,683615.0,North,Zone A
CUST00967,Green Nursing Home,Pharmacy,Not Available,Jaipur,Rajasthan,India,475494.0,South,Zone A
CUST01138,Sunrise Healthcare,Hospital,Sunrise Healthcare,Ajmer,Rajasthan,India,596296.0,South,Zone C
CUST00555,Shanti Medical Store,Wholesaler,Not Available,Hyderabad,Telangana,India,686668.0,West,Zone D
CUST02068,Shanti Healthcare,Pharmacy,Not Available,Ajmer,Rajasthan,India,450090.0,South,Zone D
CUST93982,Om Pharmacy,Pharmacy,Not Available,Other,Madhya Pradesh,India,736306.0,East,Zone B
CUST03521,Wellness Clinic,Retail,Not Available,Jodhpur,Rajasthan,India,441342.0,South,Zone A
CUST01303,Apex Pharmacy,Pharmacy,Not Available,Kolkata,West Bengal,India,458115.0,South,Zone B
CUST02584,Metro Pharmacy,Clinic,Not Available,Hyderabad,Telangana,India,210737.0,West,Zone D
CUST01784,Life Drug House,Pharmacy,Not Available,Ajmer,Rajasthan,India,568047.0,East,Zone A
CUST02409,Rajdhani Drug House,Wholesaler,Not Available,Ahmedabad,Gujarat,India,,North,Zone D
CUST02499,Green Clinic,Retail,Not Available,Delhi,Delhi,India,489290.0,West,Zone B
CUST03526,Sunrise Pharmacy,Pharmacy,Not Available,Bhopal,Madhya Pradesh,India,773889.0,South,Zone D
CUST01554,National Clinic,Pharmacy,Not Available,Mumbai,Maharashtra,India,219948.0,Central,Zone A
CUST00635,Om Medical Store,Hospital,Om Medical Store,Nagpur,Maharashtra,India,239393.0,South,Zone A
CUST00531,Metro Pharmacy,Retail,Not Available,Nagpur,,India,,East,Zone A
CUST00690,Om Nursing Home,Pharmacy,Not Available,Lucknow,Uttar Pradesh,India,528587.0,Central,Zone D
CUST00857,Wellness Drug House,Hospital,Wellness Drug House,Other,Gujarat,India,,East,Zone D
CUST03817,National Hospital,Pharmacy,Not Available,Chennai,Tamil Nadu,India,740635.0,East,Zone B
CUST00504,Green Clinic,Hospital,Green Clinic,Other,Rajasthan,India,349303.0,North,Zone A
CUST00863,Global Drug House,Wholesaler,Not Available,Other,Gujarat,India,300428.0,South,Zone B
CUST03468,Apex Nursing Home,Hospital,Apex Nursing Home,Bhopal,Madhya Pradesh,India,331323.0,South,Zone B
CUST02823,Metro Pharmacy,Wholesaler,Not Available,Udaipur,Rajasthan,India,668768.0,Central,Zone A
CUST03779,Om Pharmacy,Wholesaler,Not Available,Bangalore,Karnataka,India,505415.0,North,Zone B
CUST02429,Shree Nursing Home,Hospital,Shree Nursing Home,Delhi,Delhi,India,721133.0,East,Zone B
CUST00671,Prime Healthcare,Pharmacy,Not Available,Udaipur,Rajasthan,India,434379.0,Central,Zone B
CUST03969,Wellness Medical Store,Pharmacy,Not Available,Bhopal,Madhya Pradesh,India,,West,Zone C
CUST02448,Shanti Pharmacy,Clinic,Not Available,Bangalore,Karnataka,India,423743.0,West,Zone B
CUST02767,Om Medical Store,Clinic,Not Available,Kota,Rajasthan,India,362986.0,Central,Zone B
CUST01304,Central Clinic,Hospital,Central Clinic,Other,Gujarat,India,128919.0,East,Zone D
CUST00903,Shanti Pharmacy,Hospital,Shanti Pharmacy,Nagpur,Maharashtra,India,603002.0,North,Zone D
CUST00925,Metro Drug House,Pharmacy,Not Available,Jodhpur,Rajasthan,India,382478.0,Central,Zone C
CUST00492,Care Healthcare,Pharmacy,Not Available,Pune,Maharashtra,India,361601.0,Central,Zone A
CUST03782,Global Drug House,Clinic,Not Available,Other,West Bengal,India,,South,Zone B
CUST03824,National Drug House,Hospital,National Drug House,Other,Rajasthan,India,583737.0,East,Zone C
CUST00143,Global Pharmacy,Pharmacy,Not Available,Mumbai,Maharashtra,India,379212.0,East,Zone B
CUST03653,Global Nursing Home,Pharmacy,Not Available,Bhopal,Madhya Pradesh,India,664106.0,Central,Zone C
CUST01185,Wellness Healthcare,Hospital,Wellness Healthcare,Surat,Gujarat,India,748767.0,Central,Zone D
CUST02202,Shanti Clinic,Pharmacy,Not Available,Other,Karnataka,India,488179.0,West,Zone B
CUST01658,Life Medical Store,Hospital,Life Medical Store,Hyderabad,Telangana,India,750385.0,East,Zone C
CUST02794,Sunrise Nursing Home,Retail,Not Available,Lucknow,Uttar Pradesh,India,681589.0,East,Zone D
CUST02331,Rajdhani Clinic,Hospital,Rajdhani Clinic,Hyderabad,Telangana,India,640110.0,Central,Zone A
CUST00614,Care Healthcare,Pharmacy,Not Available,Surat,Gujarat,India,430744.0,Central,Zone A
CUST03091,Unknown,Hospital,Central Hospital,Nagpur,Maharashtra,India,772923.0,North,Zone A
CUST02181,Global Pharmacy,Retail,Not Available,Chennai,Tamil Nadu,India,377533.0,West,Zone A
CUST03672,Shanti Hospital,Wholesaler,Not Available,Lucknow,Uttar Pradesh,India,333050.0,Central,Zone A
CUST01421,National Clinic,Retail,Not Available,Chennai,Tamil Nadu,India,290583.0,West,Zone C
CUST00165,Life Drug House,Wholesaler,Not Available,Nagpur,Maharashtra,India,255473.0,East,Zone D
CUST03257,Wellness Medical Store,Wholesaler,Not Available,Hyderabad,Telangana,India,142870.0,South,Zone A
CUST02260,Prime Drug House,Pharmacy,Not Available,Jaipur,Rajasthan,India,335034.0,Central,Zone C
CUST00100,Shanti Clinic,Hospital,Shanti Clinic,Indore,Madhya Pradesh,India,664424.0,South,Zone A
CUST02842,Metro Healthcare,Pharmacy,Not Available,Other,Uttar Pradesh,India,183335.0,West,Zone C
CUST01044,Unknown,Wholesaler,Not Available,Jodhpur,Rajasthan,India,365510.0,Central,Zone B
CUST00273,Rajdhani Clinic,Hospital,Rajdhani Clinic,Surat,Gujarat,India,,West,Zone B
CUST01052,Shree Pharmacy,Wholesaler,Not Available,Chennai,Tamil Nadu,India,638073.0,North,Zone C
CUST01750,Wellness Drug House,Retail,Not Available,Delhi,Delhi,India,487225.0,North,Zone A
CUST01060,National Clinic,Clinic,Not Available,Kolkata,West Bengal,India,166871.0,East,Zone C
CUST02690,Care Drug House,Pharmacy,Not Available,Nagpur,Maharashtra,India,508894.0,Central,Zone D
CUST02646,Central Healthcare,Wholesaler,Not Available,Kota,Rajasthan,India,275362.0,East,Zone C
CUST90380,Prime Pharmacy,Clinic,Not Available,Lucknow,Uttar Pradesh,India,164610.0,East,Zone B
CUST02471,City Nursing Home,Hospital,City Nursing Home,Nagpur,Maharashtra,India,552060.0,Central,Zone D
CUST03989,Om Healthcare,Retail,Not Available,Indore,Madhya Pradesh,India,543587.0,South,Zone A
CUST01297,Central Medical Store,Pharmacy,Not Available,Nagpur,Maharashtra,India,233642.0,South,Zone B
CUST01176,Global Pharmacy,Clinic,Not Available,Lucknow,Uttar Pradesh,India,275194.0,South,Zone A
CUST03033,Shree Healthcare,Pharmacy,Not Available,Mumbai,Maharashtra,India,293572.0,Central,Zone B
CUST02114,Om Healthcare,Pharmacy,Not Available,Other,Rajasthan,India,596624.0,Central,Zone D
CUST01677,Wellness Drug House,Pharmacy,Not Available,Kota,Rajasthan,India,,East,Zone C
CUST02239,Global Medical Store,Retail,Not Available,Jodhpur,Rajasthan,India,,West,Zone D
CUST00981,Wellness Nursing Home,Pharmacy,Not Available,Ajmer,Rajasthan,India,714961.0,Central,Zone A
CUST02809,Global Medical Store,Hospital,Global Medical Store,Udaipur,Rajasthan,India,543404.0,North,Zone B
CUST00341,City Healthcare,Wholesaler,Not Available,Chennai,Tamil Nadu,India,246307.0,North,Zone D
CUST03769,Rajdhani Medical Store,Wholesaler,Not Available,Other,Madhya Pradesh,India,177838.0,South,Zone C
CUST00807,Shree Hospital,Pharmacy,Not Available,Jaipur,,India,455511.0,North,Zone D
CUST00436,Apex Pharmacy,Retail,Not Available,Lucknow,Uttar Pradesh,India,149340.0,Central,Zone D
CUST03230,Global Pharmacy,Clinic,Not Available,Ajmer,Rajasthan,India,421094.0,Central,Zone C
CUST00136,Global Pharmacy,Clinic,Not Available,Pune,Maharashtra,India,451777.0,West,Zone C
CUST03922,Om Nursing Home,Clinic,Not Available,Lucknow,Uttar Pradesh,India,455300.0,North,Zone C
CUST93377,Green Drug House,Clinic,Not Available,Indore,Madhya Pradesh,India,735760.0,North,Zone A
CUST03624,Life Pharmacy,Clinic,Not Available,Mumbai,Maharashtra,India,174819.0,South,Zone A
CUST01373,Global Hospital,Hospital,Global Hospital,Mumbai,,India,,Central,Zone D
CUST01080,Rajdhani Healthcare,Wholesaler,Not Available,Chennai,Tamil Nadu,India,428844.0,West,Zone D
CUST01952,Rajdhani Clinic,Hospital,Rajdhani Clinic,Mumbai,Maharashtra,India,442078.0,West,Zone C
CUST03853,Green Nursing Home,Hospital,Green Nursing Home,Jodhpur,Rajasthan,India,321833.0,East,Zone B
CUST01907,Apex Drug House,Wholesaler,Not Available,Bangalore,Karnataka,India,275649.0,North,Zone A
CUST01689,Rajdhani Drug House,Pharmacy,Not Available,Delhi,Delhi,India,212738.0,North,Zone B
CUST01302,Metro Drug House,Clinic,Not Available,Chennai,Maharashtra,India,219238.0,North,Zone D
CUST02580,National Hospital,Clinic,Not Available,Lucknow,Uttar Pradesh,India,747307.0,Central,Zone A
CUST02659,Metro Drug House,Retail,Not Available,Mumbai,Maharashtra,India,,West,Zone A
CUST03090,Central Drug House,Wholesaler,Not Available,Kolkata,West Bengal,India,541952.0,West,Zone C
CUST02984,Rajdhani Nursing Home,Clinic,Not Available,Kota,Rajasthan,India,537293.0,West,Zone C
CUST02757,Care Healthcare,Hospital,Not Available,Nagpur,Maharashtra,India,612390.0,South,Zone D
CUST00094,Green Pharmacy,Clinic,Not Available,Indore,Madhya Pradesh,India,264476.0,Central,Zone D
CUST00828,Unknown,Pharmacy,Not Available,Nagpur,Maharashtra,India,279358.0,East,Zone D
CUST00043,Prime Pharmacy,Clinic,Not Available,Ahmedabad,Gujarat,India,439888.0,Central,Zone B
CUST02558,City Healthcare,Wholesaler,Not Available,Chennai,Tamil Nadu,India,711826.0,North,Zone A
CUST00070,Care Healthcare,Hospital,Care Healthcare,Jodhpur,Rajasthan,India,,East,Zone B
CUST02675,Sunrise Medical Store,Hospital,Sunrise Medical Store,Surat,Gujarat,India,517523.0,North,Zone B
CUST03475,Rajdhani Medical Store,Clinic,Not Available,Jaipur,,India,554485.0,South,Zone A
CUST01477,Shree Healthcare,Wholesaler,Not Available,Ajmer,Rajasthan,India,290840.0,Central,Zone C
CUST01491,Care Pharmacy,Pharmacy,Not Available,Chennai,Tamil Nadu,India,376598.0,South,Zone A
CUST03902,Wellness Nursing Home,Pharmacy,Not Available,Pune,Maharashtra,India,272623.0,South,Zone B
CUST01519,Rajdhani Nursing Home,Wholesaler,Not Available,Other,Telangana,India,288585.0,North,Zone C
CUST02517,Green Hospital,Pharmacy,Not Available,Bangalore,Karnataka,India,337561.0,Central,Zone C
CUST02179,Om Medical Store,Pharmacy,Not Available,Other,Telangana,India,419399.0,South,Zone B
CUST02353,Wellness Clinic,Hospital,Wellness Clinic,Jaipur,Rajasthan,India,458518.0,South,Zone A
CUST00133,City Hospital,Pharmacy,Not Available,Ajmer,Rajasthan,India,273707.0,East,Zone C
CUST02666,Green Hospital,Wholesaler,Not Available,Jaipur,Rajasthan,India,523048.0,South,Zone C
CUST02636,Prime Drug House,Pharmacy,Not Available,Pune,Maharashtra,India,651484.0,North,Zone C
CUST01896,National Nursing Home,Pharmacy,Not Available,Indore,,India,213564.0,West,Zone A
CUST00171,Shanti Hospital,Clinic,Not Available,Other,Madhya Pradesh,India,538217.0,North,Zone B
CUST02724,Rajdhani Drug House,Clinic,Not Available,Bangalore,Karnataka,India,542703.0,West,Zone D
CUST01894,Wellness Nursing Home,Pharmacy,Not Available,Nagpur,Maharashtra,India,,Central,Zone C
CUST00699,Shanti Drug House,Pharmacy,Not Available,Kota,Rajasthan,India,789428.0,North,Zone D
CUST02488,Care Drug House,Hospital,Care Drug House,Kota,Rajasthan,India,699490.0,North,Zone D
CUST03123,Life Nursing Home,Hospital,Life Nursing Home,Jodhpur,Rajasthan,India,124035.0,East,Zone D
CUST01889,Om Drug House,Clinic,Not Available,Lucknow,Uttar Pradesh,India,464491.0,Central,Zone A
CUST03596,City Clinic,Clinic,Not Available,Surat,Gujarat,India,629327.0,North,Zone A
CUST00421,Apex Clinic,Wholesaler,Not Available,Udaipur,Rajasthan,India,552300.0,Central,Zone C
CUST01250,Unknown,Pharmacy,Not Available,Jaipur,Rajasthan,India,611208.0,West,Zone C
CUST02512,Om Hospital,Clinic,Not Available,Jaipur,Rajasthan,India,,East,Zone B
CUST00558,Om Healthcare,Retail,Not Available,Other,Rajasthan,India,624303.0,East,Zone B
CUST01517,Om Clinic,Pharmacy,Not Available,Delhi,Delhi,India,595201.0,West,Zone C
CUST03027,Rajdhani Pharmacy,Pharmacy,Not Available,Surat,Gujarat,India,787835.0,Central,Zone C
CUST02133,Shanti Hospital,Hospital,Shanti Hospital,Mumbai,Maharashtra,India,451379.0,North,Zone B
CUST00021,Sunrise Medical Store,Pharmacy,Not Available,Pune,,India,112479.0,North,Zone C
CUST03042,Care Drug House,Hospital,Care Drug House,Other,Delhi,India,350037.0,South,Zone C
CUST03537,Unknown,Pharmacy,Not Available,Chennai,Tamil Nadu,India,794603.0,East,Zone C
CUST01083,Sunrise Pharmacy,Pharmacy,Not Available,Surat,Gujarat,India,287932.0,South,Zone A
CUST02554,Prime Drug House,Clinic,Not Available,Delhi,Delhi,India,471480.0,West,Zone C
CUST01772,Green Nursing Home,Pharmacy,Not Available,Kolkata,West Bengal,India,185913.0,West,Zone C
CUST01448,Rajdhani Medical Store,Pharmacy,Not Available,Kota,Rajasthan,India,122433.0,South,Zone B
CUST01059,Life Pharmacy,Pharmacy,Not Available,Nagpur,Maharashtra,India,171073.0,Central,Zone A
CUST00754,Prime Healthcare,Pharmacy,Not Available,Jodhpur,Rajasthan,India,233320.0,East,Zone D
CUST00987,Unknown,Pharmacy,Not Available,Other,Maharashtra,India,375311.0,East,Zone C
CUST02251,Rajdhani Clinic,Pharmacy,Not Available,Other,Telangana,India,288769.0,East,Zone B
CUST02266,Prime Hospital,Hospital,Prime Hospital,Udaipur,Rajasthan,IND,600472.0,North,Zone D
CUST03870,Sunrise Healthcare,Pharmacy,Not Available,Hyderabad,Telangana,India,564330.0,Central,Zone C
CUST03715,Wellness Healthcare,Retail,Not Available,Pune,Maharashtra,India,134916.0,South,Zone D
CUST00730,Life Drug House,Hospital,Life Drug House,Other,Rajasthan,India,557583.0,South,Zone A
CUST00127,Shree Pharmacy,Hospital,Shree Pharmacy,Other,Tamil Nadu,India,371024.0,South,Zone D
CUST00538,Global Drug House,Retail,Not Available,Jodhpur,Rajasthan,India,369697.0,East,Zone A
CUST02320,Care Drug House,Pharmacy,Not Available,Ajmer,Rajasthan,India,778703.0,South,Zone B
CUST02055,City Clinic,Clinic,Not Available,Other,Rajasthan,India,253517.0,West,Zone A
CUST03844,Green Hospital,Pharmacy,Not Available,Ajmer,Rajasthan,India,784606.0,South,Zone A
CUST01459,Prime Medical Store,Wholesaler,Not Available,Jodhpur,Rajasthan,India,,West,Zone B
CUST03764,Global Medical Store,Hospital,Global Medical Store,Jodhpur,Rajasthan,India,468752.0,West,Zone B
CUST02662,Care Clinic,Hospital,Care Clinic,Jodhpur,Rajasthan,India,562547.0,Central,Zone A
CUST01880,City Pharmacy,Hospital,City Pharmacy,Jodhpur,Rajasthan,India,275965.0,South,Zone A
CUST02930,Prime Healthcare,Pharmacy,Not Available,Ahmedabad,Gujarat,India,148117.0,Central,Zone B
CUST01385,Metro Pharmacy,Clinic,Not Available,Nagpur,Maharashtra,India,533095.0,East,Zone A
CUST03193,Shanti Healthcare,Hospital,Shanti Healthcare,Nagpur,Maharashtra,India,160806.0,East,Zone A
CUST02665,Prime Drug House,Pharmacy,Not Available,Chennai,Tamil Nadu,India,670214.0,East,Zone B
CUST00817,Metro Drug House,Wholesaler,Not Available,Jaipur,Rajasthan,India,208310.0,East,Zone A
CUST02780,Shanti Pharmacy,Clinic,Not Available,Other,Maharashtra,India,655328.0,West,Zone D
CUST02421,Central Nursing Home,Clinic,Not Available,Bhopal,Madhya Pradesh,India,693225.0,North,Zone A
CUST01378,Life Healthcare,Hospital,Life Healthcare,Lucknow,Uttar Pradesh,India,127144.0,South,Zone B
CUST02577,Green Drug House,Pharmacy,Not Available,Hyderabad,Telangana,India,250329.0,North,Zone A
CUST02036,Shree Healthcare,Pharmacy,Not Available,Nagpur,Maharashtra,India,662139.0,West,Zone C
CUST00829,Life Drug House,Hospital,Life Drug House,Pune,Maharashtra,India,232641.0,East,Zone D
CUST02200,Green Nursing Home,Pharmacy,Not Available,Ahmedabad,,India,642331.0,West,Zone C
CUST01164,Metro Drug House,Clinic,Not Available,Ajmer,Rajasthan,India,671371.0,North,Zone D
CUST01198,Wellness Healthcare,Pharmacy,Not Available,Kota,Rajasthan,India,391275.0,West,Zone D
CUST01320,Global Drug House,Clinic,Not Available,Chennai,Tamil Nadu,India,349817.0,Central,Zone D
CUST00424,Unknown,Pharmacy,Not Available,Delhi,Delhi,India,192906.0,South,Zone B
CUST01839,Global Hospital,Pharmacy,Not Available,Ajmer,Rajasthan,India,418152.0,East,Zone A
CUST01592,Metro Healthcare,Clinic,Not Available,Mumbai,Maharashtra,India,685186.0,Central,Zone B
CUST03898,Metro Hospital,Hospital,Metro Hospital,Hyderabad,Telangana,India,269960.0,West,Zone A
CUST03548,Central Drug House,Pharmacy,Not Available,Chennai,Tamil Nadu,India,384858.0,South,Zone C
CUST01752,Apex Healthcare,Hospital,Apex Healthcare,Ajmer,Rajasthan,India,183188.0,Central,Zone C
CUST03595,National Pharmacy,Retail,Not Available,Bangalore,Karnataka,India,576631.0,East,Zone A
CUST01188,Om Healthcare,Pharmacy,Not Available,Lucknow,Uttar Pradesh,India,177188.0,South,Zone C
CUST03789,Green Pharmacy,Pharmacy,Not Available,Bangalore,Karnataka,India,753718.0,South,Zone B
CUST00842,Metro Nursing Home,Hospital,Metro Nursing Home,Other,Karnataka,India,283941.0,Central,Zone A
CUST03933,Green Hospital,Wholesaler,Not Available,Kota,,India,210022.0,North,Zone A
CUST03787,National Healthcare,Pharmacy,Not Available,Delhi,Delhi,India,623433.0,South,Zone D
CUST01744,Apex Healthcare,Hospital,Apex Healthcare,Jaipur,Rajasthan,India,518376.0,North,Zone B
CUST02959,Unknown,Hospital,Metro Drug House,Bhopal,Madhya Pradesh,India,792001.0,East,Zone A
CUST02414,Wellness Nursing Home,Hospital,Wellness Nursing Home,Nagpur,Maharashtra,India,799939.0,North,Zone A
CUST02897,Global Drug House,Hospital,Global Drug House,Bhopal,Madhya Pradesh,India,339091.0,West,Zone C
CUST01035,Unknown,Pharmacy,Not Available,Kolkata,West Bengal,India,257730.0,East,Zone A
CUST02186,Global Pharmacy,Pharmacy,Not Available,Lucknow,,India,297394.0,Central,Zone A
CUST01074,Shanti Drug House,Hospital,Shanti Drug House,Surat,Gujarat,India,,South,Zone B
CUST00440,Shree Nursing Home,Retail,Not Available,Bangalore,Karnataka,India,259488.0,South,Zone A
CUST03893,Life Hospital,Hospital,Life Hospital,Bangalore,Karnataka,India,205782.0,South,Zone C
CUST00405,Wellness Hospital,Pharmacy,Not Available,Bangalore,Karnataka,India,491071.0,West,Zone D
CUST01825,Life Hospital,Hospital,Life Hospital,Jaipur,Rajasthan,India,423255.0,West,Zone D
CUST00974,Care Pharmacy,Pharmacy,Not Available,Delhi,Delhi,India,722058.0,East,Zone B
CUST02745,Apex Hospital,Wholesaler,Not Available,Indore,Madhya Pradesh,India,506115.0,Central,Zone D
CUST02165,Green Pharmacy,Pharmacy,Not Available,Ahmedabad,Gujarat,India,555060.0,Central,Zone C
CUST01706,Life Clinic,Pharmacy,Not Available,Other,Delhi,India,,North,Zone A
CUST02053,Om Healthcare,Pharmacy,Not Available,Other,Rajasthan,India,392012.0,West,Zone A
CUST03710,Prime Drug House,Retail,Not Available,Jaipur,Rajasthan,India,533812.0,West,Zone A
CUST01740,Om Pharmacy,Pharmacy,Not Available,Udaipur,Rajasthan,India,157648.0,East,Zone A
CUST03464,Green Clinic,Hospital,Not Available,Bangalore,Karnataka,India,117987.0,Central,Zone A
CUST02965,Rajdhani Hospital,Pharmacy,Not Available,Jaipur,Rajasthan,India,262018.0,East,Zone C
CUST01328,Green Pharmacy,Pharmacy,Not Available,Delhi,Delhi,India,138391.0,West,Zone A
CUST02007,Global Medical Store,Pharmacy,Not Available,Bangalore,Karnataka,India,458292.0,West,Zone C
CUST00799,Shanti Drug House,Pharmacy,Not Available,Kota,Rajasthan,India,559339.0,North,Zone D
CUST02836,Prime Nursing Home,Clinic,Not Available,Jaipur,Rajasthan,India,603434.0,South,Zone B
CUST01633,Shree Hospital,Pharmacy,Not Available,Jaipur,Rajasthan,India,300725.0,North,Zone D
CUST02907,Unknown,Retail,Not Available,Chennai,Tamil Nadu,India,443210.0,West,Zone B
CUST02362,Life Medical Store,Pharmacy,Not Available,Chennai,Tamil Nadu,India,419318.0,South,Zone D
CUST02044,National Drug House,Pharmacy,Not Available,Ajmer,Rajasthan,India,464111.0,East,Zone A
CUST00749,Care Medical Store,Clinic,Not Available,Other,Uttar Pradesh,India,555308.0,West,Zone D
CUST03375,Prime Nursing Home,Pharmacy,Not Available,Lucknow,Uttar Pradesh,India,165317.0,East,Zone D
CUST02090,Wellness Drug House,Pharmacy,Not Available,Pune,Maharashtra,India,784974.0,West,Zone A
CUST01682,Metro Drug House,Pharmacy,Not Available,Jodhpur,Rajasthan,India,162640.0,Central,Zone D
CUST01715,City Nursing Home,Wholesaler,Not Available,Ahmedabad,Gujarat,India,341510.0,Central,Zone A
CUST03361,City Pharmacy,Hospital,City Pharmacy,Kolkata,West Bengal,India,,West,Zone D
CUST00523,Central Nursing Home,Retail,Not Available,Delhi,Delhi,India,440175.0,Central,Zone C
CUST03812,City Drug House,Hospital,City Drug House,Nagpur,Maharashtra,India,130053.0,South,Zone A
CUST03849,Life Pharmacy,Clinic,Not Available,Other,Gujarat,India,263637.0,South,Zone C
CUST00277,Sunrise Drug House,Pharmacy,Not Available,Ahmedabad,Gujarat,India,162697.0,Central,Zone A
CUST01305,Central Drug House,Hospital,Central Drug House,Mumbai,Maharashtra,India,665855.0,East,Zone A
CUST03420,Green Drug House,Hospital,Green Drug House,Bangalore,Karnataka,India,316428.0,Central,Zone B
CUST03362,Global Nursing Home,Pharmacy,Not Available,Surat,Gujarat,India,511652.0,Central,Zone A
CUST03731,Care Medical Store,Clinic,Not Available,Hyderabad,Telangana,India,143470.0,North,Zone B
CUST02051,Prime Nursing Home,Hospital,Not Available,Hyderabad,Telangana,India,363088.0,Central,Zone D
CUST02980,Om Drug House,Pharmacy,Not Available,Bhopal,Madhya Pradesh,India,655007.0,East,Zone B
CUST03199,Life Drug House,Wholesaler,Not Available,Nagpur,Maharashtra,India,256355.0,Central,Zone D
CUST00650,Central Hospital,Pharmacy,Not Available,Surat,Gujarat,India,472770.0,North,Zone A
CUST00350,Sunrise Healthcare,Pharmacy,Not Available,Hyderabad,Telangana,India,741267.0,Central,Zone C
CUST00229,Life Hospital,Pharmacy,Not Available,Ajmer,Rajasthan,India,442477.0,North,Zone D
CUST00141,Shree Medical Store,Pharmacy,Not Available,Kota,Rajasthan,India,,East,Zone D
CUST02463,Care Healthcare,Retail,Not Available,Other,Rajasthan,India,195385.0,South,Zone B
CUST00278,Om Pharmacy,Pharmacy,Not Available,Nagpur,Maharashtra,India,742583.0,East,Zone B
CUST00312,Wellness Drug House,Hospital,Wellness Drug House,Udaipur,Rajasthan,India,111622.0,West,Zone C
CUST00960,Green Drug House,Hospital,Green Drug House,Mumbai,Maharashtra,India,669094.0,South,Zone A
CUST03239,Global Healthcare,Clinic,Not Available,Lucknow,Uttar Pradesh,India,744683.0,North,Zone C
CUST00766,National Drug House,Wholesaler,Not Available,Hyderabad,Telangana,India,228059.0,North,Zone D
CUST01096,Unknown,Wholesaler,Not Available,Kolkata,West Bengal,India,117503.0,West,Zone B
CUST00947,Wellness Medical Store,Hospital,Wellness Medical Store,Mumbai,Maharashtra,India,623614.0,South,Zone A
CUST01236,Apex Hospital,Pharmacy,Not Available,Chennai,Tamil Nadu,India,517717.0,North,Zone B
CUST00847,National Nursing Home,Retail,Not Available,Kolkata,West Bengal,India,115976.0,East,Zone A
CUST03951,Sunrise Clinic,Pharmacy,Not Available,Nagpur,Maharashtra,India,,Central,Zone B
CUST03240,Green Pharmacy,Retail,Not Available,Pune,,India,130010.0,East,Zone A
CUST01478,Global Healthcare,Clinic,Not Available,Bangalore,Karnataka,India,413843.0,West,Zone C
CUST00470,Om Nursing Home,Hospital,Om Nursing Home,Pune,Maharashtra,India,651330.0,West,Zone C
CUST01992,Om Hospital,Pharmacy,Not Available,Bangalore,Karnataka,India,,Central,Zone A
CUST03213,Om Nursing Home,Pharmacy,Not Available,Indore,Madhya Pradesh,India,737402.0,West,Zone C
CUST02914,Om Nursing Home,Pharmacy,Not Available,Other,Rajasthan,India,601487.0,Central,Zone A
CUST01009,Shree Nursing Home,Pharmacy,Not Available,Ajmer,Rajasthan,India,761359.0,West,Zone B
CUST02854,Life Healthcare,Pharmacy,Not Available,Mumbai,Maharashtra,India,727133.0,Central,Zone D
CUST01951,Sunrise Medical Store,Pharmacy,Not Available,Mumbai,Maharashtra,India,,West,Zone B
CUST00964,Shanti Medical Store,Pharmacy,Not Available,Kota,Rajasthan,India,565867.0,East,Zone B
CUST02850,Shanti Nursing Home,Hospital,Shanti Nursing Home,Delhi,Delhi,India,684738.0,East,Zone A
CUST03778,Om Nursing Home,Pharmacy,Not Available,Udaipur,Rajasthan,India,344295.0,East,Zone C
CUST00125,Sunrise Pharmacy,Pharmacy,Not Available,Mumbai,Maharashtra,India,122274.0,South,Zone B
CUST02103,Wellness Clinic,Wholesaler,Not Available,Chennai,Tamil Nadu,India,760506.0,South,Zone D
CUST03567,Unknown,Hospital,Green Nursing Home,Udaipur,Rajasthan,India,650688.0,Central,Zone A
CUST02335,Shree Drug House,Pharmacy,Not Available,Ajmer,Rajasthan,India,450265.0,East,Zone D
CUST01643,Prime Clinic,Retail,Not Available,Other,Delhi,India,367017.0,North,Zone B
CUST02322,Care Pharmacy,Pharmacy,Not Available,Hyderabad,Telangana,India,206216.0,West,Zone A
CUST03608,Prime Hospital,Hospital,Prime Hospital,Pune,Maharashtra,India,342017.0,West,Zone D
CUST02673,City Hospital,Pharmacy,Not Available,Jodhpur,Rajasthan,India,581209.0,North,Zone B
CUST00208,Green Pharmacy,Retail,Not Available,Other,Delhi,India,137859.0,North,Zone A
CUST01547,National Medical Store,Pharmacy,Not Available,Jaipur,Rajasthan,India,259689.0,West,Zone A
CUST02449,Life Clinic,Retail,Not Available,Delhi,Delhi,India,357286.0,North,Zone B
CUST03749,Sunrise Nursing Home,Pharmacy,Not Available,Bhopal,Madhya Pradesh,India,140172.0,East,Zone C
CUST02228,Prime Nursing Home,Pharmacy,Not Available,Jaipur,Rajasthan,India,,West,Zone C
CUST01668,Shree Drug House,Retail,Not Available,Hyderabad,Telangana,India,499743.0,South,Zone A
CUST03454,Sunrise Nursing Home,Wholesaler,Not Available,Hyderabad,Telangana,India,267902.0,East,Zone C
CUST03419,Apex Pharmacy,Retail,Not Available,Ajmer,Rajasthan,India,718855.0,Central,Zone B
CUST02529,National Healthcare,Hospital,National Healthcare,Ajmer,Rajasthan,India,140118.0,East,Zone C
CUST03324,Rajdhani Medical Store,Clinic,Not Available,Other,Rajasthan,India,250591.0,West,Zone A
CUST00677,Sunrise Clinic,Pharmacy,Not Available,Udaipur,Rajasthan,India,534502.0,North,Zone A
CUST03938,Rajdhani Healthcare,Pharmacy,Not Available,Ajmer,,India,621158.0,North,Zone B
CUST00999,Shanti Clinic,Pharmacy,Not Available,Bangalore,Karnataka,India,156592.0,Central,Zone A
CUST02224,Om Clinic,Pharmacy,Not Available,Ahmedabad,Gujarat,India,321955.0,North,Zone A
CUST01852,Global Healthcare,Pharmacy,Not Available,Ajmer,Rajasthan,India,617579.0,South,Zone D
CUST00343,Green Clinic,Wholesaler,Not Available,Nagpur,Maharashtra,India,623458.0,West,Zone A
CUST01991,City Drug House,Pharmacy,Not Available,Hyderabad,Telangana,India,365495.0,North,Zone A
CUST00457,Rajdhani Medical Store,Pharmacy,Not Available,Chennai,Tamil Nadu,India,703344.0,Central,Zone A
CUST02602,Prime Healthcare,Wholesaler,Not Available,Other,Maharashtra,India,787767.0,East,Zone B
CUST01509,Metro Drug House,Hospital,Metro Drug House,Kolkata,West Bengal,India,485655.0,West,Zone A
CUST00484,Rajdhani Drug House,Retail,Not Available,Nagpur,Maharashtra,India,232909.0,Central,Zone B
CUST02081,City Nursing Home,Pharmacy,Not Available,Udaipur,Rajasthan,India,492492.0,Central,Zone A
CUST00085,City Healthcare,Pharmacy,Not Available,Kolkata,West Bengal,India,217518.0,West,Zone A
CUST02621,Apex Healthcare,Pharmacy,Not Available,Nagpur,Maharashtra,India,342373.0,North,Zone B
CUST03833,Green Healthcare,Wholesaler,Not Available,Nagpur,Maharashtra,India,312074.0,West,Zone C
CUST00593,Shree Hospital,Pharmacy,Not Available,Other,Karnataka,India,433802.0,Central,Zone B
CUST01405,Rajdhani Clinic,Hospital,Rajdhani Clinic,Delhi,Delhi,India,634647.0,Central,Zone B
CUST00889,Central Drug House,Hospital,Central Drug House,Chennai,Tamil Nadu,India,441038.0,East,Zone A
CUST02937,Green Medical Store,Pharmacy,Not Available,Jodhpur,Rajasthan,India,274052.0,East,Zone A
CUST00518,Green Clinic,Pharmacy,Not Available,Ahmedabad,Gujarat,India,260550.0,South,Zone D
CUST01272,Unknown,Pharmacy,Not Available,Bhopal,Madhya Pradesh,India,757903.0,West,Zone B
CUST01663,City Healthcare,Pharmacy,Not Available,Bhopal,Madhya Pradesh,India,,North,Zone C
CUST00367,Care Healthcare,Retail,Not Available,Pune,Maharashtra,India,671756.0,North,Zone D
CUST02524,Global Drug House,Pharmacy,Not Available,Lucknow,Rajasthan,India,355040.0,South,Zone C
CUST00020,Apex Clinic,Pharmacy,Not Available,Delhi,Delhi,India,235588.0,South,Zone C
CUST01548,Green Healthcare,Wholesaler,Not Available,Kolkata,,India,258512.0,North,Zone D
CUST01191,Sunrise Pharmacy,Pharmacy,Not Available,Bhopal,Madhya Pradesh,India,180439.0,North,Zone D
CUST02153,National Hospital,Wholesaler,Not Available,Udaipur,Rajasthan,India,147394.0,South,Zone A
CUST01452,Green Medical Store,Pharmacy,Not Available,Mumbai,Maharashtra,India,713201.0,Central,Zone C
CUST02293,Life Healthcare,Hospital,Life Healthcare,Hyderabad,Telangana,India,370018.0,West,Zone D
CUST03761,Shree Nursing Home,Pharmacy,Not Available,Nagpur,Maharashtra,India,733819.0,Central,Zone C
CUST03484,Sunrise Clinic,Hospital,Sunrise Clinic,Surat,Gujarat,India,153042.0,West,Zone B
CUST03155,Shanti Hospital,Clinic,Not Available,Nagpur,,India,,East,Zone C
CUST01589,Green Drug House,Wholesaler,Not Available,Jodhpur,Rajasthan,India,488936.0,West,Zone C
CUST01754,Unknown,Pharmacy,Not Available,Lucknow,Uttar Pradesh,India,132538.0,North,Zone B
CUST02686,Shree Pharmacy,Clinic,Not Available,Pune,Maharashtra,India,633634.0,North,Zone C
CUST01314,Wellness Clinic,Pharmacy,Not Available,Jodhpur,Rajasthan,India,467033.0,West,Zone C
CUST01734,City Hospital,Pharmacy,Not Available,Delhi,Delhi,India,766170.0,North,Zone B
CUST01777,Apex Healthcare,Clinic,Not Available,Mumbai,Maharashtra,India,451291.0,West,Zone D
CUST01444,Global Healthcare,Pharmacy,Not Available,Other,Gujarat,India,580801.0,South,Zone C
CUST03784,Rajdhani Hospital,Retail,Not Available,Jaipur,Rajasthan,India,196556.0,South,Zone A
CUST03327,Central Drug House,Pharmacy,Not Available,Kolkata,West Bengal,India,561068.0,North,Zone D
CUST00318,Unknown,Pharmacy,Not Available,Nagpur,Maharashtra,India,334368.0,South,Zone D
CUST00101,Shree Hospital,Wholesaler,Not Available,Surat,Gujarat,India,717263.0,North,Zone C
CUST00755,Shanti Hospital,Hospital,Shanti Hospital,Jodhpur,Rajasthan,India,477697.0,North,Zone D
CUST02516,Unknown,Wholesaler,Not Available,Lucknow,Uttar Pradesh,India,587346.0,West,Zone D
CUST02277,Rajdhani Pharmacy,Pharmacy,Not Available,Jodhpur,Rajasthan,India,664178.0,Central,Zone A
CUST00507,Global Clinic,Pharmacy,Not Available,Jodhpur,Rajasthan,India,703140.0,South,Zone D
CUST01423,Om Hospital,Hospital,Om Hospital,Ahmedabad,Gujarat,India,427615.0,West,Zone C
CUST03323,Sunrise Nursing Home,Wholesaler,Not Available,Nagpur,,India,755612.0,North,Zone B
CUST01425,Shanti Healthcare,Hospital,Shanti Healthcare,Indore,Madhya Pradesh,India,302673.0,West,Zone D
CUST03115,Shree Hospital,Pharmacy,Not Available,Bangalore,Karnataka,India,210750.0,East,Zone B
CUST00587,Shanti Pharmacy,Retail,Not Available,Bhopal,Madhya Pradesh,India,322082.0,West,Zone A
CUST03598,Prime Nursing Home,Pharmacy,Not Available,Jaipur,Rajasthan,India,493286.0,North,Zone C
CUST00748,Green Drug House,Pharmacy,Not Available,Ajmer,Rajasthan,India,517446.0,Central,Zone B
CUST00758,City Clinic,Hospital,City Clinic,Other,Maharashtra,India,584489.0,West,Zone D
CUST01586,Prime Pharmacy,Pharmacy,Not Available,Pune,Maharashtra,India,343131.0,South,Zone B
CUST00406,Central Medical Store,Clinic,Not Available,Chennai,Tamil Nadu,India,489338.0,East,Zone C
CUST01175,Wellness Clinic,Hospital,Wellness Clinic,Hyderabad,Telangana,India,,South,Zone C
CUST02101,Life Medical Store,Retail,Not Available,Nagpur,Maharashtra,India,310298.0,Central,Zone D
CUST00002,Care Pharmacy,Retail,Not Available,Other,,India,647392.0,South,Zone D
CUST02267,Life Medical Store,Pharmacy,Not Available,Jaipur,Maharashtra,India,278738.0,East,Zone D
CUST02392,Care Healthcare,Pharmacy,Not Available,Nagpur,Maharashtra,India,436328.0,East,Zone D
CUST01644,Apex Nursing Home,Pharmacy,Not Available,Jaipur,Rajasthan,India,325583.0,West,Zone B
CUST01056,Om Pharmacy,Pharmacy,Not Available,Bhopal,Madhya Pradesh,India,499702.0,South,Zone D
CUST03203,City Drug House,Pharmacy,Not Available,Hyderabad,,India,164841.0,West,Zone C
CUST00808,Life Nursing Home,Clinic,Not Available,Other,Madhya Pradesh,India,647494.0,East,Zone D
CUST00117,Sunrise Hospital,Pharmacy,Not Available,Udaipur,Rajasthan,India,303413.0,East,Zone D
CUST02717,Global Drug House,Hospital,Global Drug House,Lucknow,Uttar Pradesh,India,331541.0,West,Zone C
CUST00979,Care Nursing Home,Hospital,Care Nursing Home,Indore,Madhya Pradesh,India,373983.0,Central,Zone A
CUST01213,Central Drug House,Pharmacy,Not Available,Ahmedabad,Gujarat,India,761721.0,Central,Zone B
CUST01605,Prime Drug House,Clinic,Not Available,Jodhpur,Rajasthan,India,616812.0,West,Zone D
CUST00500,Om Hospital,Wholesaler,Not Available,Lucknow,Uttar Pradesh,India,384186.0,North,Zone B
CUST01004,Om Drug House,Pharmacy,Not Available,Lucknow,Uttar Pradesh,India,413021.0,West,Zone D
CUST03191,Om Clinic,Hospital,Om Clinic,Kota,Rajasthan,India,126646.0,South,Zone D
CUST02885,Apex Hospital,Pharmacy,Not Available,Nagpur,Maharashtra,India,634215.0,West,Zone C
CUST03300,Shanti Healthcare,Clinic,Not Available,Kolkata,West Bengal,India,325725.0,Central,Zone A
CUST00736,Om Clinic,Pharmacy,Not Available,Hyderabad,Telangana,India,446835.0,West,Zone C
CUST02235,National Healthcare,Clinic,Not Available,Mumbai,Maharashtra,India,325417.0,West,Zone D
CUST02736,City Pharmacy,Wholesaler,Not Available,Kota,,India,746386.0,East,Zone D
CUST00338,Metro Drug House,Hospital,Not Available,Other,Rajasthan,India,454904.0,East,Zone B
CUST01274,Wellness Pharmacy,Hospital,Wellness Pharmacy,Udaipur,Rajasthan,India,539752.0,North,Zone D
CUST03856,Green Hospital,Clinic,Not Available,Mumbai,Maharashtra,India,176723.0,North,Zone A
CUST00253,National Healthcare,Clinic,Not Available,Bhopal,Madhya Pradesh,India,224896.0,North,Zone A
CUST00668,Shree Drug House,Wholesaler,Not Available,Ajmer,Rajasthan,India,567801.0,North,Zone C
CUST00911,City Medical Store,Pharmacy,Not Available,Kolkata,West Bengal,India,296403.0,East,Zone B
CUST01693,Apex Hospital,Pharmacy,Not Available,Bangalore,Karnataka,India,383491.0,South,Zone B
CUST00264,Life Hospital,Clinic,Not Available,Ajmer,Rajasthan,India,244291.0,East,Zone A
CUST00281,Prime Drug House,Wholesaler,Not Available,Udaipur,Rajasthan,India,,East,Zone B
CUST03746,Unknown,Pharmacy,Not Available,Chennai,Tamil Nadu,India,630663.0,West,Zone D
CUST02635,Prime Nursing Home,Clinic,Not Available,Udaipur,Rajasthan,India,322992.0,North,Zone C
CUST03417,National Drug House,Wholesaler,Not Available,Surat,Gujarat,India,508352.0,Central,Zone A
CUST02547,Metro Nursing Home,Clinic,Not Available,Surat,Gujarat,India,,North,Zone D
CUST02175,Central Healthcare,Clinic,Not Available,Udaipur,Rajasthan,India,665117.0,Central,Zone B
CUST00462,Care Hospital,Hospital,Care Hospital,Nagpur,Maharashtra,India,711196.0,East,Zone B
CUST02492,Apex Healthcare,Pharmacy,Not Available,Mumbai,Maharashtra,India,707056.0,Central,Zone B
CUST02422,Shanti Pharmacy,Hospital,Shanti Pharmacy,Other,Maharashtra,India,490007.0,East,Zone D
CUST01232,City Clinic,Retail,Not Available,Ahmedabad,West Bengal,India,255431.0,North,Zone A
CUST03877,National Drug House,Pharmacy,Not Available,Udaipur,Rajasthan,India,340312.0,Central,Zone C
CUST03491,City Hospital,Pharmacy,Not Available,Delhi,Delhi,India,731152.0,Central,Zone C
CUST01171,Global Pharmacy,Retail,Not Available,Ajmer,,India,408050.0,West,Zone C
CUST01135,Global Medical Store,Hospital,Global Medical Store,Mumbai,Maharashtra,India,383828.0,West,Zone B
CUST01683,Prime Clinic,Hospital,Prime Clinic,Surat,Gujarat,India,749225.0,West,Zone A
CUST01084,Sunrise Clinic,Pharmacy,Not Available,Hyderabad,Telangana,India,707189.0,West,Zone A
CUST01003,Global Healthcare,Clinic,Not Available,Hyderabad,Telangana,India,236195.0,East,Zone C
CUST01182,Care Nursing Home,Clinic,Not Available,Bhopal,Madhya Pradesh,India,721217.0,East,Zone A
CUST02368,Prime Nursing Home,Wholesaler,Not Available,Surat,Gujarat,India,424758.0,South,Zone C
CUST03865,Sunrise Medical Store,Clinic,Not Available,Kolkata,West Bengal,India,127861.0,South,Zone B
CUST03975,Sunrise Clinic,Clinic,Not Available,Kolkata,West Bengal,India,632458.0,South,Zone A
CUST03604,Prime Hospital,Pharmacy,Not Available,Indore,Madhya Pradesh,India,214739.0,East,Zone A
CUST02699,Life Drug House,Wholesaler,Not Available,Other,West Bengal,India,635631.0,West,Zone C
CUST03931,Global Clinic,Wholesaler,Not Available,Surat,Gujarat,India,127382.0,South,Zone D
CUST01588,Om Pharmacy,Wholesaler,Not Available,Surat,Gujarat,India,294909.0,South,Zone C
CUST02468,Shree Healthcare,Retail,Not Available,Bangalore,Karnataka,India,367992.0,West,Zone B
CUST01559,Shanti Hospital,Wholesaler,Not Available,Jodhpur,Rajasthan,India,294607.0,Central,Zone C
CUST01875,Life Healthcare,Wholesaler,Not Available,Pune,Maharashtra,India,577681.0,Central,Zone C
CUST00151,Apex Drug House,Hospital,Apex Drug House,Lucknow,Uttar Pradesh,India,358795.0,West,Zone B
CUST02550,Rajdhani Medical Store,Hospital,Rajdhani Medical Store,Ahmedabad,Gujarat,India,227308.0,West,Zone C
CUST00729,Shanti Medical Store,Wholesaler,Not Available,Jodhpur,Rajasthan,India,378629.0,South,Zone C
CUST01860,National Pharmacy,Pharmacy,Not Available,Chennai,Tamil Nadu,India,690747.0,South,Zone C
CUST01307,City Pharmacy,Pharmacy,Not Available,Kota,Rajasthan,India,412915.0,North,Zone B
CUST02356,Prime Pharmacy,Hospital,Prime Pharmacy,Lucknow,Uttar Pradesh,India,752072.0,South,Zone C
CUST03166,Wellness Medical Store,Retail,Not Available,Other,Karnataka,India,319307.0,North,Zone B
CUST02629,Life Drug House,Pharmacy,Not Available,Chennai,Tamil Nadu,India,148444.0,West,Zone B
CUST02231,Prime Clinic,Pharmacy,Not Available,Ahmedabad,Gujarat,India,666215.0,West,Zone A
CUST01974,Rajdhani Drug House,Pharmacy,Not Available,Other,Madhya Pradesh,India,245803.0,Central,Zone D
CUST03106,Rajdhani Healthcare,Pharmacy,Not Available,Indore,Madhya Pradesh,India,,South,Zone A
CUST03176,Central Healthcare,Hospital,Central Healthcare,Pune,Maharashtra,India,177232.0,North,Zone B
CUST00177,Wellness Nursing Home,Hospital,Wellness Nursing Home,Nagpur,,India,548177.0,East,Zone B
CUST03497,Om Clinic,Hospital,Om Clinic,Udaipur,Rajasthan,India,,East,Zone B
CUST03303,Sunrise Medical Store,Pharmacy,Not Available,Surat,Gujarat,India,537118.0,East,Zone D
CUST01402,Care Drug House,Pharmacy,Not Available,Delhi,Delhi,India,491551.0,North,Zone D
CUST03822,Apex Healthcare,Clinic,Not Available,Udaipur,Rajasthan,India,383640.0,West,Zone D
CUST00130,Prime Drug House,Pharmacy,Not Available,Lucknow,,India,285451.0,East,Zone D
CUST01160,Global Clinic,Pharmacy,Not Available,Chennai,Tamil Nadu,India,327568.0,South,Zone B
CUST00307,Metro Pharmacy,Pharmacy,Not Available,Lucknow,Uttar Pradesh,India,527880.0,Central,Zone D
CUST02220,Shanti Healthcare,Wholesaler,Not Available,Ahmedabad,Gujarat,India,215901.0,Central,Zone B
CUST01162,Wellness Medical Store,Clinic,Not Available,Lucknow,Uttar Pradesh,India,737494.0,South,Zone D
CUST03578,Sunrise Healthcare,Hospital,Sunrise Healthcare,Kota,,India,522715.0,West,Zone C
CUST00463,Apex Pharmacy,Clinic,Not Available,Bangalore,Karnataka,India,756716.0,East,Zone B
CUST01306,Life Medical Store,Hospital,Life Medical Store,Jodhpur,Rajasthan,India,584276.0,North,Zone C
CUST01007,Life Nursing Home,Hospital,Life Nursing Home,Ahmedabad,Gujarat,India,560190.0,South,Zone A
CUST01266,Central Hospital,Pharmacy,Not Available,Delhi,Delhi,India,496751.0,West,Zone B
CUST01380,Metro Pharmacy,Pharmacy,Not Available,Lucknow,Uttar Pradesh,India,241093.0,Central,Zone D
CUST02493,Unknown,Hospital,Care Clinic,Udaipur,Rajasthan,India,714156.0,East,Zone B
CUST01522,City Nursing Home,Clinic,Not Available,Nagpur,Maharashtra,India,691177.0,North,Zone D
CUST02450,Shree Clinic,Wholesaler,Not Available,Pune,Maharashtra,India,718110.0,East,Zone C
CUST00114,Global Pharmacy,Hospital,Global Pharmacy,Nagpur,Maharashtra,India,154466.0,East,Zone A
CUST00211,City Pharmacy,Pharmacy,Not Available,Bangalore,,India,663599.0,East,Zone D
CUST00369,Om Drug House,Pharmacy,Not Available,Ajmer,Rajasthan,India,,Central,Zone B
CUST00732,Green Pharmacy,Pharmacy,Not Available,Kota,Rajasthan,India,,East,Zone D
CUST03317,Global Hospital,Pharmacy,Not Available,Lucknow,Uttar Pradesh,India,708420.0,North,Zone B
CUST01199,City Medical Store,Pharmacy,Not Available,Kota,Rajasthan,India,726703.0,North,Zone C
CUST03950,Metro Clinic,Hospital,Metro Clinic,Bhopal,Madhya Pradesh,India,200710.0,North,Zone A
CUST03018,Wellness Pharmacy,Retail,Not Available,Ajmer,Rajasthan,India,,Central,Zone A
CUST01814,Unknown,Pharmacy,Not Available,Indore,Madhya Pradesh,India,189511.0,South,Zone A
CUST02609,Rajdhani Clinic,Clinic,Not Available,Udaipur,Rajasthan,India,250155.0,South,Zone D
CUST01411,Care Pharmacy,Wholesaler,Not Available,Other,Gujarat,India,690753.0,North,Zone C
CUST03712,Unknown,Pharmacy,Not Available,Pune,Maharashtra,India,582492.0,Central,Zone D
CUST01872,Prime Healthcare,Pharmacy,Not Available,Delhi,,India,327111.0,West,Zone B
CUST02765,Apex Clinic,Wholesaler,Not Available,Surat,Gujarat,India,137889.0,West,Zone A
CUST02952,Apex Nursing Home,Retail,Not Available,Nagpur,Maharashtra,India,513340.0,North,Zone A
CUST02474,Green Clinic,Hospital,Green Clinic,Kota,Rajasthan,India,433157.0,South,Zone D
CUST01031,Care Nursing Home,Retail,Not Available,Pune,Maharashtra,India,,East,Zone B
CUST02219,Unknown,Wholesaler,Not Available,Indore,Madhya Pradesh,India,765615.0,East,Zone B
CUST00584,Global Drug House,Clinic,Not Available,Nagpur,Maharashtra,India,201945.0,South,Zone A
CUST03245,Unknown,Hospital,Green Pharmacy,Pune,Maharashtra,India,,East,Zone C
CUST03187,City Hospital,Clinic,Not Available,Bhopal,Madhya Pradesh,India,752838.0,North,Zone A
CUST02225,Unknown,Hospital,Metro Hospital,Udaipur,Rajasthan,India,241116.0,West,Zone A
CUST00771,Om Healthcare,Hospital,Om Healthcare,Other,Madhya Pradesh,India,283348.0,South,Zone A
CUST00574,Wellness Pharmacy,Pharmacy,Not Available,Kota,Rajasthan,India,590143.0,Central,Zone D
CUST02627,Global Drug House,Pharmacy,Not Available,Ajmer,Rajasthan,India,759741.0,West,Zone B
CUST01362,Care Drug House,Hospital,Care Drug House,Kota,Rajasthan,India,623938.0,East,Zone B
CUST00494,Shree Nursing Home,Hospital,Shree Nursing Home,Bangalore,Karnataka,India,583212.0,East,Zone B
CUST03591,Care Medical Store,Pharmacy,Not Available,Lucknow,Uttar Pradesh,India,172195.0,North,Zone D
CUST03698,Sunrise Nursing Home,Hospital,Sunrise Nursing Home,Ajmer,Rajasthan,India,479612.0,North,Zone C
CUST02564,Green Clinic,Wholesaler,Not Available,Surat,Gujarat,India,151419.0,North,Zone B
CUST01637,Care Hospital,Wholesaler,Not Available,Other,Maharashtra,India,533649.0,South,Zone D
CUST01936,Life Pharmacy,Hospital,Life Pharmacy,Hyderabad,Telangana,India,675062.0,North,Zone C
CUST03959,Wellness Nursing Home,Retail,Not Available,Delhi,Delhi,India,589573.0,East,Zone A
CUST01925,Care Hospital,Pharmacy,Not Available,Other,Maharashtra,India,401409.0,West,Zone A
CUST03818,Care Medical Store,Clinic,Not Available,Mumbai,Maharashtra,India,711090.0,Central,Zone C
CUST01778,Sunrise Healthcare,Clinic,Not Available,Pune,Maharashtra,India,141175.0,West,Zone A
CUST00483,Sunrise Drug House,Pharmacy,Not Available,Other,Tamil Nadu,India,633369.0,Central,Zone D
CUST01878,National Drug House,Wholesaler,Not Available,Jaipur,Rajasthan,India,213696.0,South,Zone C
CUST00838,Prime Pharmacy,Hospital,Prime Pharmacy,Udaipur,Rajasthan,India,494059.0,East,Zone C
CUST03416,Prime Clinic,Wholesaler,Not Available,Mumbai,Maharashtra,India,548400.0,East,Zone C
CUST03439,Metro Hospital,Hospital,Metro Hospital,Pune,Maharashtra,India,782346.0,West,Zone B
CUST02070,Sunrise Clinic,Clinic,Not Available,Jodhpur,Rajasthan,India,,West,Zone C
CUST01989,Care Healthcare,Pharmacy,Not Available,Surat,Gujarat,India,480550.0,West,Zone D
CUST02705,Central Drug House,Hospital,Central Drug House,Bangalore,Karnataka,India,645803.0,South,Zone B
CUST03911,Sunrise Clinic,Clinic,Not Available,Chennai,Tamil Nadu,India,372671.0,South,Zone C
CUST03442,Care Medical Store,Pharmacy,Not Available,Pune,Maharashtra,India,763595.0,East,Zone B
CUST03337,Shanti Hospital,Pharmacy,Not Available,Jodhpur,Rajasthan,India,595669.0,Central,Zone B
CUST02702,Unknown,Pharmacy,Not Available,Mumbai,,India,749871.0,Central,Zone B
CUST00996,Green Pharmacy,Hospital,Green Pharmacy,Udaipur,Rajasthan,India,395763.0,Central,Zone C
CUST01679,Wellness Pharmacy,Pharmacy,Not Available,Indore,Madhya Pradesh,India,779883.0,East,Zone D
CUST01287,Om Clinic,Pharmacy,Not Available,Kota,Rajasthan,India,386819.0,West,Zone D
CUST00035,Sunrise Clinic,Hospital,Sunrise Clinic,Mumbai,Maharashtra,India,139497.0,Central,Zone D
CUST02437,Apex Pharmacy,Pharmacy,Not Available,Indore,Madhya Pradesh,India,364954.0,West,Zone A
CUST03682,Central Drug House,Hospital,Central Drug House,Chennai,Tamil Nadu,India,,West,Zone D
CUST03028,Rajdhani Healthcare,Pharmacy,Not Available,Other,Rajasthan,India,632567.0,South,Zone A
CUST03331,Unknown,Pharmacy,Not Available,Udaipur,Rajasthan,India,,Central,Zone D
CUST02689,Sunrise Nursing Home,Clinic,Not Available,Kolkata,West Bengal,India,111123.0,South,Zone C
CUST02030,Central Drug House,Retail,Not Available,Udaipur,Rajasthan,India,281684.0,Central,Zone C
CUST01283,Global Hospital,Pharmacy,Not Available,Indore,Madhya Pradesh,India,165322.0,South,Zone D
CUST00786,Apex Pharmacy,Retail,Not Available,Lucknow,Uttar Pradesh,India,311370.0,South,Zone D
CUST00673,Wellness Clinic,Hospital,Wellness Clinic,Chennai,Tamil Nadu,India,481179.0,South,Zone A
CUST01609,Om Clinic,Pharmacy,Not Available,Ajmer,Rajasthan,India,125361.0,Central,Zone A
CUST01593,Shanti Healthcare,Wholesaler,Not Available,Nagpur,Maharashtra,India,420883.0,North,Zone A
CUST02021,Om Nursing Home,Pharmacy,Not Available,Mumbai,Maharashtra,India,433851.0,West,Zone D
CUST03493,Green Nursing Home,Pharmacy,Not Available,Nagpur,Maharashtra,India,685166.0,South,Zone B
CUST03390,City Clinic,Pharmacy,Not Available,Bhopal,Madhya Pradesh,India,739512.0,West,Zone C
CUST01258,Rajdhani Drug House,Pharmacy,Not Available,Kota,Rajasthan,India,660997.0,South,Zone C
CUST03092,National Clinic,Hospital,National Clinic,Chennai,Tamil Nadu,India,179351.0,West,Zone C
CUST03884,City Nursing Home,Clinic,Not Available,Bhopal,Madhya Pradesh,India,573545.0,West,Zone B
CUST02238,National Hospital,Pharmacy,Not Available,Hyderabad,Telangana,India,164851.0,Central,Zone D
CUST02967,Metro Medical Store,Pharmacy,Not Available,Indore,Madhya Pradesh,India,111284.0,West,Zone C
CUST01640,National Hospital,Hospital,National Hospital,Mumbai,Maharashtra,India,396310.0,South,Zone B
CUST00319,Life Nursing Home,Pharmacy,Not Available,Other,Maharashtra,India,759311.0,West,Zone D
CUST00034,Prime Drug House,Wholesaler,Not Available,Kolkata,West Bengal,India,708937.0,East,Zone B
CUST00321,National Drug House,Wholesaler,Not Available,Lucknow,Uttar Pradesh,India,473752.0,East,Zone B
CUST02169,Care Healthcare,Retail,Not Available,Other,Rajasthan,India,,Central,Zone C
CUST01144,Shree Nursing Home,Pharmacy,Not Available,Jodhpur,Rajasthan,India,361734.0,South,Zone A
CUST00188,Om Drug House,Hospital,Om Drug House,Nagpur,Maharashtra,India,683448.0,West,Zone C
CUST00813,National Medical Store,Pharmacy,Not Available,Jaipur,Rajasthan,India,279011.0,East,Zone A
CUST00649,Green Drug House,Pharmacy,Not Available,Delhi,Delhi,India,723018.0,Central,Zone D
CUST03559,Rajdhani Drug House,Hospital,Not Available,Surat,Gujarat,India,313043.0,East,Zone D
CUST02059,Care Healthcare,Pharmacy,Not Available,Bhopal,Madhya Pradesh,India,724326.0,Central,Zone A
CUST03602,Life Pharmacy,Pharmacy,Not Available,Udaipur,Rajasthan,India,185113.0,South,Zone D
CUST03656,City Clinic,Pharmacy,Not Available,Jaipur,Rajasthan,India,196972.0,West,Zone C
CUST03851,Sunrise Pharmacy,Pharmacy,Not Available,Delhi,Delhi,India,640632.0,Central,Zone A
CUST03503,Wellness Clinic,Pharmacy,Not Available,Bhopal,Madhya Pradesh,India,392954.0,Central,Zone A
CUST02305,Shanti Nursing Home,Hospital,Shanti Nursing Home,Kota,Rajasthan,India,266213.0,South,Zone D
CUST03809,Care Nursing Home,Hospital,Care Nursing Home,Kolkata,West Bengal,India,257731.0,West,Zone A
CUST01978,National Pharmacy,Pharmacy,Not Available,Surat,Gujarat,India,,West,Zone D
CUST00488,Shanti Healthcare,Wholesaler,Not Available,Nagpur,Maharashtra,India,400933.0,West,Zone D
CUST02531,Life Clinic,Retail,Not Available,Ajmer,Rajasthan,India,544151.0,South,Zone C
CUST03387,Apex Nursing Home,Pharmacy,Not Available,Surat,Gujarat,India,,Central,Zone B
CUST03467,Wellness Clinic,Pharmacy,Not Available,Bhopal,Madhya Pradesh,India,194512.0,West,Zone A
CUST00332,Om Medical Store,Hospital,Om Medical Store,Udaipur,Rajasthan,India,,West,Zone B
CUST02116,Life Drug House,Wholesaler,Not Available,Ajmer,Rajasthan,India,398446.0,Central,Zone A
CUST01524,Om Clinic,Clinic,Not Available,Pune,Maharashtra,India,631440.0,South,Zone A
CUST00772,Rajdhani Healthcare,Retail,Not Available,Hyderabad,West Bengal,India,308497.0,West,Zone D
CUST01370,Metro Hospital,Pharmacy,Not Available,Jaipur,Rajasthan,India,351903.0,East,Zone B
CUST00651,Central Healthcare,Pharmacy,Not Available,Surat,Gujarat,India,239339.0,North,Zone A
CUST02643,Life Hospital,Pharmacy,Not Available,Other,Madhya Pradesh,India,,Central,Zone D
CUST02849,Metro Hospital,Pharmacy,Not Available,Chennai,Tamil Nadu,India,595247.0,East,Zone D
CUST02993,Unknown,Pharmacy,Not Available,Delhi,Delhi,India,252473.0,East,Zone A
CUST00566,Unknown,Pharmacy,Not Available,Jodhpur,Rajasthan,India,703164.0,South,Zone D
CUST01634,Om Pharmacy,Pharmacy,Not Available,Surat,Gujarat,India,517165.0,North,Zone B
CUST03688,Shree Clinic,Hospital,Shree Clinic,Kolkata,West Bengal,India,,South,Zone C
CUST01600,Care Drug House,Retail,Not Available,Ahmedabad,Gujarat,India,410891.0,West,Zone A
CUST00254,Wellness Clinic,Pharmacy,Not Available,Bhopal,Madhya Pradesh,India,619824.0,Central,Zone D
CUST00374,Shree Healthcare,Hospital,Shree Healthcare,Delhi,Delhi,India,378553.0,South,Zone A
CUST02886,Green Pharmacy,Clinic,Not Available,Other,Rajasthan,India,120152.0,North,Zone D
CUST00453,Wellness Healthcare,Clinic,Not Available,Jaipur,Rajasthan,India,587798.0,West,Zone D
CUST02833,Wellness Pharmacy,Pharmacy,Not Available,Hyderabad,,India,161820.0,North,Zone D
CUST01208,Prime Pharmacy,Pharmacy,Not Available,Indore,Madhya Pradesh,India,221653.0,Central,Zone A
CUST03908,Shanti Pharmacy,Pharmacy,Not Available,Jodhpur,Rajasthan,India,441527.0,Central,Zone C
CUST02334,Care Pharmacy,Pharmacy,Not Available,Mumbai,Maharashtra,India,240515.0,East,Zone C
CUST00256,Wellness Pharmacy,Pharmacy,Not Available,Kota,Rajasthan,India,672554.0,West,Zone A
CUST01281,National Nursing Home,Pharmacy,Not Available,Jodhpur,Rajasthan,India,507956.0,West,Zone D
CUST03175,Central Nursing Home,Hospital,Central Nursing Home,Indore,Madhya Pradesh,India,238524.0,West,Zone C
CUST03811,Sunrise Medical Store,Retail,Not Available,Bhopal,Madhya Pradesh,India,306134.0,Central,Zone C
CUST01512,Sunrise Nursing Home,Pharmacy,Not Available,Bhopal,Madhya Pradesh,India,749912.0,East,Zone B
CUST03297,Sunrise Medical Store,Retail,Not Available,Hyderabad,Telangana,India,714628.0,East,Zone A
CUST01585,Sunrise Drug House,Hospital,Sunrise Drug House,Jaipur,Rajasthan,India,685472.0,West,Zone B
CUST02855,Shanti Drug House,Pharmacy,Not Available,Kota,Rajasthan,India,,North,Zone B
CUST00381,Care Healthcare,Hospital,Care Healthcare,Mumbai,Maharashtra,India,318731.0,Central,Zone C
CUST00672,Unknown,Clinic,Not Available,Jaipur,Rajasthan,India,389233.0,Central,Zone D
CUST00231,National Healthcare,Pharmacy,Not Available,Delhi,Delhi,India,,East,Zone A
CUST02458,Apex Nursing Home,Hospital,Apex Nursing Home,Mumbai,Maharashtra,India,401975.0,North,Zone C
CUST01808,Wellness Medical Store,Hospital,Wellness Medical Store,Hyderabad,Telangana,India,526502.0,South,Zone C
CUST02307,National Healthcare,Clinic,Not Available,Kolkata,West Bengal,India,223365.0,Central,Zone A
CUST01581,Prime Medical Store,Pharmacy,Not Available,Kolkata,West Bengal,India,582056.0,South,Zone C
CUST03901,Wellness Clinic,Hospital,Wellness Clinic,Delhi,Delhi,India,561894.0,East,Zone A
CUST01500,Green Medical Store,Clinic,Not Available,Kota,Rajasthan,India,127828.0,East,Zone C
CUST00064,Sunrise Pharmacy,Pharmacy,Not Available,Other,Gujarat,India,482413.0,Central,Zone D
CUST00022,Shanti Healthcare,Pharmacy,Not Available,Bhopal,Madhya Pradesh,India,416838.0,West,Zone A
CUST00054,Global Clinic,Pharmacy,Not Available,Nagpur,Maharashtra,India,633102.0,Central,Zone D
CUST01413,Green Nursing Home,Clinic,Not Available,Udaipur,Rajasthan,India,162761.0,North,Zone C
CUST03249,Wellness Hospital,Retail,Not Available,Chennai,Tamil Nadu,India,515361.0,South,Zone C
CUST00170,Care Pharmacy,Wholesaler,Not Available,Bangalore,Karnataka,India,698156.0,West,Zone D
CUST02727,Prime Medical Store,Hospital,Prime Medical Store,Hyderabad,Telangana,India,174511.0,West,Zone B
CUST00627,Global Hospital,Pharmacy,Not Available,Chennai,Tamil Nadu,India,237152.0,South,Zone D
CUST00532,Life Drug House,Hospital,Life Drug House,Ajmer,Rajasthan,India,250589.0,South,Zone D
CUST02890,Metro Healthcare,Hospital,Metro Healthcare,Other,Gujarat,India,298020.0,West,Zone A
CUST00878,Shanti Pharmacy,Pharmacy,Not Available,Hyderabad,Telangana,India,240551.0,West,Zone C
CUST03457,Wellness Medical Store,Hospital,Wellness Medical Store,Indore,Madhya Pradesh,India,349010.0,Central,Zone D
CUST00881,Life Drug House,Hospital,Life Drug House,Ajmer,Rajasthan,India,410541.0,North,Zone C
CUST01446,Sunrise Pharmacy,Pharmacy,Not Available,Jodhpur,Rajasthan,India,263763.0,East,Zone A
CUST03359,Green Pharmacy,Pharmacy,Not Available,Mumbai,Maharashtra,India,669709.0,Central,Zone D
CUST00473,Om Medical Store,Clinic,Not Available,Other,Madhya Pradesh,India,,South,Zone A
CUST01953,Global Nursing Home,Pharmacy,Not Available,Hyderabad,Telangana,India,381429.0,South,Zone B
CUST00261,Global Drug House,Pharmacy,Not Available,Udaipur,Rajasthan,India,,West,Zone B
CUST01902,Sunrise Clinic,Clinic,Not Available,Bangalore,Karnataka,India,732591.0,North,Zone A
CUST02404,Apex Medical Store,Hospital,Apex Medical Store,Other,Maharashtra,India,689794.0,North,Zone D
CUST00919,Shree Nursing Home,Pharmacy,Not Available,Hyderabad,Telangana,India,426534.0,North,Zone D
CUST01045,Life Nursing Home,Wholesaler,Not Available,Udaipur,Rajasthan,India,287060.0,West,Zone C
CUST02317,Rajdhani Pharmacy,Pharmacy,Not Available,Surat,Gujarat,India,617704.0,Central,Zone D
CUST00058,Care Nursing Home,Wholesaler,Not Available,Pune,Maharashtra,India,654356.0,Central,Zone B
CUST03486,Metro Hospital,Clinic,Not Available,Nagpur,Maharashtra,India,274402.0,West,Zone A
CUST02424,Green Pharmacy,Clinic,Not Available,Kolkata,West Bengal,India,723667.0,North,Zone C
CUST01120,Green Healthcare,Pharmacy,Not Available,Indore,Madhya Pradesh,India,483067.0,South,Zone D
CUST02913,National Healthcare,Pharmacy,Not Available,Kota,Rajasthan,India,728514.0,East,Zone C
CUST03520,Rajdhani Hospital,Pharmacy,Not Available,Other,Madhya Pradesh,India,411822.0,South,Zone B
CUST00968,Shree Medical Store,Wholesaler,Not Available,Other,Maharashtra,India,172174.0,East,Zone D
CUST03006,Life Nursing Home,Hospital,Life Nursing Home,Other,Gujarat,India,643693.0,Central,Zone C
CUST02075,Wellness Pharmacy,Wholesaler,Not Available,Bhopal,Madhya Pradesh,India,456944.0,West,Zone D
CUST02138,Shanti Medical Store,Pharmacy,Not Available,Jaipur,Rajasthan,India,684713.0,Central,Zone C
CUST02998,Green Clinic,Pharmacy,Not Available,Nagpur,Maharashtra,India,,West,Zone D
CUST02123,Central Drug House,Pharmacy,Not Available,Jodhpur,Rajasthan,India,201682.0,East,Zone B
CUST02762,Wellness Medical Store,Pharmacy,Not Available,Other,Rajasthan,India,586356.0,South,Zone D
CUST02768,Green Medical Store,Pharmacy,Not Available,Nagpur,Maharashtra,India,468867.0,East,Zone A
CUST03585,Green Nursing Home,Hospital,Green Nursing Home,Ahmedabad,Gujarat,India,733828.0,Central,Zone D
CUST00612,Sunrise Clinic,Wholesaler,Not Available,Other,Karnataka,India,635371.0,East,Zone A
CUST02655,Sunrise Hospital,Retail,Not Available,Ajmer,Rajasthan,India,792707.0,West,Zone B
CUST01568,Prime Medical Store,Retail,Not Available,Indore,Madhya Pradesh,India,645093.0,West,Zone B
CUST01488,Life Drug House,Hospital,Life Drug House,Ajmer,Rajasthan,India,302957.0,North,Zone C
CUST03506,Life Hospital,Clinic,Not Available,Jodhpur,Rajasthan,India,496141.0,South,Zone B
CUST01818,Rajdhani Medical Store,Wholesaler,Not Available,Lucknow,Uttar Pradesh,India,,East,Zone C
CUST00837,Global Pharmacy,Hospital,Global Pharmacy,Delhi,Delhi,India,373234.0,West,Zone A
CUST00389,Global Clinic,Pharmacy,Not Available,Bhopal,Madhya Pradesh,India,621830.0,East,Zone B
CUST00914,Sunrise Drug House,Pharmacy,Not Available,Kota,Rajasthan,India,285891.0,South,Zone B
CUST03527,Shree Nursing Home,Pharmacy,Not Available,Mumbai,Maharashtra,India,487790.0,North,Zone D
CUST03151,Care Healthcare,Pharmacy,Not Available,Jodhpur,Rajasthan,India,163107.0,East,Zone C
CUST00798,Metro Hospital,Clinic,Not Available,Other,Rajasthan,India,660657.0,South,Zone C
CUST03615,Unknown,Pharmacy,Not Available,Kota,Rajasthan,India,304608.0,Central,Zone D
CUST00662,Life Hospital,Pharmacy,Not Available,Indore,Madhya Pradesh,India,161570.0,South,Zone B
CUST03711,Life Clinic,Hospital,Life Clinic,Mumbai,Maharashtra,India,449849.0,West,Zone D
CUST00645,Shree Hospital,Retail,Not Available,Hyderabad,Telangana,India,292034.0,Central,Zone D
CUST00522,Life Drug House,Pharmacy,Not Available,Mumbai,Maharashtra,India,385366.0,North,Zone C
CUST01996,Sunrise Drug House,Pharmacy,Not Available,Udaipur,Rajasthan,India,717571.0,West,Zone C
CUST02966,Wellness Healthcare,Pharmacy,Not Available,Bangalore,Karnataka,India,188517.0,West,Zone C
CUST02102,Care Healthcare,Clinic,Not Available,Ahmedabad,Gujarat,India,620852.0,West,Zone A
CUST02685,Rajdhani Medical Store,Pharmacy,Not Available,Hyderabad,Telangana,India,133072.0,West,Zone C
CUST00970,Apex Healthcare,Hospital,Apex Healthcare,Udaipur,Rajasthan,India,615116.0,East,Zone B
CUST93003,National Clinic,Wholesaler,Not Available,Ajmer,Rajasthan,India,158804.0,Central,Zone D
CUST03236,Central Hospital,Hospital,Central Hospital,Chennai,Tamil Nadu,India,156030.0,Central,Zone B
CUST03288,Shree Clinic,Hospital,Shree Clinic,Kolkata,West Bengal,India,709370.0,East,Zone A
CUST03831,Shanti Drug House,Pharmacy,Not Available,Mumbai,Maharashtra,India,418431.0,North,Zone A
CUST02562,Life Clinic,Clinic,Not Available,Chennai,Tamil Nadu,India,303935.0,West,Zone C
CUST03747,Green Drug House,Hospital,Green Drug House,Nagpur,Maharashtra,India,757195.0,East,Zone A
CUST01436,Wellness Medical Store,Clinic,Not Available,Lucknow,Uttar Pradesh,Unknown,440295.0,East,Zone A
CUST00227,Care Medical Store,Hospital,Care Medical Store,Other,Maharashtra,India,634771.0,East,Zone C
CUST00192,Care Pharmacy,Hospital,Care Pharmacy,Udaipur,Rajasthan,India,734299.0,Central,Zone B
CUST01369,Apex Nursing Home,Pharmacy,Not Available,Jaipur,Rajasthan,India,502253.0,North,Zone A
CUST00080,Unknown,Wholesaler,Not Available,Kolkata,West Bengal,India,429076.0,South,Zone C
CUST00344,Sunrise Healthcare,Hospital,Sunrise Healthcare,Lucknow,Uttar Pradesh,India,221311.0,West,Zone C
CUST00166,Apex Hospital,Hospital,Apex Hospital,Other,Karnataka,India,214868.0,North,Zone D
CUST03146,Central Healthcare,Pharmacy,Not Available,Other,Karnataka,India,602712.0,South,Zone B
CUST01365,Shanti Clinic,Pharmacy,Not Available,Hyderabad,Telangana,India,563432.0,South,Zone C
CUST00103,Apex Medical Store,Pharmacy,Not Available,Kota,Rajasthan,India,254807.0,East,Zone B
CUST01100,Global Nursing Home,Pharmacy,Not Available,Kota,Rajasthan,India,203667.0,North,Zone B
CUST01820,Care Drug House,Wholesaler,Not Available,Jodhpur,Rajasthan,India,618779.0,East,Zone B
CUST01850,Prime Hospital,Pharmacy,Not Available,Other,Telangana,India,786542.0,North,Zone B
CUST01040,Metro Pharmacy,Clinic,Not Available,Kota,Rajasthan,India,456726.0,North,Zone C
CUST00737,Shree Clinic,Pharmacy,Not Available,Pune,Maharashtra,India,569230.0,North,Zone B
CUST03220,Green Medical Store,Pharmacy,Not Available,Jodhpur,Rajasthan,India,572200.0,South,Zone D
CUST02735,National Pharmacy,Clinic,Not Available,Jaipur,Rajasthan,,242290.0,North,Zone C
CUST03948,Life Drug House,Wholesaler,Not Available,Nagpur,Maharashtra,India,183639.0,South,Zone B
CUST01815,City Hospital,Hospital,City Hospital,Hyderabad,Telangana,India,741164.0,West,Zone D
CUST02166,City Medical Store,Retail,Not Available,Chennai,Tamil Nadu,India,713498.0,South,Zone B
CUST00998,Shanti Healthcare,Hospital,Shanti Healthcare,Surat,Gujarat,India,350188.0,Central,Zone D
CUST03284,Shree Healthcare,Pharmacy,Not Available,Jodhpur,Rajasthan,India,610273.0,North,Zone D
CUST01623,Care Medical Store,Pharmacy,Not Available,Ahmedabad,Gujarat,India,329947.0,North,Zone C
CUST00932,Shanti Drug House,Pharmacy,Not Available,Kolkata,West Bengal,India,777026.0,Central,Zone D
CUST03827,Life Drug House,Retail,Not Available,Jodhpur,Rajasthan,India,592329.0,East,Zone A
CUST02501,Apex Healthcare,Wholesaler,Not Available,Kota,Rajasthan,India,216417.0,South,Zone A
CUST00330,Life Medical Store,Retail,Not Available,Indore,Madhya Pradesh,India,,Central,Zone D
CUST00016,Om Medical Store,Pharmacy,Not Available,Kolkata,West Bengal,India,714605.0,Central,Zone A
CUST01930,Apex Medical Store,Clinic,Not Available,Pune,Maharashtra,India,418217.0,South,Zone C
CUST01628,Metro Hospital,Wholesaler,Not Available,Ajmer,Rajasthan,India,585299.0,East,Zone B
CUST01337,Unknown,Pharmacy,Not Available,Bhopal,Madhya Pradesh,India,688551.0,North,Zone B
CUST02063,Shanti Clinic,Pharmacy,Not Available,Bangalore,Karnataka,India,263471.0,Central,Zone C
CUST01712,Shree Healthcare,Wholesaler,Not Available,Delhi,Delhi,India,603634.0,North,Zone A
CUST03954,Shree Hospital,Clinic,Not Available,Lucknow,Uttar Pradesh,India,410000.0,North,Zone A
CUST02953,Life Drug House,Pharmacy,Not Available,Hyderabad,Telangana,India,726688.0,Central,Zone A
CUST00045,Care Nursing Home,Pharmacy,Not Available,Indore,Madhya Pradesh,India,430659.0,Central,Zone D
CUST01986,Unknown,Hospital,Rajdhani Healthcare,Other,Rajasthan,India,176806.0,East,Zone B
CUST03814,Metro Pharmacy,Pharmacy,Not Available,Ajmer,Rajasthan,India,156232.0,Central,Zone B
CUST02783,Prime Pharmacy,Clinic,Not Available,Hyderabad,Telangana,India,692897.0,North,Zone A
CUST03643,Metro Clinic,Hospital,Metro Clinic,Other,Telangana,India,425003.0,North,Zone D
CUST00417,Global Clinic,Pharmacy,Not Available,Chennai,Tamil Nadu,India,180467.0,West,Zone D
CUST01726,Apex Clinic,Pharmacy,Not Available,Jaipur,Rajasthan,India,792736.0,West,Zone B
CUST02975,Green Medical Store,Pharmacy,Not Available,Indore,Madhya Pradesh,India,139230.0,North,Zone B
CUST00628,Sunrise Pharmacy,Pharmacy,Not Available,Nagpur,Maharashtra,India,,South,Zone B
CUST03828,Life Drug House,Pharmacy,Not Available,Udaipur,Rajasthan,India,766004.0,East,Zone A
CUST00145,Central Hospital,Wholesaler,Not Available,Kolkata,West Bengal,India,227971.0,South,Zone B
CUST00006,Om Hospital,Wholesaler,Not Available,Nagpur,Maharashtra,India,774505.0,West,Zone A
CUST03532,City Clinic,Clinic,Not Available,Other,Gujarat,India,477806.0,Central,Zone A
CUST03629,Om Drug House,Pharmacy,Not Available,Mumbai,Maharashtra,India,153134.0,South,Zone C
CUST03322,Apex Healthcare,Hospital,Apex Healthcare,Other,Maharashtra,India,750351.0,Central,Zone A
CUST02917,Shree Nursing Home,Pharmacy,Not Available,Bangalore,Karnataka,India,267099.0,West,Zone C
CUST00252,Rajdhani Nursing Home,Hospital,Rajdhani Nursing Home,Chennai,Tamil Nadu,India,418636.0,Central,Zone D
CUST03007,Sunrise Medical Store,Retail,Not Available,Jodhpur,Rajasthan,India,503535.0,South,Zone C
CUST01346,Green Hospital,Clinic,Not Available,Hyderabad,Telangana,India,413085.0,East,Zone C
CUST00653,Prime Medical Store,Retail,Not Available,Ahmedabad,Gujarat,India,199243.0,North,Zone B
CUST02382,Central Drug House,Hospital,Central Drug House,Kota,Rajasthan,India,203865.0,West,Zone D
CUST03984,Wellness Hospital,Pharmacy,Not Available,Lucknow,Uttar Pradesh,India,745021.0,West,Zone C
CUST01417,Wellness Clinic,Wholesaler,Not Available,Ajmer,Rajasthan,India,692417.0,North,Zone A
CUST02278,Shree Drug House,Wholesaler,Not Available,Lucknow,Uttar Pradesh,India,620368.0,North,Zone D
CUST00008,Central Pharmacy,Clinic,Not Available,Indore,Madhya Pradesh,India,649163.0,North,Zone C
CUST00320,Rajdhani Nursing Home,Wholesaler,Not Available,Other,Maharashtra,India,504473.0,Central,Zone B
CUST02398,Life Hospital,Wholesaler,Not Available,Jaipur,,India,151887.0,East,Zone C
CUST00398,Wellness Medical Store,Clinic,Not Available,Ajmer,Rajasthan,India,697014.0,South,Zone B
CUST03495,City Healthcare,Hospital,City Healthcare,Bhopal,Madhya Pradesh,India,518832.0,North,Zone A
CUST01816,Prime Pharmacy,Clinic,Not Available,Pune,Maharashtra,India,531633.0,North,Zone B
CUST01013,Metro Drug House,Pharmacy,Not Available,Kota,Rajasthan,India,585015.0,East,Zone B
CUST03662,City Drug House,Wholesaler,Not Available,Chennai,Tamil Nadu,India,176478.0,East,Zone B
CUST02196,Wellness Medical Store,Clinic,Not Available,Bhopal,Madhya Pradesh,India,423982.0,East,Zone A
CUST03636,Prime Pharmacy,Hospital,Prime Pharmacy,Indore,Gujarat,India,626234.0,Central,Zone A
CUST01432,Prime Healthcare,Wholesaler,Not Available,Ajmer,Rajasthan,India,152455.0,West,Zone B
CUST03432,Prime Clinic,Pharmacy,Not Available,Other,Madhya Pradesh,India,580271.0,East,Zone C
CUST00346,Care Drug House,Hospital,Care Drug House,Jodhpur,Rajasthan,India,252492.0,Central,Zone A
CUST00796,Apex Medical Store,Pharmacy,Not Available,Other,Maharashtra,India,110206.0,South,Zone C
CUST01490,City Hospital,Pharmacy,Not Available,Kolkata,West Bengal,India,722191.0,West,Zone B
CUST02773,Global Drug House,Retail,Not Available,Indore,Madhya Pradesh,India,721784.0,Central,Zone B
CUST03348,Rajdhani Nursing Home,Clinic,Not Available,Other,Karnataka,India,421777.0,North,Zone A
CUST00288,Shree Pharmacy,Pharmacy,Not Available,Udaipur,Rajasthan,India,147333.0,West,Zone D
CUST00583,Metro Healthcare,Pharmacy,Not Available,Hyderabad,Telangana,India,717440.0,West,Zone A
CUST01652,Sunrise Drug House,Retail,Not Available,Bangalore,Karnataka,India,683878.0,North,Zone B
CUST01229,Metro Healthcare,Wholesaler,Not Available,Surat,Gujarat,India,433114.0,North,Zone A
CUST01442,Apex Medical Store,Retail,Not Available,Bhopal,Madhya Pradesh,India,,Central,Zone D
CUST00588,Central Healthcare,Pharmacy,Not Available,Udaipur,Rajasthan,India,734513.0,North,Zone A
CUST02127,Om Nursing Home,Hospital,Om Nursing Home,Ahmedabad,Gujarat,India,690418.0,East,Zone B
CUST02071,Apex Medical Store,Retail,Not Available,Delhi,Delhi,India,236274.0,Central,Zone C
CUST01649,Shree Hospital,Wholesaler,Not Available,Delhi,Delhi,India,744714.0,North,Zone B
CUST00479,Unknown,Clinic,Not Available,Other,Rajasthan,India,568797.0,South,Zone D
CUST01130,Prime Medical Store,Pharmacy,Not Available,Jaipur,Rajasthan,India,612340.0,Central,Zone A
CUST01071,City Drug House,Wholesaler,Not Available,Jodhpur,Rajasthan,India,393421.0,North,Zone C
CUST03734,Life Medical Store,Pharmacy,Not Available,Other,,India,175401.0,East,Zone B
CUST03379,Global Nursing Home,Clinic,Not Available,Jaipur,Rajasthan,India,280863.0,South,Zone C
CUST02494,Prime Healthcare,Hospital,Prime Healthcare,Bangalore,Karnataka,India,616177.0,Central,Zone A
CUST03029,Sunrise Medical Store,Pharmacy,Not Available,Indore,Madhya Pradesh,India,733515.0,East,Zone B
CUST00391,Unknown,Clinic,Not Available,Lucknow,Uttar Pradesh,India,524397.0,North,Zone D
CUST03499,Unknown,Pharmacy,Not Available,Indore,Madhya Pradesh,India,500535.0,East,Zone D
CUST00884,Global Nursing Home,Pharmacy,Not Available,Hyderabad,Telangana,India,709927.0,Central,Zone C
CUST02944,Shanti Pharmacy,Pharmacy,Not Available,Kolkata,West Bengal,India,418900.0,East,Zone A
CUST00023,Care Drug House,Pharmacy,Not Available,Other,Uttar Pradesh,India,490942.0,South,Zone C
CUST00010,Central Nursing Home,Hospital,Central Nursing Home,Mumbai,Maharashtra,India,284157.0,South,Zone C
CUST92474,City Clinic,Pharmacy,Not Available,Bangalore,Karnataka,India,526726.0,West,Zone D
CUST02651,Care Pharmacy,Pharmacy,Not Available,Bhopal,Madhya Pradesh,India,606577.0,South,Zone C
CUST03147,Global Clinic,Retail,Not Available,Other,Tamil Nadu,India,312696.0,South,Zone C
CUST03992,Global Healthcare,Retail,Not Available,Hyderabad,Telangana,India,224549.0,Central,Zone B
CUST01002,Wellness Clinic,Pharmacy,Not Available,Indore,Madhya Pradesh,India,381193.0,North,Zone D
CUST00907,City Clinic,Hospital,City Clinic,Other,Maharashtra,India,767008.0,North,Zone B
CUST03923,Global Medical Store,Retail,Not Available,Other,Karnataka,India,162999.0,West,Zone C
CUST02647,Care Pharmacy,Hospital,Care Pharmacy,Jodhpur,Rajasthan,India,167438.0,West,Zone D
CUST03552,Care Pharmacy,Wholesaler,Not Available,Kolkata,West Bengal,India,435399.0,East,Zone D
CUST02835,Central Hospital,Wholesaler,Not Available,Udaipur,Rajasthan,India,,Central,Zone A
CUST01400,Rajdhani Drug House,Pharmacy,Not Available,Nagpur,Maharashtra,India,709145.0,South,Zone B
CUST00501,Prime Drug House,Pharmacy,Not Available,Ajmer,Rajasthan,India,237093.0,West,Zone C
CUST02642,Rajdhani Nursing Home,Pharmacy,Not Available,Kota,Rajasthan,India,544004.0,Central,Zone D
CUST01584,Apex Clinic,Pharmacy,Not Available,Ajmer,Rajasthan,India,438017.0,North,Zone C
CUST03513,Shanti Clinic,Pharmacy,Not Available,Hyderabad,Telangana,India,705942.0,North,Zone C
CUST03953,Rajdhani Clinic,Pharmacy,Not Available,Hyderabad,Telangana,India,721856.0,North,Zone C
CUST02883,Life Hospital,Hospital,Life Hospital,Udaipur,Rajasthan,India,796910.0,Central,Zone B
CUST00795,Metro Medical Store,Pharmacy,Not Available,Jaipur,Rajasthan,India,458187.0,West,Zone A
CUST01954,Care Hospital,Retail,Not Available,Indore,Madhya Pradesh,India,539664.0,West,Zone C
CUST03621,Green Hospital,Pharmacy,Not Available,Pune,Maharashtra,India,,South,Zone B
CUST03966,Unknown,Hospital,Care Clinic,Udaipur,Rajasthan,India,335571.0,South,Zone D
CUST00063,Metro Drug House,Pharmacy,Not Available,Chennai,Tamil Nadu,India,410846.0,East,Zone D
CUST02427,Sunrise Pharmacy,Pharmacy,Not Available,Other,Maharashtra,India,171602.0,West,Zone D
CUST03755,Shanti Hospital,Retail,Not Available,Pune,Maharashtra,India,318976.0,East,Zone C
CUST02674,Central Clinic,Retail,Not Available,Jaipur,Rajasthan,India,326718.0,North,Zone B
CUST03428,Sunrise Hospital,Pharmacy,Not Available,Nagpur,,India,369003.0,East,Zone B
CUST01395,Apex Healthcare,Hospital,Apex Healthcare,Mumbai,Maharashtra,India,424464.0,South,Zone C
CUST00112,Global Pharmacy,Pharmacy,Not Available,Delhi,Delhi,India,331210.0,East,Zone C
CUST02282,Sunrise Drug House,Wholesaler,Not Available,Other,Rajasthan,India,208623.0,North,Zone D
CUST03546,Sunrise Nursing Home,Hospital,Sunrise Nursing Home,Other,Gujarat,India,693690.0,South,Zone D
CUST02701,Care Healthcare,Pharmacy,Not Available,Other,Karnataka,India,756771.0,North,Zone D
CUST02898,Apex Clinic,Clinic,Not Available,Surat,Gujarat,India,638249.0,West,Zone A
CUST03350,Rajdhani Clinic,Pharmacy,Not Available,Other,Gujarat,India,415171.0,South,Zone A
CUST03436,Wellness Drug House,Hospital,Wellness Drug House,Pune,Maharashtra,India,,South,Zone A
CUST03447,Central Healthcare,Wholesaler,Not Available,Chennai,Tamil Nadu,India,648338.0,West,Zone B
CUST02253,City Drug House,Pharmacy,Not Available,Lucknow,Gujarat,India,734208.0,South,Zone A
CUST03212,Life Clinic,Pharmacy,Not Available,Jodhpur,Rajasthan,India,789649.0,Central,Zone D
CUST03373,City Healthcare,Pharmacy,Not Available,Udaipur,Rajasthan,India,138233.0,Central,Zone D
CUST02065,Shree Medical Store,Hospital,Shree Medical Store,Other,Delhi,India,336776.0,North,Zone C
CUST01092,Life Drug House,Hospital,Life Drug House,Pune,Maharashtra,India,212456.0,North,Zone C
CUST01569,Metro Medical Store,Retail,Not Available,Delhi,Delhi,India,366208.0,South,Zone B
CUST03266,Life Medical Store,Pharmacy,Not Available,Kolkata,West Bengal,India,775490.0,West,Zone C
CUST00825,Unknown,Retail,Not Available,Jaipur,Rajasthan,India,460636.0,West,Zone B
CUST03208,Metro Nursing Home,Pharmacy,Not Available,Chennai,Tamil Nadu,India,166313.0,East,Zone D
CUST97049,Shanti Nursing Home,Hospital,Shanti Nursing Home,Other,Gujarat,India,320731.0,West,Zone B
CUST03473,Apex Medical Store,Hospital,Apex Medical Store,Jodhpur,Rajasthan,India,734817.0,East,Zone D
CUST03200,City Hospital,Hospital,City Hospital,Bhopal,Madhya Pradesh,India,377739.0,West,Zone B
CUST02313,Wellness Drug House,Clinic,Not Available,Jaipur,Rajasthan,India,439142.0,Central,Zone B
CUST03744,Life Nursing Home,Retail,Not Available,Bangalore,Karnataka,India,753049.0,East,Zone A
CUST01685,Prime Clinic,Pharmacy,Not Available,Mumbai,Maharashtra,India,716401.0,Central,Zone C
CUST02489,Unknown,Pharmacy,Not Available,Pune,Maharashtra,India,306656.0,Central,Zone A
CUST00472,Global Medical Store,Pharmacy,Not Available,Jodhpur,Rajasthan,India,346795.0,South,Zone D
CUST03296,Apex Clinic,Pharmacy,Not Available,Other,Rajasthan,India,449818.0,West,Zone A
CUST01484,Prime Nursing Home,Hospital,Prime Nursing Home,Udaipur,Rajasthan,India,417663.0,North,Zone C
CUST03724,National Nursing Home,Pharmacy,Not Available,Bhopal,Madhya Pradesh,India,500003.0,South,Zone D
CUST03314,Life Healthcare,Hospital,Life Healthcare,Lucknow,,India,112393.0,Central,Zone B
CUST03897,Wellness Healthcare,Pharmacy,Not Available,Ajmer,Rajasthan,India,703384.0,Central,Zone C
CUST00706,Metro Medical Store,Hospital,Metro Medical Store,Lucknow,Uttar Pradesh,India,677859.0,South,Zone B
CUST00439,City Clinic,Pharmacy,Not Available,Ajmer,Rajasthan,India,483436.0,West,Zone D
CUST03588,Metro Hospital,Wholesaler,Not Available,Bhopal,Madhya Pradesh,India,371388.0,East,Zone B
CUST01709,Prime Hospital,Retail,Not Available,Other,Rajasthan,India,475591.0,West,Zone D
CUST01039,Shree Hospital,Pharmacy,Not Available,Jaipur,Rajasthan,India,371461.0,North,Zone A
CUST00454,Wellness Clinic,Clinic,Not Available,Hyderabad,Telangana,India,312265.0,West,Zone B
CUST99266,Rajdhani Drug House,Pharmacy,Not Available,Indore,Madhya Pradesh,India,390974.0,South,Zone C
CUST00646,Central Nursing Home,Clinic,Not Available,Surat,Gujarat,India,697183.0,North,Zone C
CUST01426,Apex Healthcare,Wholesaler,Not Available,Kolkata,West Bengal,India,782423.0,Central,Zone B
CUST01976,Green Hospital,Pharmacy,Not Available,Udaipur,Rajasthan,India,781036.0,North,Zone B
CUST01257,Om Healthcare,Clinic,Not Available,Ahmedabad,Gujarat,India,480446.0,South,Zone A
CUST00622,Shree Nursing Home,Pharmacy,Not Available,Delhi,Delhi,India,730708.0,Central,Zone D
CUST02691,Prime Healthcare,Pharmacy,Not Available,Other,Rajasthan,India,742720.0,East,Zone A
CUST00938,Shree Clinic,Pharmacy,Not Available,Jaipur,Rajasthan,India,639491.0,West,Zone B
CUST03143,Global Healthcare,Pharmacy,Not Available,Nagpur,Maharashtra,India,306656.0,South,Zone D
CUST01921,Prime Pharmacy,Pharmacy,Not Available,Bangalore,Karnataka,India,550609.0,West,Zone A
CUST01579,Central Clinic,Wholesaler,Not Available,Ajmer,Rajasthan,India,295082.0,West,Zone B
CUST02806,City Clinic,Pharmacy,Not Available,Surat,Gujarat,India,287719.0,West,Zone A
CUST00409,City Nursing Home,Retail,Not Available,Kota,Rajasthan,India,261124.0,North,Zone B
CUST02633,Sunrise Medical Store,Retail,Not Available,Mumbai,Maharashtra,India,268612.0,North,Zone A
CUST01313,Life Drug House,Pharmacy,Not Available,Chennai,Tamil Nadu,India,427793.0,West,Zone C
CUST02047,City Clinic,Hospital,City Clinic,Udaipur,Rajasthan,India,447745.0,North,Zone A
CUST00581,Rajdhani Medical Store,Pharmacy,Not Available,Nagpur,Maharashtra,India,398145.0,North,Zone C
CUST00570,Shree Medical Store,Wholesaler,Not Available,Nagpur,Maharashtra,India,740704.0,Central,Zone B
CUST02005,Rajdhani Medical Store,Retail,Not Available,Udaipur,Rajasthan,India,519252.0,South,Zone D
CUST01697,Rajdhani Healthcare,Pharmacy,Not Available,Jaipur,Rajasthan,India,222631.0,South,Zone D
CUST02122,Shree Medical Store,Pharmacy,Not Available,Jaipur,Rajasthan,India,448052.0,West,Zone D
CUST00874,City Clinic,Hospital,City Clinic,Lucknow,Uttar Pradesh,India,691440.0,South,Zone D
CUST00091,Apex Hospital,Clinic,Not Available,Bangalore,Karnataka,India,384154.0,East,Zone A
CUST01276,Life Pharmacy,Pharmacy,Not Available,Delhi,Delhi,India,182535.0,East,Zone B
CUST00565,Care Clinic,Hospital,Care Clinic,Pune,Maharashtra,India,673187.0,North,Zone A
CUST00572,Om Nursing Home,Retail,Not Available,Ahmedabad,Gujarat,India,459803.0,West,Zone C
CUST00443,Wellness Nursing Home,Pharmacy,Not Available,Udaipur,Rajasthan,India,648264.0,West,Zone A
CUST00741,Wellness Nursing Home,Clinic,Not Available,Ahmedabad,Gujarat,India,125291.0,North,Zone D
CUST00539,Care Medical Store,Wholesaler,Not Available,Bangalore,Karnataka,India,,East,Zone B
CUST00959,National Hospital,Pharmacy,Not Available,Pune,,India,569228.0,East,Zone A
CUST00240,Central Medical Store,Pharmacy,Not Available,Surat,,India,497480.0,West,Zone C
CUST03287,Shree Medical Store,Retail,Not Available,Mumbai,Maharashtra,India,431080.0,Central,Zone B
CUST01670,Sunrise Pharmacy,Pharmacy,Not Available,Kota,Rajasthan,India,555523.0,Central,Zone A
CUST03170,Apex Medical Store,Pharmacy,Not Available,Lucknow,Uttar Pradesh,India,561537.0,North,Zone B
CUST00937,Rajdhani Nursing Home,Pharmacy,Not Available,Hyderabad,Telangana,India,,West,Zone C
CUST03630,Global Drug House,Hospital,Not Available,Jaipur,Rajasthan,India,710269.0,Central,Zone C
CUST02632,City Clinic,Wholesaler,Not Available,Nagpur,Maharashtra,India,756193.0,Central,Zone B
CUST01977,Shree Pharmacy,Pharmacy,Not Available,Mumbai,Maharashtra,India,506767.0,North,Zone D
CUST96919,Apex Medical Store,Hospital,Apex Medical Store,Kota,Rajasthan,India,140427.0,West,Zone D
CUST01532,Shree Hospital,Wholesaler,Not Available,Bangalore,Karnataka,India,284616.0,North,Zone C
CUST02661,Life Clinic,Hospital,Life Clinic,Kota,Rajasthan,India,149897.0,East,Zone C
CUST00029,Shanti Healthcare,Pharmacy,Not Available,Delhi,Delhi,India,180222.0,South,Zone C
CUST03055,Life Clinic,Wholesaler,Not Available,Bhopal,Madhya Pradesh,India,254038.0,East,Zone D
CUST00052,Central Healthcare,Clinic,Not Available,Jodhpur,,India,684767.0,East,Zone C
CUST03575,Wellness Medical Store,Pharmacy,Not Available,Indore,Maharashtra,India,304823.0,North,Zone A
CUST03516,Unknown,Pharmacy,Not Available,Jodhpur,Rajasthan,India,504741.0,West,Zone D
CUST01871,Apex Hospital,Pharmacy,Not Available,Kolkata,West Bengal,India,483584.0,East,Zone A
CUST03010,Central Nursing Home,Wholesaler,Not Available,Jaipur,Rajasthan,India,574305.0,East,Zone C
CUST00862,Care Hospital,Hospital,Care Hospital,Lucknow,Uttar Pradesh,India,358818.0,South,Zone A
CUST00139,City Clinic,Wholesaler,Not Available,Chennai,Tamil Nadu,India,796275.0,West,Zone B
CUST03502,Shanti Medical Store,Retail,Not Available,Ajmer,Rajasthan,India,160534.0,East,Zone A
CUST02793,Green Medical Store,Retail,Not Available,Hyderabad,Telangana,India,629260.0,West,Zone A
CUST01058,Life Healthcare,Wholesaler,Not Available,Delhi,Delhi,India,583712.0,East,Zone B
CUST02997,Shree Healthcare,Clinic,Not Available,Bhopal,Madhya Pradesh,India,217604.0,South,Zone D
CUST02478,Metro Pharmacy,Hospital,Metro Pharmacy,Other,Gujarat,India,570937.0,East,Zone D
CUST03935,Metro Drug House,Clinic,Not Available,Kolkata,West Bengal,India,397530.0,East,Zone B
CUST01542,Wellness Healthcare,Clinic,Not Available,Udaipur,Rajasthan,India,419398.0,Central,Zone C
CUST02779,City Healthcare,Retail,Not Available,Ajmer,Rajasthan,India,589229.0,East,Zone C
CUST00331,Rajdhani Medical Store,Hospital,Rajdhani Medical Store,Ahmedabad,Gujarat,India,781871.0,North,Zone D
CUST00138,National Clinic,Clinic,Not Available,Bangalore,Karnataka,India,148148.0,North,Zone D
CUST02155,Metro Clinic,Clinic,Not Available,Hyderabad,Telangana,India,662819.0,North,Zone A
CUST00401,Unknown,Clinic,Not Available,Other,Gujarat,India,352916.0,West,Zone B
CUST03455,Unknown,Clinic,Not Available,Surat,Gujarat,India,,North,Zone B
CUST01510,Sunrise Hospital,Wholesaler,Not Available,Surat,Gujarat,India,646501.0,South,Zone A
CUST01026,Green Pharmacy,Pharmacy,Not Available,Pune,Maharashtra,India,277891.0,South,Zone B
CUST00547,Wellness Pharmacy,Pharmacy,Not Available,Chennai,Tamil Nadu,India,574233.0,East,Zone B
CUST01318,Global Clinic,Hospital,Global Clinic,Ahmedabad,Gujarat,India,552608.0,West,Zone C
CUST01561,Central Drug House,Clinic,Not Available,Surat,Gujarat,India,202509.0,West,Zone A
CUST01169,National Hospital,Pharmacy,Not Available,Kota,Rajasthan,India,199591.0,Central,Zone A
CUST01606,Rajdhani Clinic,Pharmacy,Not Available,Delhi,Delhi,India,167470.0,Central,Zone D
CUST00262,National Nursing Home,Pharmacy,Not Available,Chennai,Tamil Nadu,India,649289.0,Central,Zone C
CUST02896,Central Nursing Home,Hospital,Central Nursing Home,Bangalore,Karnataka,India,551892.0,West,Zone B
CUST00122,Unknown,Clinic,Not Available,Hyderabad,Telangana,India,493355.0,Central,Zone A
CUST02775,City Drug House,Hospital,City Drug House,Kota,Rajasthan,India,428047.0,East,Zone C
CUST00658,National Hospital,Hospital,National Hospital,Chennai,Tamil Nadu,India,214799.0,North,Zone D
CUST98436,City Hospital,Pharmacy,Not Available,Hyderabad,Telangana,India,,East,Zone D
CUST01918,Rajdhani Medical Store,Clinic,Not Available,Mumbai,Maharashtra,India,361171.0,Central,Zone A
CUST02955,Global Drug House,Wholesaler,Not Available,Delhi,Delhi,India,279708.0,North,Zone D
CUST02301,Life Nursing Home,Retail,Not Available,Bhopal,Madhya Pradesh,India,217693.0,Central,Zone C
CUST01265,City Pharmacy,Pharmacy,Not Available,Jodhpur,Rajasthan,India,126045.0,North,Zone A
CUST03878,Prime Healthcare,Pharmacy,Not Available,Ahmedabad,Gujarat,India,408869.0,Central,Zone C
CUST03283,Apex Drug House,Clinic,Not Available,Mumbai,Maharashtra,India,,North,Zone D
CUST01132,Wellness Drug House,Wholesaler,Not Available,Udaipur,Rajasthan,India,110841.0,North,Zone C
CUST01474,Green Nursing Home,Clinic,Not Available,Kolkata,West Bengal,India,639266.0,Central,Zone D
CUST01971,Global Healthcare,Clinic,Not Available,Bangalore,Karnataka,India,433160.0,Central,Zone C
CUST01716,Green Nursing Home,Retail,Not Available,Other,Tamil Nadu,India,693028.0,South,Zone B
CUST02323,Metro Nursing Home,Pharmacy,Not Available,Kota,Rajasthan,India,254936.0,South,Zone C
CUST01068,Metro Medical Store,Pharmacy,Not Available,Indore,Madhya Pradesh,India,163164.0,North,Zone C
CUST01011,National Drug House,Clinic,Not Available,Bhopal,Madhya Pradesh,India,214978.0,East,Zone D
CUST03930,Sunrise Medical Store,Pharmacy,Not Available,Bangalore,,India,230227.0,West,Zone B
CUST00642,Shanti Hospital,Hospital,Shanti Hospital,Kota,Rajasthan,India,657867.0,North,Zone B
CUST00302,Green Nursing Home,Hospital,Green Nursing Home,Jodhpur,Rajasthan,India,483067.0,Central,Zone D
CUST02663,National Drug House,Hospital,National Drug House,Nagpur,Maharashtra,India,728358.0,North,Zone A
CUST03632,Global Drug House,Pharmacy,Not Available,Delhi,Delhi,India,699955.0,East,Zone B
CUST00204,Central Nursing Home,Wholesaler,Not Available,Kolkata,West Bengal,India,717517.0,East,Zone D
CUST02046,Apex Medical Store,Clinic,Not Available,Udaipur,Rajasthan,India,562352.0,East,Zone D
CUST01136,Global Medical Store,Pharmacy,Not Available,Jaipur,,India,738812.0,North,Zone C
CUST03127,Shree Nursing Home,Pharmacy,Not Available,Other,Maharashtra,India,737549.0,North,Zone D
CUST01979,Central Pharmacy,Hospital,Central Pharmacy,Lucknow,Uttar Pradesh,India,248619.0,Central,Zone D
CUST00326,Shree Pharmacy,Hospital,Shree Pharmacy,Surat,Gujarat,India,269764.0,Central,Zone B
CUST01982,Unknown,Wholesaler,Not Available,Kota,Rajasthan,India,223327.0,South,Zone A
CUST00104,City Healthcare,Clinic,Not Available,Kota,Rajasthan,India,330948.0,East,Zone D
CUST01312,Prime Healthcare,Retail,Not Available,Kota,Rajasthan,India,795602.0,North,Zone D
CUST02160,City Hospital,Wholesaler,Not Available,Other,Delhi,India,188076.0,South,Zone B
CUST02884,Sunrise Healthcare,Pharmacy,Not Available,Mumbai,Maharashtra,India,684699.0,East,Zone A
CUST00296,Wellness Pharmacy,Pharmacy,Not Available,Delhi,Delhi,India,275845.0,South,Zone A
CUST00003,Prime Pharmacy,Wholesaler,Not Available,Nagpur,Maharashtra,India,515992.0,South,Zone C
CUST02880,Green Healthcare,Clinic,Not Available,Other,Rajasthan,India,233244.0,West,Zone A
CUST03661,Shree Nursing Home,Clinic,Not Available,Bhopal,Madhya Pradesh,India,518715.0,North,Zone D
CUST00890,Green Healthcare,Pharmacy,Not Available,Jodhpur,Rajasthan,India,276127.0,Central,Zone C
CUST94841,Shree Nursing Home,Pharmacy,Not Available,Jaipur,Rajasthan,India,202136.0,East,Zone D
CUST00232,Care Hospital,Clinic,Not Available,Pune,Uttar Pradesh,India,572765.0,West,Zone C
CUST02459,Apex Hospital,Hospital,Apex Hospital,Surat,Gujarat,India,712752.0,Central,Zone C
CUST03704,Green Clinic,Pharmacy,Not Available,Kolkata,West Bengal,India,693089.0,South,Zone A
CUST03944,Shree Pharmacy,Pharmacy,Not Available,Jodhpur,,India,219451.0,North,Zone C
CUST03142,Shree Clinic,Wholesaler,Not Available,Bangalore,Karnataka,India,424610.0,Central,Zone C
CUST03943,Global Drug House,Hospital,Global Drug House,Other,Gujarat,India,776940.0,South,Zone B
CUST03225,Sunrise Drug House,Hospital,Sunrise Drug House,Nagpur,Maharashtra,India,162287.0,West,Zone B
CUST01798,Care Drug House,Clinic,Not Available,Jodhpur,Rajasthan,India,708342.0,North,Zone C
CUST03594,Metro Healthcare,Wholesaler,Not Available,Ajmer,Rajasthan,India,335568.0,South,Zone D
CUST00150,National Hospital,Pharmacy,Not Available,Kota,Rajasthan,India,480882.0,North,Zone B
CUST00674,City Hospital,Pharmacy,Not Available,Hyderabad,Telangana,India,503799.0,West,Zone B
CUST02026,Wellness Nursing Home,Pharmacy,Not Available,Ahmedabad,Gujarat,India,240793.0,Central,Zone C
CUST01914,City Hospital,Pharmacy,Not Available,Kolkata,West Bengal,India,,West,Zone D
CUST00770,Sunrise Pharmacy,Hospital,Sunrise Pharmacy,Indore,Madhya Pradesh,India,,North,Zone B
CUST02119,Life Nursing Home,Hospital,Life Nursing Home,Pune,Maharashtra,India,,Central,Zone B
CUST00689,Shree Clinic,Hospital,Shree Clinic,Nagpur,Maharashtra,India,641774.0,East,Zone B
CUST03795,Shree Pharmacy,Pharmacy,Not Available,Jaipur,Rajasthan,India,233440.0,West,Zone C
CUST00420,Unknown,Pharmacy,Not Available,Surat,Gujarat,India,780312.0,South,Zone A
CUST00194,Om Healthcare,Hospital,Om Healthcare,Kota,Rajasthan,India,495866.0,East,Zone C
CUST00451,Green Hospital,Wholesaler,Not Available,Kolkata,West Bengal,India,202392.0,South,Zone C
CUST00269,Prime Clinic,Hospital,Prime Clinic,Nagpur,Maharashtra,India,162002.0,North,Zone D
CUST02614,Shanti Medical Store,Clinic,Not Available,Hyderabad,Telangana,India,492773.0,Central,Zone B
CUST01101,Wellness Clinic,Pharmacy,Not Available,Other,Maharashtra,India,345067.0,West,Zone A
CUST02863,Global Pharmacy,Pharmacy,Not Available,Other,Uttar Pradesh,India,737891.0,South,Zone B
CUST02786,Care Hospital,Hospital,Care Hospital,Hyderabad,Telangana,India,166684.0,West,Zone C
CUST02268,Wellness Healthcare,Clinic,Not Available,Delhi,Delhi,India,556457.0,South,Zone A
CUST01093,Global Healthcare,Pharmacy,Not Available,Surat,Gujarat,India,387185.0,West,Zone B
CUST03733,Metro Nursing Home,Retail,Not Available,Bangalore,Karnataka,India,726773.0,Central,Zone C
CUST03329,City Drug House,Pharmacy,Not Available,Indore,Madhya Pradesh,India,308564.0,West,Zone C
CUST01472,Wellness Pharmacy,Retail,Not Available,Kota,Rajasthan,India,179811.0,South,Zone D
CUST02971,Rajdhani Clinic,Wholesaler,Not Available,Ahmedabad,Gujarat,India,405264.0,East,Zone C
CUST01959,Care Clinic,Wholesaler,Not Available,Mumbai,Maharashtra,India,264342.0,Central,Zone D
CUST00810,National Hospital,Pharmacy,Not Available,Other,Telangana,India,662878.0,Central,Zone D
CUST01904,Unknown,Retail,Not Available,Other,West Bengal,India,432858.0,South,Zone C
CUST03262,Care Hospital,Wholesaler,Not Available,Jodhpur,Rajasthan,India,363997.0,North,Zone D
CUST00626,Metro Medical Store,Wholesaler,Not Available,Jodhpur,Rajasthan,India,534105.0,North,Zone C
CUST02443,Life Clinic,Pharmacy,Not Available,Nagpur,Maharashtra,India,405498.0,South,Zone B
CUST02276,Unknown,Hospital,Sunrise Drug House,Jaipur,Rajasthan,India,534720.0,East,Zone D
CUST01708,Om Nursing Home,Pharmacy,Not Available,Other,Rajasthan,India,555646.0,Central,Zone C
CUST03131,Rajdhani Hospital,Hospital,Rajdhani Hospital,Indore,Madhya Pradesh,India,683406.0,Central,Zone B
CUST02173,Unknown,Wholesaler,Not Available,Kota,Rajasthan,India,418248.0,Central,Zone D
CUST01401,Life Hospital,Pharmacy,Not Available,Mumbai,Maharashtra,India,251561.0,North,Zone A
CUST03671,Metro Healthcare,Hospital,Metro Healthcare,Nagpur,Maharashtra,India,671141.0,East,Zone C
CUST03003,Metro Pharmacy,Hospital,Metro Pharmacy,Nagpur,Maharashtra,India,489762.0,East,Zone D
CUST01073,Green Medical Store,Hospital,Green Medical Store,Jodhpur,Rajasthan,India,119621.0,West,Zone B
CUST00931,Central Medical Store,Pharmacy,Not Available,Ahmedabad,Gujarat,India,447654.0,Central,Zone D
CUST03838,Green Healthcare,Pharmacy,Not Available,Kota,Rajasthan,India,366719.0,East,Zone B
CUST98015,National Healthcare,Pharmacy,Not Available,Kota,Rajasthan,India,675243.0,Central,Zone B
CUST00520,Life Healthcare,Pharmacy,Not Available,Kota,Rajasthan,India,171139.0,North,Zone A
CUST02628,Prime Drug House,Wholesaler,Not Available,Nagpur,Maharashtra,India,508032.0,South,Zone C
CUST02641,Wellness Hospital,Pharmacy,Not Available,Ahmedabad,Gujarat,India,375060.0,West,Zone B
CUST03150,City Pharmacy,Hospital,City Pharmacy,Indore,Madhya Pradesh,India,288915.0,Central,Zone C
CUST03584,Sunrise Drug House,Pharmacy,Not Available,Hyderabad,Telangana,India,548140.0,West,Zone D
CUST00334,City Nursing Home,Pharmacy,Not Available,Ahmedabad,Gujarat,India,,Central,Zone A
CUST01739,Metro Healthcare,Hospital,Metro Healthcare,Ahmedabad,Gujarat,India,478148.0,West,Zone D
CUST01710,Prime Hospital,Hospital,Prime Hospital,Pune,Maharashtra,India,782947.0,Central,Zone C
CUST00455,Unknown,Pharmacy,Not Available,Jodhpur,Rajasthan,India,733884.0,East,Zone D
CUST02332,Life Healthcare,Wholesaler,Not Available,Chennai,Tamil Nadu,India,746549.0,West,Zone C
CUST01595,National Medical Store,Pharmacy,Not Available,Pune,Maharashtra,India,521502.0,West,Zone B
CUST02211,Om Nursing Home,Hospital,Om Nursing Home,Udaipur,Rajasthan,India,776044.0,Central,Zone D
CUST00366,National Nursing Home,Pharmacy,Not Available,Chennai,Tamil Nadu,India,487812.0,West,Zone C
CUST03268,Unknown,Hospital,Wellness Healthcare,Surat,Gujarat,India,539640.0,Central,Zone B
CUST02308,Life Nursing Home,Wholesaler,Not Available,Chennai,Tamil Nadu,India,321721.0,East,Zone A
CUST01457,Wellness Nursing Home,Wholesaler,Not Available,Udaipur,Rajasthan,India,200499.0,East,Zone B
CUST02441,Green Healthcare,Wholesaler,Not Available,Hyderabad,Telangana,India,767895.0,Central,Zone A
CUST02839,Care Healthcare,Pharmacy,Not Available,Surat,Gujarat,,,North,Zone B
CUST03919,Life Pharmacy,Pharmacy,Not Available,Mumbai,Maharashtra,India,583445.0,Central,Zone D
CUST03263,City Healthcare,Pharmacy,Not Available,Other,Maharashtra,India,710832.0,East,Zone A
CUST03680,Sunrise Nursing Home,Pharmacy,Not Available,Jodhpur,Rajasthan,India,598741.0,East,Zone B
CUST02548,Om Pharmacy,Clinic,Not Available,Udaipur,Rajasthan,India,694393.0,East,Zone B
CUST01243,Green Drug House,Pharmacy,Not Available,Ajmer,Rajasthan,India,681883.0,East,Zone B
CUST00053,Life Pharmacy,Pharmacy,Not Available,Jodhpur,Rajasthan,India,793820.0,East,Zone D
CUST00756,Rajdhani Drug House,Retail,Not Available,Surat,Gujarat,India,712180.0,West,Zone A
CUST03318,Shree Medical Store,Hospital,Not Available,Hyderabad,Telangana,India,249931.0,South,Zone D
CUST03836,Life Pharmacy,Pharmacy,Not Available,Indore,Madhya Pradesh,India,393414.0,North,Zone A
CUST00363,Om Medical Store,Pharmacy,Not Available,Bhopal,Rajasthan,India,720838.0,West,Zone D
CUST02233,Rajdhani Pharmacy,Hospital,Rajdhani Pharmacy,Nagpur,Maharashtra,India,206213.0,West,Zone D
CUST01289,Rajdhani Pharmacy,Hospital,Rajdhani Pharmacy,Lucknow,Uttar Pradesh,India,795282.0,South,Zone A
CUST02899,Unknown,Hospital,Metro Medical Store,Bangalore,Karnataka,India,415046.0,East,Zone B
CUST03995,Rajdhani Medical Store,Pharmacy,Not Available,Hyderabad,Telangana,India,528430.0,Central,Zone B
CUST01786,Life Medical Store,Pharmacy,Not Available,Pune,Maharashtra,India,455660.0,West,Zone B
CUST02933,Shree Clinic,Wholesaler,Not Available,Udaipur,Rajasthan,India,485398.0,South,Zone A
CUST01353,Om Hospital,Retail,Not Available,Chennai,Tamil Nadu,India,708869.0,North,Zone C
CUST01819,Apex Healthcare,Clinic,Not Available,Nagpur,Maharashtra,India,231614.0,South,Zone A
CUST02249,Unknown,Hospital,Global Nursing Home,Kota,Rajasthan,India,436993.0,South,Zone D
CUST00789,Life Drug House,Pharmacy,Not Available,Lucknow,Uttar Pradesh,India,698405.0,North,Zone C
CUST02112,Green Pharmacy,Retail,Not Available,Nagpur,Maharashtra,India,649221.0,North,Zone D
CUST00493,Green Medical Store,Pharmacy,Not Available,Udaipur,Rajasthan,India,690711.0,North,Zone A
CUST02591,Prime Medical Store,Clinic,Not Available,Mumbai,Maharashtra,India,219055.0,West,Zone B
CUST00096,National Medical Store,Hospital,National Medical Store,Bhopal,Madhya Pradesh,India,279292.0,North,Zone A
CUST01129,Global Pharmacy,Wholesaler,Not Available,Jaipur,Rajasthan,India,394868.0,West,Zone B
CUST03691,Shanti Drug House,Clinic,Not Available,Surat,Gujarat,India,493421.0,Central,Zone D
CUST00870,Green Drug House,Retail,Not Available,Indore,Madhya Pradesh,India,489664.0,North,Zone B
CUST00495,Global Hospital,Hospital,Global Hospital,Ahmedabad,Gujarat,India,147037.0,East,Zone D
CUST03601,Central Nursing Home,Pharmacy,Not Available,Jodhpur,Rajasthan,India,192865.0,East,Zone B
CUST03613,Shree Pharmacy,Clinic,Not Available,Jaipur,Rajasthan,India,246329.0,East,Zone C
CUST01260,Shree Medical Store,Wholesaler,Not Available,Kolkata,West Bengal,India,665494.0,West,Zone C
CUST00898,Global Healthcare,Pharmacy,Not Available,Ahmedabad,Gujarat,India,303539.0,South,Zone B
CUST02097,Life Nursing Home,Wholesaler,Not Available,Jodhpur,Rajasthan,India,114515.0,East,Zone B
CUST03156,Green Drug House,Retail,Not Available,Ajmer,Rajasthan,India,,South,Zone A
CUST02994,City Drug House,Clinic,Not Available,Indore,Madhya Pradesh,India,432436.0,East,Zone B
CUST02134,Life Drug House,Pharmacy,Not Available,Pune,Maharashtra,India,372558.0,North,Zone C
CUST00527,Life Nursing Home,Pharmacy,Not Available,Indore,Madhya Pradesh,India,794925.0,Central,Zone B
CUST02958,Rajdhani Hospital,Clinic,Not Available,Ajmer,Rajasthan,India,710728.0,North,Zone A
CUST00615,Rajdhani Drug House,Pharmacy,Not Available,Udaipur,Rajasthan,India,,Central,Zone D
CUST03753,City Clinic,Clinic,Not Available,Indore,Madhya Pradesh,India,210994.0,South,Zone A
CUST03883,National Drug House,Retail,Not Available,Pune,Maharashtra,India,421317.0,North,Zone D
CUST03282,Central Nursing Home,Clinic,Not Available,Mumbai,Maharashtra,India,659836.0,North,Zone B
CUST02000,Global Healthcare,Hospital,Global Healthcare,Surat,Gujarat,India,558245.0,South,Zone C
CUST03017,National Hospital,Wholesaler,Not Available,Lucknow,Uttar Pradesh,India,132588.0,East,Zone D
CUST02132,Unknown,Clinic,Not Available,Other,Rajasthan,India,317570.0,South,Zone A
CUST02837,Om Medical Store,Hospital,Om Medical Store,Bhopal,Madhya Pradesh,India,364510.0,Central,Zone B
CUST03606,Om Drug House,Pharmacy,Not Available,Ajmer,Rajasthan,India,682111.0,East,Zone A
CUST02038,Sunrise Nursing Home,Clinic,Not Available,Other,Maharashtra,India,788999.0,North,Zone B
CUST02193,Sunrise Drug House,Hospital,Sunrise Drug House,Nagpur,Maharashtra,India,739320.0,West,Zone D
CUST03882,Central Medical Store,Clinic,Not Available,Lucknow,Uttar Pradesh,India,510689.0,Central,Zone C
CUST03708,Central Hospital,Pharmacy,Not Available,Chennai,Tamil Nadu,India,356784.0,West,Zone B
CUST02125,National Clinic,Pharmacy,Not Available,Lucknow,Uttar Pradesh,India,787588.0,West,Zone C
CUST01973,Wellness Hospital,Pharmacy,Not Available,Nagpur,Maharashtra,India,272313.0,West,Zone C
CUST02258,Shanti Drug House,Retail,Not Available,Surat,Gujarat,India,148696.0,West,Zone D
CUST03216,Life Healthcare,Clinic,Not Available,Lucknow,Uttar Pradesh,India,500404.0,North,Zone D
CUST00195,City Hospital,Clinic,Not Available,Jodhpur,Rajasthan,India,,Central,Zone D
CUST03538,National Drug House,Wholesaler,Not Available,Indore,Madhya Pradesh,India,497443.0,North,Zone B
CUST01699,Om Clinic,Retail,Not Available,Other,Rajasthan,India,685033.0,Central,Zone A
CUST03683,Prime Medical Store,Pharmacy,Not Available,Hyderabad,Telangana,India,788407.0,South,Zone A
CUST03912,Unknown,Pharmacy,Not Available,Nagpur,Maharashtra,India,459191.0,East,Zone D
CUST00113,Green Nursing Home,Pharmacy,Not Available,Udaipur,,India,227303.0,Central,Zone D
CUST99267,City Hospital,Pharmacy,Not Available,Ajmer,Rajasthan,India,326463.0,East,Zone D
CUST02009,Life Drug House,Retail,Not Available,Ahmedabad,Gujarat,India,788490.0,East,Zone A
CUST01899,Metro Pharmacy,Wholesaler,Not Available,Jaipur,Rajasthan,India,,North,Zone C
CUST00849,Om Medical Store,Pharmacy,Not Available,Jaipur,Rajasthan,India,,Central,Zone B
CUST02761,Om Healthcare,Wholesaler,Not Available,Bhopal,Madhya Pradesh,India,,Central,Zone B
CUST03461,Unknown,Hospital,Central Healthcare,Bhopal,Madhya Pradesh,India,775521.0,West,Zone D
CUST02128,Om Clinic,Hospital,Om Clinic,Bangalore,Karnataka,India,733488.0,East,Zone B
CUST00896,Shree Hospital,Clinic,Not Available,Nagpur,Maharashtra,India,129275.0,South,Zone A
CUST01301,Care Clinic,Pharmacy,Not Available,Jaipur,Rajasthan,India,238166.0,West,Zone B
CUST01352,City Healthcare,Retail,Not Available,Nagpur,Maharashtra,India,666959.0,East,Zone A
CUST03196,Wellness Medical Store,Hospital,Wellness Medical Store,Kota,Rajasthan,India,264076.0,Central,Zone B
CUST01145,Care Nursing Home,Wholesaler,Not Available,Pune,Maharashtra,India,369649.0,East,Zone D
CUST03222,Rajdhani Nursing Home,Wholesaler,Not Available,Lucknow,Uttar Pradesh,India,620306.0,Central,Zone D
CUST02232,Shanti Nursing Home,Wholesaler,Not Available,Bangalore,Karnataka,India,322735.0,West,Zone C
CUST01935,Metro Hospital,Wholesaler,Not Available,Ajmer,Rajasthan,India,342654.0,East,Zone C
CUST02390,Apex Hospital,Pharmacy,Not Available,Jodhpur,Rajasthan,India,518517.0,West,Zone B
CUST00788,Shree Nursing Home,Retail,Not Available,Ahmedabad,Gujarat,India,,East,Zone D
CUST01607,Green Healthcare,Pharmacy,Not Available,Jaipur,Rajasthan,India,220772.0,East,Zone A
CUST00965,Rajdhani Healthcare,Hospital,Rajdhani Healthcare,Lucknow,Uttar Pradesh,India,295932.0,North,Zone C
CUST02029,Central Drug House,Pharmacy,Not Available,Ahmedabad,Gujarat,India,332879.0,North,Zone A
CUST01678,Unknown,Retail,Not Available,Chennai,Tamil Nadu,India,318256.0,South,Zone D
CUST01201,Prime Hospital,Hospital,Prime Hospital,Indore,Madhya Pradesh,India,336653.0,Central,Zone D
CUST02178,Central Medical Store,Wholesaler,Not Available,Surat,Gujarat,India,456153.0,West,Zone A
CUST00077,City Nursing Home,Hospital,City Nursing Home,Ahmedabad,Gujarat,India,,East,Zone B
CUST01016,National Pharmacy,Pharmacy,Not Available,Jaipur,Rajasthan,India,519781.0,Central,Zone B
CUST01424,City Hospital,Pharmacy,Not Available,Ahmedabad,Gujarat,India,686256.0,Central,Zone B
CUST02590,Unknown,Hospital,Apex Medical Store,Pune,Maharashtra,India,788686.0,West,Zone B
CUST03719,Global Medical Store,Pharmacy,Not Available,Bhopal,Madhya Pradesh,India,,Central,Zone A
CUST98429,Wellness Clinic,Clinic,Not Available,Ahmedabad,Gujarat,India,313025.0,West,Zone A
CUST02820,City Hospital,Hospital,City Hospital,Kolkata,West Bengal,India,141770.0,South,Zone C
CUST02960,Life Medical Store,Clinic,Not Available,Chennai,Tamil Nadu,India,377775.0,Central,Zone D
CUST03041,Wellness Pharmacy,Hospital,Wellness Pharmacy,Bhopal,Madhya Pradesh,India,698570.0,West,Zone D
CUST03550,National Medical Store,Wholesaler,Not Available,Surat,Gujarat,India,294339.0,Central,Zone B
CUST01756,Wellness Nursing Home,Pharmacy,Not Available,Hyderabad,Telangana,India,275395.0,East,Zone B
CUST02052,Unknown,Pharmacy,Not Available,Other,,India,595413.0,South,Zone D
CUST03857,Om Nursing Home,Hospital,Om Nursing Home,Bhopal,Madhya Pradesh,India,333170.0,West,Zone B
CUST01942,Global Pharmacy,Pharmacy,Not Available,Other,Delhi,India,666220.0,Central,Zone A
CUST01482,Shanti Nursing Home,Hospital,Shanti Nursing Home,Nagpur,Maharashtra,India,573149.0,North,Zone A
CUST01200,Shanti Nursing Home,Wholesaler,Not Available,Kolkata,West Bengal,India,,West,Zone C
CUST01393,Life Clinic,Pharmacy,Not Available,Udaipur,Rajasthan,India,,North,Zone C
CUST00579,Wellness Nursing Home,Hospital,Wellness Nursing Home,Jaipur,Rajasthan,India,746499.0,West,Zone D
CUST01310,Global Pharmacy,Pharmacy,Not Available,Chennai,Tamil Nadu,India,365255.0,North,Zone A
CUST00502,Sunrise Clinic,Retail,Not Available,Ahmedabad,Gujarat,India,715009.0,Central,Zone D
CUST03648,City Nursing Home,Hospital,City Nursing Home,Lucknow,,India,518777.0,East,Zone B
CUST01008,Apex Clinic,Hospital,Apex Clinic,Delhi,Delhi,India,442764.0,West,Zone A
CUST00910,Care Nursing Home,Pharmacy,Not Available,Udaipur,Rajasthan,India,555388.0,North,Zone C
CUST01960,Shree Medical Store,Clinic,Not Available,Surat,Gujarat,India,445603.0,South,Zone C
CUST03415,National Medical Store,Pharmacy,Not Available,Lucknow,Uttar Pradesh,India,523890.0,East,Zone D
CUST03649,Om Pharmacy,Clinic,Not Available,Udaipur,Rajasthan,India,602758.0,South,Zone C
CUST03638,Prime Healthcare,Retail,Not Available,Ajmer,Rajasthan,India,310643.0,West,Zone C
CUST01944,Unknown,Hospital,City Clinic,Indore,Madhya Pradesh,India,611508.0,East,Zone B
CUST01948,Central Pharmacy,Pharmacy,Not Available,Kolkata,West Bengal,India,425105.0,Central,Zone D
CUST03929,Shree Hospital,Clinic,Not Available,Bhopal,Madhya Pradesh,India,354275.0,East,Zone B
CUST95140,Om Healthcare,Retail,Not Available,Udaipur,Rajasthan,India,599412.0,East,Zone A
CUST00926,Central Hospital,Pharmacy,Not Available,Mumbai,Maharashtra,India,751364.0,Central,Zone C
CUST00197,Green Healthcare,Hospital,Green Healthcare,Pune,Maharashtra,India,639218.0,North,Zone C
CUST02325,Metro Medical Store,Hospital,Metro Medical Store,Other,Madhya Pradesh,India,436930.0,North,Zone D
CUST00422,Global Hospital,Wholesaler,Not Available,Indore,Madhya Pradesh,India,674752.0,South,Zone B
CUST02991,Shanti Medical Store,Hospital,Shanti Medical Store,Other,,India,420169.0,Central,Zone B
CUST01539,Shanti Drug House,Pharmacy,Not Available,Ahmedabad,Gujarat,India,681061.0,Central,Zone B
CUST01470,Om Nursing Home,Clinic,Not Available,Udaipur,Rajasthan,India,616810.0,North,Zone C
CUST00609,Shanti Hospital,Pharmacy,Not Available,Indore,Madhya Pradesh,India,317699.0,South,Zone D
CUST01613,Shanti Clinic,Wholesaler,Not Available,Chennai,Tamil Nadu,India,455793.0,South,Zone D
CUST03477,Care Pharmacy,Pharmacy,Not Available,Delhi,Delhi,India,216751.0,East,Zone C
CUST01174,Sunrise Medical Store,Wholesaler,Not Available,Pune,Maharashtra,India,464324.0,South,Zone A
CUST01995,Sunrise Hospital,Wholesaler,Not Available,Other,,India,166888.0,West,Zone D
CUST03815,Life Clinic,Clinic,Not Available,Ahmedabad,Gujarat,India,390313.0,East,Zone D
CUST00726,Central Clinic,Clinic,Not Available,Bhopal,Madhya Pradesh,India,627163.0,East,Zone C
CUST02948,Care Drug House,Pharmacy,Not Available,Kota,Karnataka,India,313639.0,South,Zone D
CUST00687,Shree Pharmacy,Clinic,Not Available,Surat,,India,780545.0,South,Zone D
CUST97756,Om Healthcare,Clinic,Not Available,Ahmedabad,Gujarat,India,290133.0,Central,Zone C
CUST01247,Apex Nursing Home,Wholesaler,Not Available,Bhopal,Madhya Pradesh,India,653448.0,West,Zone B
CUST00733,Metro Nursing Home,Pharmacy,Not Available,Ahmedabad,Gujarat,India,,North,Zone C
CUST01225,Shree Drug House,Retail,Not Available,Udaipur,Rajasthan,India,750151.0,North,Zone B
CUST00498,National Medical Store,Pharmacy,Not Available,Ajmer,Rajasthan,India,349134.0,Central,Zone D
CUST00954,Shree Hospital,Wholesaler,Not Available,Pune,Maharashtra,India,417077.0,Central,Zone D
CUST00375,Unknown,Hospital,Rajdhani Medical Store,Ajmer,Rajasthan,India,256053.0,West,Zone D
CUST00258,Life Clinic,Pharmacy,Not Available,Surat,Gujarat,India,564515.0,Central,Zone C
CUST03270,Apex Medical Store,Clinic,Not Available,Ajmer,Rajasthan,India,441471.0,North,Zone C
CUST03742,Life Pharmacy,Pharmacy,Not Available,Delhi,Delhi,India,644699.0,West,Zone A
CUST01931,Global Nursing Home,Pharmacy,Not Available,Mumbai,Maharashtra,India,573650.0,South,Zone B
CUST00654,Green Drug House,Pharmacy,Not Available,Other,Delhi,India,471431.0,Central,Zone C
CUST00819,Life Hospital,Clinic,Not Available,Jodhpur,Rajasthan,India,150650.0,South,Zone A
CUST00283,Green Drug House,Wholesaler,Not Available,Kolkata,West Bengal,India,599561.0,Central,Zone B
CUST01602,Green Pharmacy,Pharmacy,Not Available,Hyderabad,Telangana,India,196531.0,Central,Zone A
CUST02649,Central Pharmacy,Hospital,Central Pharmacy,Ajmer,Rajasthan,India,257763.0,South,Zone C
CUST97215,Shanti Hospital,Pharmacy,Not Available,Chennai,Tamil Nadu,India,302803.0,Central,Zone B
CUST03096,Om Clinic,Wholesaler,Not Available,Other,Maharashtra,India,697581.0,Central,Zone D
CUST03089,Om Pharmacy,Clinic,Not Available,Kota,Rajasthan,India,790944.0,East,Zone D
CUST00476,National Medical Store,Retail,Not Available,Surat,Gujarat,India,415357.0,West,Zone B
CUST03735,Green Medical Store,Pharmacy,Not Available,Jaipur,Rajasthan,India,138487.0,East,Zone A
CUST02509,Global Clinic,Wholesaler,Not Available,Mumbai,Maharashtra,India,154889.0,North,Zone C
CUST02985,Central Healthcare,Pharmacy,Not Available,Nagpur,Maharashtra,India,704557.0,South,Zone C
CUST03982,Apex Nursing Home,Hospital,Apex Nursing Home,Bangalore,Karnataka,India,591331.0,East,Zone A
CUST02763,Global Healthcare,Retail,Not Available,Bangalore,Karnataka,India,241958.0,North,Zone A
CUST03956,Wellness Nursing Home,Clinic,Not Available,Udaipur,Rajasthan,India,727181.0,Central,Zone A
CUST02263,Shanti Nursing Home,Pharmacy,Not Available,Jodhpur,Rajasthan,India,,East,Zone C
CUST00394,Unknown,Pharmacy,Not Available,Nagpur,Maharashtra,India,780688.0,Central,Zone A
CUST00613,Shanti Nursing Home,Hospital,Shanti Nursing Home,Other,Rajasthan,India,726235.0,North,Zone C
CUST00200,Green Clinic,Clinic,Not Available,Delhi,Delhi,India,228036.0,East,Zone B
CUST03223,National Healthcare,Pharmacy,Not Available,Hyderabad,Telangana,India,413410.0,North,Zone C
CUST02064,Care Pharmacy,Retail,Not Available,Nagpur,Maharashtra,India,611124.0,North,Zone B
CUST03692,Apex Pharmacy,Pharmacy,Not Available,Chennai,Tamil Nadu,India,,West,Zone A
CUST03215,Wellness Healthcare,Clinic,Not Available,Hyderabad,Telangana,India,390662.0,South,Zone D
CUST01630,Shree Hospital,Retail,Not Available,Jaipur,Rajasthan,India,584791.0,South,Zone C
CUST02868,Green Clinic,Wholesaler,Not Available,Delhi,Delhi,India,425411.0,West,Zone D
CUST02515,National Pharmacy,Hospital,National Pharmacy,Bangalore,Karnataka,India,,North,Zone B
CUST00556,Om Pharmacy,Hospital,Om Pharmacy,Hyderabad,Telangana,India,,North,Zone D
CUST02856,Shree Nursing Home,Clinic,Not Available,Indore,Madhya Pradesh,India,166571.0,East,Zone B
CUST00299,Apex Pharmacy,Hospital,Apex Pharmacy,Kolkata,West Bengal,India,312766.0,South,Zone A
CUST00242,Life Healthcare,Pharmacy,Not Available,Pune,Maharashtra,India,704986.0,North,Zone D
CUST94564,Wellness Drug House,Clinic,Not Available,Bhopal,Madhya Pradesh,India,562857.0,West,Zone B
CUST03819,Om Nursing Home,Hospital,Om Nursing Home,Ahmedabad,Gujarat,India,681260.0,North,Zone B
CUST02215,National Hospital,Hospital,National Hospital,Delhi,Delhi,India,307220.0,West,Zone D
CUST01758,Shanti Healthcare,Pharmacy,Not Available,Other,Maharashtra,India,765065.0,North,Zone A
CUST01688,Life Pharmacy,Hospital,Life Pharmacy,Delhi,Delhi,India,239835.0,Central,Zone D
CUST00106,Prime Hospital,Wholesaler,Not Available,Hyderabad,Telangana,India,693039.0,North,Zone A
CUST03663,Apex Clinic,Wholesaler,Not Available,Jodhpur,Rajasthan,India,,South,Zone A
CUST00251,Om Nursing Home,Clinic,Not Available,Nagpur,Maharashtra,India,666282.0,South,Zone D
CUST02423,Om Nursing Home,Clinic,Not Available,Chennai,Tamil Nadu,India,592202.0,Central,Zone A
CUST00199,Shanti Healthcare,Pharmacy,Not Available,Lucknow,Uttar Pradesh,India,701732.0,North,Zone C
CUST02157,Unknown,Pharmacy,Not Available,Surat,Gujarat,India,499056.0,North,Zone A
CUST01141,Green Medical Store,Pharmacy,Not Available,Jodhpur,Rajasthan,India,646051.0,West,Zone B
CUST01856,Prime Medical Store,Pharmacy,Not Available,Lucknow,Uttar Pradesh,India,258938.0,North,Zone D
CUST94450,Green Clinic,Pharmacy,Not Available,Kota,Rajasthan,India,249814.0,North,Zone B
CUST02294,Rajdhani Clinic,Pharmacy,Not Available,Udaipur,Rajasthan,India,750832.0,West,Zone B
CUST02942,Green Hospital,Pharmacy,Not Available,Udaipur,Rajasthan,India,782320.0,North,Zone D
CUST01356,Wellness Hospital,Pharmacy,Not Available,Kota,Rajasthan,India,,South,Zone D
CUST01981,Apex Nursing Home,Wholesaler,Not Available,Pune,Maharashtra,India,719725.0,East,Zone D
CUST02315,City Healthcare,Hospital,City Healthcare,Ajmer,Rajasthan,India,702772.0,Central,Zone D
CUST03401,Metro Nursing Home,Hospital,Metro Nursing Home,Kolkata,West Bengal,India,556131.0,Central,Zone A
CUST01868,Global Healthcare,Retail,Not Available,Hyderabad,Telangana,India,749934.0,West,Zone C
CUST01443,Care Pharmacy,Clinic,Not Available,Udaipur,Rajasthan,India,497988.0,East,Zone C
CUST00728,Life Pharmacy,Wholesaler,Not Available,Surat,,India,793401.0,East,Zone C
CUST01664,National Clinic,Pharmacy,Not Available,Kota,Rajasthan,India,,West,Zone A
CUST01997,Wellness Drug House,Clinic,Not Available,Bhopal,Gujarat,India,562857.0,West,Zone B
CUST02660,Global Medical Store,Pharmacy,Not Available,Kolkata,West Bengal,India,561753.0,South,Zone A
CUST00921,National Drug House,Pharmacy,Not Available,Bhopal,Madhya Pradesh,India,479963.0,Central,Zone B
CUST00861,Green Drug House,Clinic,Not Available,Kota,Rajasthan,India,293501.0,South,Zone A
CUST01275,Life Healthcare,Pharmacy,Not Available,Mumbai,Maharashtra,India,712877.0,Central,Zone B
CUST02476,Green Nursing Home,Pharmacy,Not Available,Other,Madhya Pradesh,India,130413.0,North,Zone C
CUST02019,Apex Pharmacy,Wholesaler,Not Available,Udaipur,Rajasthan,India,481425.0,South,Zone C
CUST03808,Om Drug House,Hospital,Om Drug House,Bangalore,Karnataka,India,324479.0,West,Zone D
CUST00800,Wellness Hospital,Hospital,Wellness Hospital,Mumbai,Maharashtra,India,204125.0,South,Zone D
CUST00382,Care Healthcare,Retail,Not Available,Kota,Rajasthan,India,757025.0,West,Zone D
CUST03852,Green Drug House,Retail,Not Available,Indore,Madhya Pradesh,India,,East,Zone B
CUST03136,Wellness Medical Store,Retail,Not Available,Jodhpur,Rajasthan,India,698896.0,West,Zone D
CUST92959,National Drug House,Clinic,Not Available,Kota,Rajasthan,India,521008.0,West,Zone D
CUST03105,Metro Healthcare,Wholesaler,Not Available,Delhi,Delhi,India,787138.0,North,Zone D
CUST03667,Care Nursing Home,Pharmacy,Not Available,Hyderabad,Telangana,India,680964.0,North,Zone D
CUST03492,Rajdhani Medical Store,Pharmacy,Not Available,Udaipur,Rajasthan,India,417119.0,Central,Zone D
CUST03754,Prime Clinic,Pharmacy,Not Available,Bhopal,Madhya Pradesh,India,577173.0,South,Zone A
CUST00992,National Drug House,Wholesaler,Not Available,Other,Gujarat,India,499435.0,Central,Zone D
CUST02432,Sunrise Pharmacy,Retail,Not Available,Kolkata,West Bengal,India,179669.0,South,Zone B
CUST01358,National Hospital,Clinic,Not Available,Lucknow,Uttar Pradesh,India,268461.0,West,Zone B
CUST00524,Prime Healthcare,Pharmacy,Not Available,Other,Karnataka,India,379369.0,North,Zone A
CUST02377,Central Medical Store,Retail,Not Available,Lucknow,,India,642512.0,North,Zone B
CUST03280,Shanti Medical Store,Hospital,Shanti Medical Store,Nagpur,Maharashtra,India,357937.0,East,Zone B
CUST03229,Om Hospital,Wholesaler,Not Available,Indore,Madhya Pradesh,India,154258.0,West,Zone A
CUST00014,City Drug House,Pharmacy,Not Available,Surat,Madhya Pradesh,India,527490.0,South,Zone C
CUST02351,Green Medical Store,Hospital,Green Medical Store,Chennai,Tamil Nadu,India,726336.0,North,Zone B
CUST01028,Metro Drug House,Wholesaler,Not Available,Hyderabad,Telangana,India,724687.0,East,Zone C
CUST03372,National Clinic,Wholesaler,Not Available,Nagpur,Maharashtra,India,477840.0,East,Zone D
CUST00592,Metro Medical Store,Pharmacy,Not Available,Kolkata,West Bengal,India,645480.0,North,Zone C
CUST01909,City Medical Store,Hospital,City Medical Store,Surat,Gujarat,India,296886.0,West,Zone A
CUST02190,Unknown,Pharmacy,Not Available,Surat,Gujarat,India,305317.0,South,Zone D
CUST02654,Shanti Pharmacy,Pharmacy,Not Available,Ajmer,Rajasthan,India,715743.0,North,Zone A
CUST00147,Life Hospital,Retail,Not Available,Kota,Rajasthan,India,231672.0,Central,Zone A
CUST01556,National Medical Store,Wholesaler,Not Available,Jaipur,Rajasthan,India,620617.0,South,Zone A
CUST00179,Care Hospital,Pharmacy,Not Available,Mumbai,Maharashtra,India,303838.0,South,Zone A
CUST03816,Green Medical Store,Clinic,Not Available,Mumbai,Maharashtra,India,745231.0,East,Zone C
CUST02539,Global Healthcare,Pharmacy,Not Available,Ajmer,Rajasthan,India,,North,Zone D
CUST03529,Prime Hospital,Wholesaler,Not Available,Jodhpur,Rajasthan,India,295595.0,West,Zone D
CUST03434,Care Pharmacy,Pharmacy,Not Available,Udaipur,Rajasthan,India,187442.0,South,Zone B
CUST00962,Green Hospital,Pharmacy,Not Available,Bhopal,Madhya Pradesh,India,155924.0,Central,Zone D
CUST01359,Sunrise Healthcare,Retail,Not Available,Jodhpur,Rajasthan,India,681500.0,South,Zone C
CUST00392,Rajdhani Nursing Home,Pharmacy,Not Available,Nagpur,Maharashtra,India,400812.0,East,Zone A
CUST02365,Global Healthcare,Pharmacy,Not Available,Delhi,Delhi,India,301074.0,South,Zone B
CUST00575,Rajdhani Drug House,Clinic,Not Available,Ajmer,Rajasthan,India,388134.0,South,Zone D
CUST03891,Prime Clinic,Clinic,Not Available,Hyderabad,Telangana,India,307300.0,Central,Zone B
CUST03479,Global Pharmacy,Hospital,Global Pharmacy,Nagpur,Maharashtra,India,525094.0,West,Zone C
CUST01557,Shree Healthcare,Pharmacy,Not Available,Ajmer,Rajasthan,India,700816.0,North,Zone C
CUST01968,Metro Drug House,Wholesaler,Not Available,Ahmedabad,Gujarat,India,188562.0,South,Zone D
CUST00135,Om Clinic,Retail,Not Available,Jaipur,,India,691127.0,East,Zone A
CUST01705,Green Healthcare,Retail,Not Available,Mumbai,Maharashtra,India,505845.0,South,Zone C
CUST00400,Central Medical Store,Pharmacy,Not Available,Jaipur,Rajasthan,India,284402.0,South,Zone B
CUST02819,Rajdhani Drug House,Wholesaler,Not Available,Ajmer,Rajasthan,India,567384.0,East,Zone D
CUST02910,Rajdhani Pharmacy,Hospital,Rajdhani Pharmacy,Kota,Rajasthan,India,,Central,Zone A
CUST01237,Om Medical Store,Pharmacy,Not Available,Udaipur,Rajasthan,India,536776.0,North,Zone B
CUST02016,Shree Drug House,Pharmacy,Not Available,Nagpur,Maharashtra,India,403277.0,North,Zone D
CUST01587,Shanti Drug House,Hospital,Shanti Drug House,Other,Delhi,India,464124.0,Central,Zone A
CUST01027,Life Drug House,Pharmacy,Not Available,Ajmer,Rajasthan,India,325382.0,Central,Zone D
CUST03610,Global Hospital,Retail,Not Available,Jodhpur,Rajasthan,India,448831.0,North,Zone A
CUST02733,Shanti Nursing Home,Wholesaler,Not Available,Nagpur,Maharashtra,India,243191.0,Central,Zone D
CUST01724,Om Medical Store,Pharmacy,Not Available,Kolkata,West Bengal,India,482862.0,East,Zone D
CUST01323,Om Hospital,Hospital,Om Hospital,Pune,Maharashtra,India,796483.0,Central,Zone D
CUST03928,Care Pharmacy,Clinic,Not Available,Indore,Madhya Pradesh,India,295267.0,South,Zone D
CUST01186,Central Pharmacy,Clinic,Not Available,Lucknow,Uttar Pradesh,India,636784.0,West,Zone D
CUST02710,Care Medical Store,Wholesaler,Not Available,Other,Gujarat,India,,North,Zone B
CUST00577,Prime Clinic,Pharmacy,Not Available,Indore,Madhya Pradesh,India,136247.0,West,Zone C
CUST03310,Rajdhani Hospital,Clinic,Not Available,Pune,Maharashtra,India,189344.0,Central,Zone B
CUST02771,Wellness Clinic,Pharmacy,Not Available,Jodhpur,Rajasthan,India,349892.0,North,Zone C
CUST03496,Global Clinic,Retail,Not Available,Hyderabad,Telangana,India,394512.0,South,Zone A
CUST01249,Shanti Hospital,Retail,Not Available,Udaipur,Rajasthan,India,,West,Zone C
CUST00247,Om Medical Store,Retail,Not Available,Kota,Rajasthan,India,637420.0,West,Zone D
CUST00793,Wellness Drug House,Pharmacy,Not Available,Other,Rajasthan,India,579119.0,Central,Zone B
CUST01481,Unknown,Retail,Not Available,Kota,Rajasthan,India,267594.0,North,Zone C
CUST03339,Rajdhani Drug House,Wholesaler,Not Available,Pune,Maharashtra,India,665387.0,East,Zone C
CUST02285,City Healthcare,Wholesaler,Not Available,Ajmer,Rajasthan,India,579308.0,East,Zone C
CUST00210,National Clinic,Clinic,Not Available,Lucknow,Uttar Pradesh,India,198074.0,East,Zone A
CUST03281,Life Drug House,Hospital,Not Available,Kota,Rajasthan,India,515882.0,East,Zone B
CUST02048,Metro Pharmacy,Retail,Not Available,Chennai,Tamil Nadu,India,313109.0,West,Zone B
CUST02637,Life Clinic,Pharmacy,Not Available,Delhi,Delhi,India,253081.0,East,Zone A
CUST03396,National Hospital,Pharmacy,Not Available,Delhi,Delhi,India,492195.0,South,Zone A
CUST02475,National Pharmacy,Retail,Not Available,Lucknow,Uttar Pradesh,India,536232.0,West,Zone D
CUST01867,Central Drug House,Pharmacy,Not Available,Chennai,Tamil Nadu,India,365211.0,South,Zone D
CUST02881,Wellness Medical Store,Wholesaler,Not Available,Delhi,Delhi,India,720596.0,South,Zone B
CUST00873,Unknown,Pharmacy,Not Available,Surat,Gujarat,India,531592.0,West,Zone A
CUST01434,Rajdhani Pharmacy,Pharmacy,Not Available,Hyderabad,Telangana,India,176268.0,East,Zone B
CUST00155,Unknown,Pharmacy,Not Available,Jodhpur,Rajasthan,India,718879.0,North,Zone D
CUST02600,Wellness Pharmacy,Pharmacy,Not Available,Kota,Rajasthan,India,263823.0,North,Zone A
CUST01437,Global Pharmacy,Wholesaler,Not Available,Surat,Gujarat,IND,235619.0,South,Zone A
CUST03774,Shree Nursing Home,Clinic,Not Available,Other,Gujarat,India,587908.0,South,Zone A
CUST03398,Care Hospital,Hospital,Care Hospital,Other,Maharashtra,India,504167.0,Central,Zone D
CUST02316,Sunrise Hospital,Wholesaler,Not Available,Indore,Madhya Pradesh,India,565147.0,North,Zone C
CUST02146,Green Medical Store,Pharmacy,Not Available,Mumbai,Maharashtra,India,563045.0,South,Zone A
CUST01876,Central Drug House,Clinic,Not Available,Ahmedabad,Gujarat,India,625955.0,North,Zone A
CUST01024,Apex Healthcare,Hospital,Apex Healthcare,Pune,Maharashtra,India,771768.0,South,Zone C
CUST99004,Sunrise Medical Store,Hospital,Sunrise Medical Store,Hyderabad,Telangana,India,462280.0,Central,Zone A
CUST02205,Life Pharmacy,Pharmacy,Not Available,Nagpur,,India,376240.0,West,Zone C
CUST03167,Shanti Clinic,Wholesaler,Not Available,Chennai,Tamil Nadu,India,635569.0,North,Zone B
CUST01177,Shree Medical Store,Pharmacy,Not Available,Lucknow,Uttar Pradesh,India,510355.0,Central,Zone A
CUST02573,Global Medical Store,Hospital,Global Medical Store,Indore,Madhya Pradesh,India,399393.0,Central,Zone B
CUST01961,Prime Drug House,Hospital,Prime Drug House,Hyderabad,Telangana,India,418819.0,Central,Zone A
CUST01079,Wellness Hospital,Hospital,Wellness Hospital,Chennai,Tamil Nadu,India,578122.0,South,Zone B
CUST01926,Apex Medical Store,Wholesaler,Not Available,Hyderabad,Telangana,India,170321.0,South,Zone C
CUST03803,Sunrise Drug House,Pharmacy,Not Available,Jodhpur,Rajasthan,India,571353.0,South,Zone C
CUST02469,Apex Clinic,Pharmacy,Not Available,Indore,Madhya Pradesh,India,230536.0,North,Zone C
CUST00287,Om Drug House,Pharmacy,Not Available,Jodhpur,Rajasthan,India,717748.0,Central,Zone D
CUST00790,Life Pharmacy,Clinic,Not Available,Jodhpur,Rajasthan,India,381951.0,East,Zone C
CUST03801,National Clinic,Hospital,National Clinic,Chennai,Tamil Nadu,IND,509070.0,Central,Zone C
CUST01435,Green Medical Store,Clinic,Not Available,Lucknow,,India,282371.0,South,Zone B
CUST01066,Central Healthcare,Clinic,Not Available,Chennai,Tamil Nadu,India,221234.0,Central,Zone B
CUST03668,Central Drug House,Hospital,Central Drug House,Lucknow,Uttar Pradesh,India,178386.0,East,Zone D
CUST00280,Shree Hospital,Wholesaler,Not Available,Mumbai,Maharashtra,India,691044.0,North,Zone D
CUST02592,Unknown,Pharmacy,Not Available,Hyderabad,Telangana,India,574774.0,West,Zone C
CUST02889,Central Hospital,Clinic,Not Available,Jaipur,Rajasthan,India,789349.0,East,Zone B
CUST02723,Life Clinic,Retail,Not Available,Other,Maharashtra,India,188779.0,West,Zone A
CUST02400,Sunrise Healthcare,Hospital,Sunrise Healthcare,Chennai,Tamil Nadu,India,401012.0,West,Zone C
CUST00854,Unknown,Hospital,Global Drug House,Other,West Bengal,India,704969.0,Central,Zone D
CUST03673,Sunrise Clinic,Pharmacy,Not Available,Surat,Gujarat,India,120844.0,North,Zone D
CUST00178,Sunrise Pharmacy,Wholesaler,Not Available,Indore,Madhya Pradesh,India,,West,Zone D
CUST02821,Prime Clinic,Clinic,Not Available,Delhi,Delhi,India,532850.0,West,Zone B
CUST03095,Shree Pharmacy,Hospital,Shree Pharmacy,Kolkata,West Bengal,India,507839.0,West,Zone B
CUST03921,Prime Drug House,Clinic,Not Available,Kota,Rajasthan,India,657739.0,West,Zone A
CUST03278,Rajdhani Pharmacy,Retail,Not Available,Other,Delhi,India,573670.0,Central,Zone B
CUST00590,Green Nursing Home,Retail,Not Available,Hyderabad,Telangana,India,626811.0,South,Zone D
CUST01419,Care Hospital,Pharmacy,Not Available,Kota,Rajasthan,India,487004.0,North,Zone B
CUST03642,Global Nursing Home,Pharmacy,Not Available,Lucknow,Uttar Pradesh,India,677600.0,East,Zone C
CUST01642,Wellness Nursing Home,Pharmacy,Not Available,Mumbai,Maharashtra,India,535259.0,North,Zone B
CUST01291,Unknown,Pharmacy,Not Available,Pune,Maharashtra,India,133826.0,North,Zone A
CUST03924,Care Drug House,Retail,Not Available,Bangalore,Karnataka,India,401865.0,West,Zone A
CUST03172,Sunrise Nursing Home,Pharmacy,Not Available,Mumbai,Maharashtra,India,225284.0,North,Zone B
CUST01476,Rajdhani Hospital,Clinic,Not Available,Kota,Rajasthan,India,407874.0,West,Zone C
CUST01862,Life Drug House,Pharmacy,Not Available,Pune,Maharashtra,India,487124.0,North,Zone D
CUST00731,Apex Hospital,Pharmacy,Not Available,Bangalore,Karnataka,India,576361.0,West,Zone B
CUST02983,Central Clinic,Pharmacy,Not Available,Udaipur,Rajasthan,India,127874.0,Central,Zone C
CUST00175,Wellness Healthcare,Pharmacy,Not Available,Lucknow,Uttar Pradesh,India,294898.0,South,Zone D
CUST00601,National Medical Store,Clinic,Not Available,Indore,Madhya Pradesh,India,238058.0,South,Zone B
CUST02167,Om Nursing Home,Pharmacy,Not Available,Delhi,Delhi,India,593933.0,South,Zone B
CUST01217,Shanti Hospital,Clinic,Not Available,Pune,Maharashtra,India,313392.0,Central,Zone C
CUST03536,Metro Medical Store,Pharmacy,Not Available,Delhi,Delhi,India,675690.0,West,Zone C
CUST03718,Care Pharmacy,Hospital,Care Pharmacy,Kota,Rajasthan,India,,West,Zone B
CUST01841,Rajdhani Pharmacy,Hospital,Rajdhani Pharmacy,Jodhpur,Rajasthan,India,271730.0,East,Zone A
CUST03949,City Drug House,Pharmacy,Not Available,Mumbai,Maharashtra,India,443551.0,South,Zone D
CUST01541,National Drug House,Clinic,Not Available,Ajmer,Rajasthan,India,490193.0,West,Zone B
CUST00004,Sunrise Nursing Home,Pharmacy,Not Available,Bangalore,Karnataka,India,135470.0,Central,Zone D
CUST01823,Unknown,Clinic,Not Available,Bangalore,Karnataka,India,269928.0,Central,Zone D
CUST01641,Rajdhani Nursing Home,Retail,Not Available,Bhopal,Madhya Pradesh,India,739230.0,North,Zone C
CUST03488,Care Drug House,Retail,Not Available,Other,Madhya Pradesh,India,756681.0,Central,Zone D
CUST00605,Sunrise Clinic,Pharmacy,Not Available,Other,Madhya Pradesh,India,354284.0,East,Zone B
CUST02255,Wellness Healthcare,Hospital,Not Available,Mumbai,Maharashtra,India,,North,Zone B
CUST03154,Metro Nursing Home,Pharmacy,Not Available,Kota,Rajasthan,India,763076.0,South,Zone D
CUST01268,Metro Clinic,Pharmacy,Not Available,Jodhpur,Rajasthan,India,467917.0,East,Zone B
CUST03279,Shree Healthcare,Wholesaler,Not Available,Other,Madhya Pradesh,India,231341.0,East,Zone D
CUST03345,Wellness Drug House,Hospital,Wellness Drug House,Ajmer,Rajasthan,India,789184.0,East,Zone D
CUST98017,Life Healthcare,Pharmacy,Not Available,Kolkata,West Bengal,India,466351.0,South,Zone C
CUST01184,Life Drug House,Pharmacy,Not Available,Jaipur,Rajasthan,India,401295.0,South,Zone D
CUST03040,Shanti Medical Store,Hospital,Shanti Medical Store,Ajmer,Rajasthan,India,583416.0,East,Zone A
CUST00217,Metro Drug House,Pharmacy,Not Available,Mumbai,Maharashtra,India,308199.0,West,Zone D
CUST03087,Om Drug House,Pharmacy,Not Available,Ahmedabad,Gujarat,India,504744.0,West,Zone C
CUST91147,Wellness Pharmacy,Pharmacy,Not Available,Other,Gujarat,India,150287.0,South,Zone D
CUST01627,Life Nursing Home,Wholesaler,Not Available,Other,Gujarat,India,656758.0,West,Zone D
CUST03474,Metro Clinic,Clinic,Not Available,Udaipur,Rajasthan,India,697944.0,Central,Zone D
CUST01292,Green Drug House,Hospital,Green Drug House,Mumbai,Maharashtra,India,780686.0,West,Zone B
CUST02496,Shanti Clinic,Hospital,Shanti Clinic,Nagpur,Maharashtra,India,130541.0,East,Zone C
CUST00438,Apex Pharmacy,Retail,Not Available,Udaipur,Rajasthan,India,529778.0,West,Zone A
CUST02595,Wellness Nursing Home,Hospital,Wellness Nursing Home,Jaipur,Rajasthan,India,734657.0,North,Zone C
CUST02789,Care Medical Store,Pharmacy,Not Available,Surat,Gujarat,India,198093.0,West,Zone D
CUST02992,Central Medical Store,Clinic,Not Available,Ajmer,Rajasthan,India,358184.0,North,Zone C
CUST03869,Sunrise Drug House,Hospital,Sunrise Drug House,Kolkata,West Bengal,India,452660.0,South,Zone A
CUST00561,Rajdhani Healthcare,Pharmacy,Not Available,Ahmedabad,Gujarat,India,570894.0,Central,Zone C
CUST02236,Global Drug House,Pharmacy,Not Available,Nagpur,Maharashtra,India,284740.0,Central,Zone A
CUST02838,City Pharmacy,Hospital,City Pharmacy,Udaipur,Rajasthan,India,152044.0,West,Zone D
CUST00930,Metro Drug House,Pharmacy,Not Available,Other,Madhya Pradesh,India,,East,Zone A
CUST00868,National Medical Store,Hospital,National Medical Store,Mumbai,Maharashtra,India,745844.0,South,Zone C
CUST03078,City Medical Store,Pharmacy,Not Available,Pune,Maharashtra,India,444285.0,Central,Zone C
CUST01197,Care Medical Store,Hospital,Care Medical Store,Other,Maharashtra,India,297545.0,South,Zone D
CUST01836,Prime Nursing Home,Retail,Not Available,Delhi,Delhi,India,735615.0,North,Zone C
CUST02956,Sunrise Healthcare,Pharmacy,Not Available,Pune,Maharashtra,India,764753.0,North,Zone B
CUST01655,Apex Pharmacy,Hospital,Apex Pharmacy,Nagpur,Maharashtra,India,638585.0,East,Zone C
CUST02970,Metro Nursing Home,Pharmacy,Not Available,Nagpur,Maharashtra,India,447206.0,North,Zone D
CUST00452,Metro Pharmacy,Hospital,Metro Pharmacy,Nagpur,Maharashtra,India,308806.0,North,Zone D
CUST01720,Shanti Pharmacy,Pharmacy,Not Available,Bangalore,Karnataka,India,281261.0,South,Zone D
CUST02575,Shanti Drug House,Retail,Not Available,Lucknow,Uttar Pradesh,India,539440.0,North,Zone D
CUST01447,Wellness Hospital,Pharmacy,Not Available,Indore,Madhya Pradesh,India,484790.0,East,Zone C
CUST02240,Prime Medical Store,Hospital,Prime Medical Store,Lucknow,Uttar Pradesh,India,549075.0,East,Zone A
CUST00427,Om Healthcare,Pharmacy,Not Available,Bangalore,Karnataka,India,537258.0,East,Zone B
CUST01161,Central Drug House,Pharmacy,Not Available,Indore,Madhya Pradesh,India,140440.0,East,Zone D
CUST00270,Apex Clinic,Pharmacy,Not Available,Other,West Bengal,India,718675.0,South,Zone B
CUST01790,Sunrise Pharmacy,Pharmacy,Not Available,Mumbai,Maharashtra,India,177532.0,West,Zone C
CUST01846,Global Medical Store,Pharmacy,Not Available,Nagpur,Maharashtra,India,401373.0,North,Zone C
CUST01408,Wellness Drug House,Pharmacy,Not Available,Other,Telangana,India,352514.0,East,Zone C
CUST02774,Global Medical Store,Pharmacy,Not Available,Surat,Gujarat,India,432234.0,Central,Zone D
CUST00205,Unknown,Hospital,Prime Nursing Home,Jodhpur,Rajasthan,India,786945.0,North,Zone C
CUST00257,Om Drug House,Wholesaler,Not Available,Delhi,Delhi,India,,East,Zone D
CUST02909,Prime Healthcare,Wholesaler,Not Available,Chennai,Tamil Nadu,India,774392.0,South,Zone A
CUST01882,Sunrise Drug House,Pharmacy,Not Available,Bangalore,Karnataka,India,,East,Zone C
CUST02241,Care Hospital,Retail,Not Available,Jodhpur,Rajasthan,India,635305.0,East,Zone B
CUST02540,Metro Drug House,Clinic,Not Available,Other,Maharashtra,India,159101.0,North,Zone D
CUST03722,Shanti Medical Store,Pharmacy,Not Available,Jaipur,Rajasthan,India,179540.0,North,Zone A
CUST03999,Global Healthcare,Clinic,Not Available,Ajmer,Rajasthan,India,374820.0,West,Zone A
CUST01824,Green Hospital,Pharmacy,Not Available,Ahmedabad,Gujarat,India,,East,Zone C
CUST01529,Sunrise Drug House,Pharmacy,Not Available,Bhopal,Madhya Pradesh,India,561218.0,East,Zone B
CUST01528,Apex Healthcare,Wholesaler,Not Available,Other,Rajasthan,India,710663.0,South,Zone D
CUST02024,Metro Healthcare,Wholesaler,Not Available,Kota,Rajasthan,India,437581.0,North,Zone D
CUST01399,Unknown,Pharmacy,Not Available,Mumbai,Maharashtra,India,466740.0,East,Zone B
CUST02378,Apex Hospital,Pharmacy,Not Available,Mumbai,Maharashtra,India,353661.0,Central,Zone D
CUST98776,Green Medical Store,Pharmacy,Not Available,Lucknow,Uttar Pradesh,India,111521.0,North,Zone D
CUST00186,Global Medical Store,Pharmacy,Not Available,Udaipur,Rajasthan,India,790916.0,North,Zone B
CUST01615,City Drug House,Hospital,City Drug House,Ajmer,Rajasthan,India,413898.0,West,Zone A
CUST02457,Central Medical Store,Retail,Not Available,Kolkata,West Bengal,India,243258.0,East,Zone D
CUST01331,Prime Clinic,Hospital,Prime Clinic,Bhopal,Madhya Pradesh,India,576692.0,North,Zone C
CUST03181,Shanti Pharmacy,Hospital,Shanti Pharmacy,Kolkata,West Bengal,India,711644.0,East,Zone D
CUST03906,Apex Drug House,Wholesaler,Not Available,Surat,Gujarat,India,,South,Zone D
CUST00446,Prime Medical Store,Wholesaler,Not Available,Chennai,Tamil Nadu,India,739548.0,South,Zone D
CUST01645,Sunrise Hospital,Wholesaler,Not Available,Bhopal,Madhya Pradesh,India,412952.0,North,Zone B
CUST01732,Sunrise Healthcare,Hospital,Sunrise Healthcare,Lucknow,Uttar Pradesh,India,126537.0,West,Zone D
CUST00156,Prime Healthcare,Wholesaler,Not Available,Bangalore,Karnataka,India,626723.0,North,Zone C
CUST00282,Sunrise Clinic,Pharmacy,Not Available,Lucknow,Uttar Pradesh,India,228223.0,Central,Zone C
CUST03886,Global Medical Store,Pharmacy,Not Available,Indore,Madhya Pradesh,India,564937.0,Central,Zone D
CUST03044,Care Clinic,Pharmacy,Not Available,Nagpur,Maharashtra,India,153186.0,North,Zone D
CUST00313,Rajdhani Drug House,Wholesaler,Not Available,Other,West Bengal,India,127453.0,South,Zone C
CUST01515,National Healthcare,Clinic,Not Available,Other,Maharashtra,India,439687.0,Central,Zone D
CUST03996,Sunrise Drug House,Wholesaler,Not Available,Nagpur,Maharashtra,India,,Central,Zone D
CUST01827,Metro Pharmacy,Pharmacy,Not Available,Pune,Maharashtra,India,681067.0,East,Zone A
CUST00724,Green Nursing Home,Pharmacy,Not Available,Delhi,Delhi,India,793435.0,East,Zone D
CUST01336,Shanti Pharmacy,Pharmacy,Not Available,Chennai,Tamil Nadu,India,463434.0,West,Zone D
CUST02704,National Hospital,Wholesaler,Not Available,Lucknow,Uttar Pradesh,India,617394.0,Central,Zone D
CUST02115,Shree Pharmacy,Retail,Not Available,Kota,Rajasthan,India,275102.0,Central,Zone A
CUST00361,Om Drug House,Hospital,Om Drug House,Lucknow,Uttar Pradesh,India,539053.0,North,Zone B
CUST01661,Green Nursing Home,Pharmacy,Not Available,Udaipur,Rajasthan,India,305858.0,South,Zone B
CUST00781,Green Pharmacy,Pharmacy,Not Available,Hyderabad,Telangana,India,354964.0,North,Zone A
CUST00843,Life Drug House,Clinic,Not Available,Ajmer,Rajasthan,India,523289.0,West,Zone B
CUST03978,Metro Nursing Home,Pharmacy,Not Available,Jodhpur,Rajasthan,India,587148.0,Central,Zone C
CUST00347,Shanti Pharmacy,Hospital,Shanti Pharmacy,Kota,Rajasthan,India,,South,Zone C
CUST03294,Life Clinic,Pharmacy,Not Available,Indore,Madhya Pradesh,India,628696.0,South,Zone A
CUST03903,Shree Pharmacy,Wholesaler,Not Available,Kolkata,West Bengal,India,232208.0,South,Zone A
CUST01467,Central Clinic,Clinic,Not Available,Delhi,Delhi,India,309550.0,South,Zone C
CUST03725,Wellness Pharmacy,Pharmacy,Not Available,Delhi,Delhi,India,551581.0,South,Zone A
CUST97108,Care Drug House,Clinic,Not Available,Udaipur,Rajasthan,India,418328.0,West,Zone C
CUST03360,Unknown,Retail,Not Available,Lucknow,Uttar Pradesh,India,422900.0,East,Zone B
CUST03519,Prime Clinic,Wholesaler,Not Available,Udaipur,Rajasthan,India,654907.0,West,Zone D
CUST03748,Shree Medical Store,Retail,Not Available,Ahmedabad,Gujarat,India,422140.0,East,Zone C
CUST00942,Care Drug House,Wholesaler,Not Available,Ahmedabad,Gujarat,India,448883.0,Central,Zone A
CUST01438,Apex Pharmacy,Pharmacy,Not Available,Indore,Madhya Pradesh,India,772617.0,South,Zone C
CUST02922,Life Nursing Home,Pharmacy,Not Available,Other,Madhya Pradesh,India,214389.0,West,Zone B
CUST00858,Rajdhani Healthcare,Wholesaler,Not Available,Indore,Madhya Pradesh,India,243307.0,West,Zone C
CUST02244,Prime Hospital,Pharmacy,Not Available,Mumbai,Maharashtra,India,124585.0,East,Zone A
CUST03197,Apex Medical Store,Retail,Not Available,Nagpur,Maharashtra,India,192226.0,West,Zone D
CUST02452,Wellness Clinic,Hospital,Wellness Clinic,Chennai,Tamil Nadu,India,244426.0,North,Zone A
CUST00888,City Medical Store,Clinic,Not Available,Mumbai,Maharashtra,India,378891.0,Central,Zone C
CUST00098,Central Nursing Home,Pharmacy,Not Available,Jaipur,Rajasthan,India,453718.0,East,Zone D
CUST01629,Sunrise Nursing Home,Hospital,Sunrise Nursing Home,Hyderabad,Telangana,India,,Central,Zone C
CUST01433,National Nursing Home,Pharmacy,Not Available,Other,West Bengal,India,382850.0,Central,Zone D
CUST03545,Rajdhani Medical Store,Pharmacy,Not Available,Chennai,Tamil Nadu,India,677488.0,West,Zone D
CUST03460,Apex Hospital,Pharmacy,Not Available,Ajmer,Rajasthan,India,750450.0,West,Zone C
CUST00820,Rajdhani Medical Store,Pharmacy,Not Available,Hyderabad,Telangana,India,392537.0,North,Zone D
CUST00449,Prime Nursing Home,Hospital,Prime Nursing Home,Surat,Gujarat,India,564497.0,East,Zone A
CUST03530,Metro Nursing Home,Clinic,Not Available,Delhi,Delhi,India,418989.0,Central,Zone D
CUST03617,Shanti Medical Store,Pharmacy,Not Available,Nagpur,Maharashtra,India,430169.0,South,Zone D
CUST02033,Metro Medical Store,Clinic,Not Available,Kolkata,West Bengal,India,571065.0,East,Zone D
CUST93922,Life Pharmacy,Hospital,Life Pharmacy,Mumbai,Maharashtra,India,714163.0,Central,Zone C
CUST03994,Rajdhani Healthcare,Pharmacy,Not Available,Bhopal,Madhya Pradesh,India,125752.0,North,Zone D
CUST99711,Life Clinic,Pharmacy,Not Available,Ajmer,Rajasthan,India,421215.0,Central,Zone D
CUST00260,Central Healthcare,Pharmacy,Not Available,Pune,Maharashtra,India,787625.0,East,Zone C
CUST00660,City Medical Store,Wholesaler,Not Available,Jaipur,Rajasthan,India,648710.0,East,Zone C
CUST03394,Shanti Drug House,Wholesaler,Not Available,Udaipur,Rajasthan,India,492905.0,West,Zone D
CUST03730,Green Clinic,Pharmacy,Not Available,Ahmedabad,Gujarat,India,605162.0,North,Zone B
CUST02828,Wellness Medical Store,Retail,Not Available,Jaipur,Rajasthan,India,,East,Zone C
CUST03892,Sunrise Drug House,Hospital,Sunrise Drug House,Pune,Maharashtra,India,307270.0,South,Zone C
CUST01536,Rajdhani Healthcare,Wholesaler,Not Available,Delhi,Delhi,INDIA,434209.0,North,Zone B
CUST01913,Unknown,Pharmacy,Not Available,Mumbai,Maharashtra,India,439153.0,West,Zone C
CUST03122,Apex Medical Store,Pharmacy,Not Available,Other,Maharashtra,India,760287.0,East,Zone D
CUST01110,Unknown,Clinic,Not Available,Kolkata,West Bengal,India,120795.0,Central,Zone D
CUST02682,Om Pharmacy,Wholesaler,Not Available,Pune,Maharashtra,India,283057.0,West,Zone C
CUST02118,Apex Clinic,Wholesaler,Not Available,Jaipur,Rajasthan,India,499810.0,West,Zone A
CUST03579,Sunrise Healthcare,Clinic,Not Available,Jaipur,Rajasthan,India,123613.0,East,Zone B
CUST00245,Wellness Healthcare,Pharmacy,Not Available,Nagpur,Maharashtra,India,332188.0,North,Zone A
CUST03762,Apex Healthcare,Hospital,Apex Healthcare,Bhopal,Madhya Pradesh,India,570470.0,Central,Zone C
CUST02706,Care Clinic,Wholesaler,Not Available,Other,Rajasthan,India,504589.0,West,Zone C
CUST00362,Global Hospital,Pharmacy,Not Available,Kolkata,West Bengal,India,187694.0,East,Zone B
CUST03651,Wellness Pharmacy,Pharmacy,Not Available,Bhopal,Madhya Pradesh,India,573217.0,Central,Zone D
CUST01498,Om Hospital,Clinic,Not Available,Ajmer,Rajasthan,India,479221.0,East,Zone C
CUST00723,Unknown,Pharmacy,Not Available,Other,Karnataka,India,334685.0,South,Zone C
CUST02718,Shree Hospital,Wholesaler,Not Available,Hyderabad,Telangana,India,140409.0,North,Zone A
CUST02037,Rajdhani Nursing Home,Pharmacy,Not Available,Hyderabad,Telangana,India,235789.0,West,Zone A
CUST00912,Apex Medical Store,Hospital,Apex Medical Store,Ajmer,Rajasthan,India,218426.0,West,Zone C
CUST01730,National Medical Store,Pharmacy,Not Available,Surat,Gujarat,India,390641.0,South,Zone A
CUST02622,Wellness Medical Store,Pharmacy,Not Available,Delhi,Delhi,India,369573.0,North,Zone A
CUST01220,Unknown,Clinic,Not Available,Nagpur,Maharashtra,India,339131.0,West,Zone C
CUST03370,Shree Clinic,Retail,Not Available,Udaipur,Rajasthan,India,342468.0,West,Zone B
CUST01114,City Clinic,Pharmacy,Not Available,Jaipur,Rajasthan,India,585020.0,West,Zone C
CUST02407,Apex Medical Store,Pharmacy,Not Available,Surat,Gujarat,India,397590.0,North,Zone A
CUST03728,Prime Hospital,Pharmacy,Not Available,Nagpur,Maharashtra,India,171237.0,East,Zone D
CUST01235,Central Healthcare,Wholesaler,Not Available,Chennai,Tamil Nadu,India,743505.0,West,Zone D
CUST00535,Shree Hospital,Pharmacy,Not Available,Udaipur,Rajasthan,India,269851.0,East,Zone D
CUST00298,Unknown,Clinic,Not Available,Ahmedabad,,India,726416.0,East,Zone A
CUST02578,Sunrise Nursing Home,Retail,Not Available,Nagpur,Maharashtra,India,701310.0,North,Zone B
CUST00314,Om Healthcare,Clinic,Not Available,Chennai,Tamil Nadu,India,302110.0,Central,Zone D
CUST03273,Green Hospital,Retail,Not Available,Kota,Rajasthan,India,241748.0,North,Zone D
CUST00757,Metro Clinic,Pharmacy,Not Available,Ajmer,Rajasthan,India,503278.0,West,Zone D
CUST03701,Unknown,Hospital,Central Healthcare,Ahmedabad,Gujarat,India,375285.0,West,Zone B
CUST01987,Rajdhani Healthcare,Hospital,Rajdhani Healthcare,Kota,Rajasthan,India,311749.0,East,Zone A
CUST02954,Global Pharmacy,Clinic,Not Available,Indore,Madhya Pradesh,India,248227.0,North,Zone A
CUST00636,Metro Nursing Home,Pharmacy,Not Available,Kota,Rajasthan,India,518916.0,Central,Zone D
CUST01464,National Nursing Home,Pharmacy,Not Available,Lucknow,Uttar Pradesh,India,242242.0,West,Zone B
CUST03099,Life Clinic,Pharmacy,Not Available,Other,Telangana,India,419918.0,South,Zone B
CUST03574,Apex Nursing Home,Retail,Not Available,Pune,Maharashtra,India,236126.0,Central,Zone A
CUST00224,Central Clinic,Hospital,Central Clinic,Other,Rajasthan,India,533140.0,East,Zone D
CUST03732,National Pharmacy,Pharmacy,Not Available,Bangalore,Karnataka,India,522401.0,East,Zone A
CUST01782,Green Pharmacy,Hospital,Green Pharmacy,Kolkata,West Bengal,India,322504.0,South,Zone C
CUST01755,Wellness Healthcare,Hospital,Wellness Healthcare,Lucknow,Uttar Pradesh,India,162968.0,Central,Zone C
CUST01877,Green Medical Store,Wholesaler,Not Available,Ahmedabad,Gujarat,India,330932.0,West,Zone C
CUST02374,Shanti Healthcare,Wholesaler,Not Available,Udaipur,Rajasthan,India,508119.0,South,Zone C
CUST00716,City Healthcare,Pharmacy,Not Available,Jodhpur,Rajasthan,India,745883.0,South,Zone C
CUST03255,Central Medical Store,Retail,Not Available,Pune,Maharashtra,India,,East,Zone A
CUST03790,National Drug House,Pharmacy,Not Available,Mumbai,Maharashtra,India,419977.0,North,Zone C
CUST00994,Prime Hospital,Hospital,Prime Hospital,Chennai,Tamil Nadu,India,258146.0,South,Zone C
CUST03235,Metro Drug House,Pharmacy,Not Available,Other,Rajasthan,India,680244.0,Central,Zone C
CUST00655,City Medical Store,Retail,Not Available,Kota,Rajasthan,India,196613.0,East,Zone D
CUST02667,Om Clinic,Pharmacy,Not Available,Delhi,Delhi,India,615951.0,Central,Zone B
CUST00892,Wellness Pharmacy,Wholesaler,Not Available,Ahmedabad,Gujarat,India,709777.0,East,Zone B
CUST02139,Green Hospital,Clinic,Not Available,Other,Tamil Nadu,India,251798.0,North,Zone A
CUST02480,Apex Medical Store,Clinic,Not Available,Bangalore,Karnataka,India,309465.0,East,Zone A
CUST01553,National Healthcare,Hospital,National Healthcare,Ahmedabad,Gujarat,India,747572.0,West,Zone C
CUST00519,Global Medical Store,Pharmacy,Not Available,Delhi,Delhi,India,455051.0,Central,Zone B
CUST02867,National Hospital,Hospital,National Hospital,Kota,Rajasthan,India,297363.0,Central,Zone C
CUST01224,Global Hospital,Clinic,Not Available,Kota,Rajasthan,India,749739.0,North,Zone A
CUST03972,Shanti Medical Store,Hospital,Shanti Medical Store,Surat,Gujarat,India,360389.0,East,Zone B
CUST00782,Sunrise Pharmacy,Pharmacy,Not Available,Other,Maharashtra,India,401523.0,South,Zone B
CUST00656,Green Pharmacy,Wholesaler,Not Available,Jodhpur,Rajasthan,India,763200.0,West,Zone B
CUST02371,Sunrise Clinic,Clinic,Not Available,Other,Rajasthan,India,185370.0,South,Zone A
CUST00717,Care Hospital,Clinic,Not Available,Indore,Madhya Pradesh,India,336586.0,Central,Zone B
CUST01407,Rajdhani Hospital,Pharmacy,Not Available,Indore,Madhya Pradesh,India,174797.0,South,Zone C
CUST00511,Green Drug House,Retail,Not Available,Pune,Maharashtra,India,528031.0,South,Zone A
CUST01449,Rajdhani Drug House,Pharmacy,Not Available,Other,Madhya Pradesh,India,563439.0,North,Zone C
CUST01372,Rajdhani Healthcare,Wholesaler,Not Available,Kota,Rajasthan,India,318357.0,West,Zone C
CUST94387,Care Nursing Home,Wholesaler,Not Available,Bangalore,Karnataka,India,274483.0,Central,Zone B
CUST03164,Shanti Hospital,Pharmacy,Not Available,Other,,India,460163.0,South,Zone B
CUST92473,City Healthcare,Pharmacy,Not Available,Kolkata,West Bengal,India,456274.0,North,Zone A
CUST03265,Shanti Healthcare,Pharmacy,Not Available,Nagpur,Maharashtra,India,268883.0,South,Zone A
CUST03658,Green Drug House,Pharmacy,Not Available,Bangalore,Karnataka,India,,North,Zone A
CUST02096,National Nursing Home,Hospital,National Nursing Home,Kolkata,West Bengal,India,364420.0,South,Zone D
CUST02027,Rajdhani Pharmacy,Hospital,Rajdhani Pharmacy,Ajmer,Rajasthan,India,516011.0,South,Zone D
CUST03290,Green Drug House,Hospital,Green Drug House,Other,Madhya Pradesh,India,539598.0,Central,Zone A
CUST03879,Apex Hospital,Retail,Not Available,Ahmedabad,Gujarat,India,428724.0,North,Zone B
CUST02612,Apex Hospital,Pharmacy,Not Available,Other,Telangana,India,315188.0,East,Zone B
CUST00364,Shree Nursing Home,Clinic,Not Available,Lucknow,Uttar Pradesh,India,396121.0,East,Zone C
CUST02744,Rajdhani Healthcare,Wholesaler,Not Available,Jaipur,,India,678482.0,Central,Zone D
CUST01168,Om Drug House,Retail,Not Available,Mumbai,Maharashtra,India,,Central,Zone B
CUST02873,Rajdhani Nursing Home,Retail,Not Available,Bhopal,Madhya Pradesh,India,681243.0,West,Zone D
CUST03823,Central Drug House,Retail,Not Available,Pune,Maharashtra,India,555535.0,South,Zone C
CUST00640,Shanti Hospital,Clinic,Not Available,Lucknow,,India,548180.0,East,Zone D
CUST01721,Care Nursing Home,Clinic,Not Available,Hyderabad,Telangana,India,590494.0,Central,Zone A
CUST02777,Wellness Healthcare,Wholesaler,Not Available,Indore,Madhya Pradesh,India,210865.0,East,Zone C
CUST03714,Shree Clinic,Pharmacy,Not Available,Jaipur,Rajasthan,India,,North,Zone A
CUST03269,Unknown,Pharmacy,Not Available,Lucknow,Uttar Pradesh,India,619346.0,East,Zone A
CUST02324,Wellness Pharmacy,Pharmacy,Not Available,Other,Maharashtra,India,304850.0,East,Zone C
CUST03832,Green Hospital,Pharmacy,Not Available,Hyderabad,Telangana,India,344953.0,East,Zone C
CUST01107,Global Medical Store,Pharmacy,Not Available,Surat,Gujarat,India,626505.0,West,Zone C
CUST03165,Apex Drug House,Pharmacy,Not Available,Bhopal,Madhya Pradesh,India,259833.0,East,Zone D
CUST03112,Wellness Healthcare,Hospital,Wellness Healthcare,Lucknow,Uttar Pradesh,India,319155.0,North,Zone A
CUST02089,Shanti Healthcare,Hospital,Shanti Healthcare,Delhi,Delhi,India,781772.0,South,Zone C
CUST03113,Metro Nursing Home,Clinic,Not Available,Lucknow,Uttar Pradesh,India,401130.0,South,Zone B
CUST03840,Central Drug House,Clinic,Not Available,Bangalore,Karnataka,India,264407.0,Central,Zone C
CUST00644,Central Hospital,Pharmacy,Not Available,Jaipur,Rajasthan,India,372595.0,East,Zone D
CUST01279,Wellness Medical Store,Hospital,Wellness Medical Store,Mumbai,Maharashtra,India,110122.0,Central,Zone A
CUST93781,Sunrise Medical Store,Hospital,Sunrise Medical Store,Indore,Madhya Pradesh,India,146205.0,East,Zone C
CUST03004,Green Drug House,Retail,Not Available,Other,Rajasthan,India,449413.0,Central,Zone C
CUST02586,City Drug House,Wholesaler,Not Available,Kolkata,West Bengal,India,709603.0,West,Zone C
CUST02556,Om Medical Store,Wholesaler,Not Available,Nagpur,Maharashtra,India,385275.0,East,Zone D
CUST01789,Central Pharmacy,Wholesaler,Not Available,Bangalore,,India,184570.0,Central,Zone C
CUST02521,City Nursing Home,Clinic,Not Available,Nagpur,Maharashtra,India,288658.0,Central,Zone A
CUST03385,Unknown,Pharmacy,Not Available,Other,West Bengal,India,695121.0,South,Zone D
CUST03386,Global Nursing Home,Pharmacy,Not Available,Surat,Gujarat,India,785049.0,Central,Zone B
CUST01082,Care Drug House,Wholesaler,Not Available,Kolkata,West Bengal,India,710090.0,South,Zone A
CUST03194,Central Hospital,Pharmacy,Not Available,Bhopal,,India,372939.0,Central,Zone C
CUST01591,Central Drug House,Retail,Not Available,Pune,Maharashtra,India,,Central,Zone D
CUST01406,National Nursing Home,Clinic,Not Available,Bhopal,Madhya Pradesh,India,689484.0,North,Zone C
CUST02451,Shanti Drug House,Pharmacy,Not Available,Jodhpur,Rajasthan,India,663540.0,North,Zone C
CUST02964,City Nursing Home,Clinic,Not Available,Ahmedabad,Gujarat,India,132816.0,North,Zone A
CUST01638,Shanti Medical Store,Hospital,Shanti Medical Store,Mumbai,Maharashtra,India,198449.0,North,Zone A
CUST00108,Unknown,Pharmacy,Not Available,Udaipur,Rajasthan,India,657888.0,North,Zone A
CUST02862,Wellness Healthcare,Hospital,Wellness Healthcare,Indore,Madhya Pradesh,India,503445.0,West,Zone A
CUST02357,Apex Drug House,Pharmacy,Not Available,Hyderabad,Telangana,India,505096.0,North,Zone A
CUST03634,City Nursing Home,Hospital,City Nursing Home,Chennai,Tamil Nadu,India,265291.0,Central,Zone C
CUST99098,Shree Healthcare,Pharmacy,Not Available,Surat,Gujarat,India,,North,Zone A
CUST03834,Wellness Medical Store,Pharmacy,Not Available,Delhi,Delhi,India,286011.0,South,Zone D
CUST00083,Shanti Drug House,Clinic,Not Available,Pune,Maharashtra,India,347478.0,North,Zone A
CUST00944,Om Hospital,Pharmacy,Not Available,Udaipur,Rajasthan,India,592926.0,North,Zone D
CUST00038,Shanti Medical Store,Pharmacy,Not Available,Kota,Rajasthan,India,185081.0,East,Zone B
CUST03205,Life Drug House,Pharmacy,Not Available,Nagpur,Maharashtra,India,421911.0,South,Zone B
CUST02439,Shree Medical Store,Pharmacy,Not Available,Pune,Maharashtra,India,214901.0,Central,Zone B
CUST00201,Green Hospital,Pharmacy,Not Available,Ahmedabad,Gujarat,India,261284.0,East,Zone D
CUST00444,Wellness Nursing Home,Clinic,Not Available,Mumbai,Maharashtra,India,328560.0,West,Zone D
CUST01351,Global Hospital,Pharmacy,Not Available,Ahmedabad,Gujarat,India,385085.0,North,Zone B
CUST02399,Rajdhani Nursing Home,Clinic,Not Available,Ajmer,Rajasthan,India,489469.0,West,Zone C
CUST02533,Rajdhani Clinic,Wholesaler,Not Available,Bangalore,Karnataka,India,483448.0,South,Zone B
CUST00846,National Pharmacy,Clinic,Not Available,Lucknow,Uttar Pradesh,India,514337.0,Central,Zone B
CUST02237,Global Drug House,Pharmacy,Not Available,Delhi,Delhi,India,740668.0,Central,Zone C
CUST00917,Life Drug House,Pharmacy,Not Available,Jaipur,Rajasthan,India,,East,Zone B
CUST02927,Shanti Clinic,Hospital,Shanti Clinic,Kota,Rajasthan,India,629315.0,Central,Zone A
CUST03512,Rajdhani Hospital,Pharmacy,Not Available,Surat,Gujarat,India,189394.0,South,Zone A
CUST01277,Wellness Pharmacy,Wholesaler,Not Available,Nagpur,Maharashtra,India,543438.0,West,Zone C
CUST00545,Metro Healthcare,Pharmacy,Not Available,Kota,Rajasthan,India,156836.0,East,Zone D
CUST03839,Prime Drug House,Pharmacy,Not Available,Udaipur,Rajasthan,India,336744.0,West,Zone D
CUST02367,Shanti Clinic,Hospital,Shanti Clinic,Pune,Maharashtra,India,125201.0,Central,Zone A
CUST00920,Global Nursing Home,Hospital,Global Nursing Home,Other,Uttar Pradesh,India,432828.0,West,Zone C
CUST03706,Shree Nursing Home,Clinic,Not Available,Kolkata,West Bengal,India,526380.0,Central,Zone C
CUST01309,Sunrise Nursing Home,Clinic,Not Available,Other,Rajasthan,India,657074.0,South,Zone C
CUST02742,Apex Clinic,Retail,Not Available,Delhi,Delhi,India,570844.0,South,Zone A
CUST03183,Global Clinic,Hospital,Global Clinic,Chennai,Tamil Nadu,India,717442.0,Central,Zone D
CUST00076,National Clinic,Pharmacy,Not Available,Jaipur,,India,566452.0,North,Zone C
CUST01017,Life Nursing Home,Pharmacy,Not Available,Nagpur,Maharashtra,India,768751.0,North,Zone B
CUST00337,Apex Drug House,Pharmacy,Not Available,Surat,Gujarat,India,482452.0,East,Zone D
CUST00688,Om Medical Store,Clinic,Not Available,Lucknow,Uttar Pradesh,India,330001.0,Central,Zone B
CUST01384,Care Healthcare,Pharmacy,Not Available,Ahmedabad,Gujarat,India,522148.0,North,Zone C
CUST00342,Green Pharmacy,Wholesaler,Not Available,Chennai,Tamil Nadu,India,719494.0,East,Zone D
CUST03525,Metro Clinic,Clinic,Not Available,Jaipur,Rajasthan,India,310367.0,West,Zone A
CUST03308,Prime Healthcare,Wholesaler,Not Available,Hyderabad,Telangana,India,462538.0,West,Zone B
CUST00989,Apex Healthcare,Wholesaler,Not Available,Other,Rajasthan,India,233935.0,West,Zone B
CUST02995,Wellness Pharmacy,Pharmacy,Not Available,Indore,Madhya Pradesh,India,562392.0,North,Zone B
CUST01282,Om Healthcare,Pharmacy,Not Available,Indore,Madhya Pradesh,India,321103.0,East,Zone B
CUST01154,Prime Hospital,Pharmacy,Not Available,Other,Maharashtra,India,739469.0,North,Zone A
CUST02218,Shree Pharmacy,Pharmacy,Not Available,Ahmedabad,Gujarat,India,502264.0,East,Zone D
CUST02020,Unknown,Pharmacy,Not Available,Hyderabad,Telangana,India,212891.0,North,Zone D
CUST02045,Care Nursing Home,Pharmacy,Not Available,Delhi,Delhi,India,615570.0,West,Zone D
CUST02791,Central Drug House,Pharmacy,Not Available,Ahmedabad,Gujarat,India,,South,Zone C
CUST02507,Life Nursing Home,Pharmacy,Not Available,Other,Maharashtra,India,519982.0,West,Zone D
CUST01891,Life Pharmacy,Wholesaler,Not Available,Chennai,Tamil Nadu,India,311042.0,Central,Zone C
CUST03140,City Healthcare,Pharmacy,Not Available,Kota,Rajasthan,India,128673.0,North,Zone B
CUST02207,Rajdhani Clinic,Pharmacy,Not Available,Other,Gujarat,India,280822.0,West,Zone C
CUST00485,City Nursing Home,Pharmacy,Not Available,Ajmer,Rajasthan,India,,South,Zone B
CUST01714,National Hospital,Hospital,National Hospital,Chennai,Tamil Nadu,India,376359.0,West,Zone A
CUST03609,Global Healthcare,Pharmacy,Not Available,Bangalore,Karnataka,India,782102.0,North,Zone D
CUST02312,Om Nursing Home,Pharmacy,Not Available,Delhi,Delhi,Unknown,620627.0,North,Zone D
CUST02093,Sunrise Clinic,Hospital,Sunrise Clinic,Nagpur,Maharashtra,India,353037.0,South,Zone B
CUST00694,Green Nursing Home,Retail,Not Available,Mumbai,Maharashtra,India,203034.0,East,Zone A
CUST03858,Sunrise Hospital,Clinic,Not Available,Kota,Rajasthan,India,682063.0,East,Zone D
CUST03264,Sunrise Pharmacy,Hospital,Sunrise Pharmacy,Other,Rajasthan,India,677113.0,West,Zone B
CUST00148,Metro Healthcare,Hospital,Metro Healthcare,Surat,Gujarat,India,523276.0,South,Zone C
CUST02678,Care Pharmacy,Pharmacy,Not Available,Other,West Bengal,India,273666.0,South,Zone A
CUST03974,Life Clinic,Hospital,Life Clinic,Ahmedabad,Gujarat,India,179300.0,North,Zone D
CUST03907,Global Nursing Home,Pharmacy,Not Available,Mumbai,Maharashtra,India,544380.0,Central,Zone C
CUST02379,National Drug House,Pharmacy,Not Available,Chennai,Tamil Nadu,India,179853.0,Central,Zone B
CUST03035,Prime Healthcare,Pharmacy,Not Available,Delhi,Delhi,India,769284.0,Central,Zone D
CUST00915,Life Pharmacy,Pharmacy,Not Available,Mumbai,Maharashtra,India,717595.0,North,Zone A
CUST01361,Central Healthcare,Pharmacy,Not Available,Udaipur,Rajasthan,India,659267.0,South,Zone C
CUST02289,National Nursing Home,Retail,Not Available,Delhi,Delhi,India,475195.0,East,Zone D
CUST01240,Global Hospital,Pharmacy,Not Available,Mumbai,Delhi,India,540745.0,South,Zone C
CUST00936,Shanti Clinic,Retail,Not Available,Bangalore,Karnataka,India,484065.0,North,Zone B
CUST03163,National Clinic,Wholesaler,Not Available,Jaipur,Rajasthan,India,583597.0,Central,Zone D
CUST03910,Global Nursing Home,Pharmacy,Not Available,Pune,Maharashtra,India,213575.0,Central,Zone A
CUST02648,Central Clinic,Clinic,Not Available,Chennai,Tamil Nadu,India,570334.0,West,Zone D
CUST03086,Unknown,Pharmacy,Not Available,Bhopal,Madhya Pradesh,India,532178.0,South,Zone D
CUST02359,Rajdhani Hospital,Pharmacy,Not Available,Ajmer,Rajasthan,India,589905.0,West,Zone D
CUST02254,Apex Drug House,Clinic,Not Available,Other,Delhi,India,718327.0,Central,Zone A
CUST03880,City Healthcare,Hospital,City Healthcare,Lucknow,Uttar Pradesh,India,337829.0,South,Zone C
CUST00468,Shree Medical Store,Pharmacy,Not Available,Pune,Maharashtra,India,463769.0,Central,Zone A
CUST03961,Sunrise Healthcare,Wholesaler,Not Available,Delhi,Delhi,India,309589.0,North,Zone A
CUST02919,National Drug House,Pharmacy,Not Available,Udaipur,Rajasthan,India,,West,Zone B
CUST00966,Metro Healthcare,Retail,Not Available,Chennai,Tamil Nadu,India,509911.0,East,Zone D
CUST02223,Global Hospital,Clinic,Not Available,Nagpur,Maharashtra,India,608032.0,East,Zone D
CUST00019,Unknown,Pharmacy,Not Available,Delhi,Delhi,India,172654.0,Central,Zone B
CUST02124,National Healthcare,Pharmacy,Not Available,Udaipur,Rajasthan,India,689978.0,South,Zone C
CUST00057,Unknown,Hospital,Prime Nursing Home,Kota,Rajasthan,India,183406.0,South,Zone B
CUST93221,Life Hospital,Hospital,Life Hospital,Nagpur,Maharashtra,India,240187.0,West,Zone B
CUST01473,Care Nursing Home,Hospital,Care Nursing Home,Bhopal,Madhya Pradesh,India,232147.0,South,Zone C
CUST00068,Rajdhani Healthcare,Clinic,Not Available,Kolkata,West Bengal,India,169615.0,East,Zone B
CUST03333,Shree Pharmacy,Hospital,Shree Pharmacy,Ahmedabad,Gujarat,India,243623.0,South,Zone B
CUST94471,Shree Clinic,Wholesaler,Not Available,Mumbai,Maharashtra,India,344869.0,West,Zone D
CUST00734,Apex Medical Store,Clinic,Not Available,Kolkata,West Bengal,India,428054.0,South,Zone A
CUST00408,National Medical Store,Retail,Not Available,Jaipur,Rajasthan,India,257791.0,Central,Zone C
CUST03405,Green Healthcare,Pharmacy,Not Available,Other,Tamil Nadu,India,688175.0,Central,Zone C
CUST00778,Sunrise Healthcare,Pharmacy,Not Available,Hyderabad,Telangana,India,153660.0,South,Zone A
CUST02778,Prime Drug House,Retail,Not Available,Bangalore,Karnataka,India,611616.0,Central,Zone C
CUST01794,Sunrise Healthcare,Retail,Not Available,Hyderabad,Telangana,India,397958.0,Central,Zone B
CUST02887,Metro Pharmacy,Wholesaler,Not Available,Jaipur,Rajasthan,India,371452.0,West,Zone B
CUST02111,Metro Drug House,Pharmacy,Not Available,Ajmer,Rajasthan,India,279007.0,West,Zone B
CUST00026,Sunrise Clinic,Hospital,Sunrise Clinic,Chennai,Tamil Nadu,India,632742.0,Central,Zone C
CUST02283,Shree Clinic,Pharmacy,Not Available,Bangalore,Karnataka,India,,South,Zone D
CUST02818,Care Drug House,Clinic,Not Available,Lucknow,Uttar Pradesh,India,450826.0,West,Zone C
CUST01261,Green Medical Store,Wholesaler,Not Available,Other,Rajasthan,India,399079.0,North,Zone A
CUST02143,Metro Medical Store,Retail,Not Available,Kolkata,West Bengal,India,541651.0,East,Zone A
CUST00616,Shanti Hospital,Clinic,Not Available,Pune,Maharashtra,India,711153.0,East,Zone A
CUST01619,Apex Drug House,Wholesaler,Not Available,Other,Gujarat,India,456229.0,West,Zone B
CUST00044,Shree Clinic,Hospital,Shree Clinic,Surat,,India,611655.0,West,Zone B
CUST01912,Care Drug House,Pharmacy,Not Available,Nagpur,Maharashtra,India,136405.0,South,Zone A
CUST02149,Rajdhani Hospital,Pharmacy,Not Available,Delhi,Delhi,India,760738.0,West,Zone D
CUST03083,Rajdhani Clinic,Pharmacy,Not Available,Kolkata,West Bengal,India,132086.0,East,Zone A
CUST02915,Sunrise Drug House,Hospital,Sunrise Drug House,Chennai,Tamil Nadu,India,531341.0,South,Zone C
CUST02875,Shanti Drug House,Hospital,Shanti Drug House,Lucknow,Uttar Pradesh,India,,East,Zone C
CUST01397,Sunrise Clinic,Pharmacy,Not Available,Indore,Madhya Pradesh,India,264038.0,North,Zone C
CUST02878,Rajdhani Pharmacy,Retail,Not Available,Other,Gujarat,India,519456.0,North,Zone D
CUST00228,Rajdhani Nursing Home,Hospital,Rajdhani Nursing Home,Chennai,Tamil Nadu,India,209131.0,North,Zone B
CUST00856,Shree Clinic,Pharmacy,Not Available,Kota,,India,636772.0,Central,Zone D
CUST01917,Om Clinic,Wholesaler,Not Available,Kota,Rajasthan,India,,North,Zone B
CUST03788,Shree Nursing Home,Retail,Not Available,Lucknow,Uttar Pradesh,India,,South,Zone D
CUST02257,Shree Medical Store,Pharmacy,Not Available,Nagpur,Maharashtra,India,,West,Zone A
CUST03589,Shanti Medical Store,Wholesaler,Not Available,Kolkata,West Bengal,India,293290.0,West,Zone A
CUST00633,Sunrise Drug House,Clinic,Not Available,Mumbai,Maharashtra,India,410745.0,Central,Zone A
CUST01050,Prime Clinic,Pharmacy,Not Available,Other,Gujarat,India,140691.0,East,Zone B
CUST02680,Life Medical Store,Pharmacy,Not Available,Hyderabad,Telangana,India,262729.0,North,Zone D
CUST00303,Central Hospital,Pharmacy,Not Available,Jaipur,Rajasthan,India,355340.0,South,Zone A
CUST00448,Sunrise Healthcare,Wholesaler,Not Available,Jodhpur,Rajasthan,India,423369.0,West,Zone C
CUST95743,Om Healthcare,Hospital,Om Healthcare,Kolkata,West Bengal,India,225670.0,North,Zone C
CUST01565,Shree Clinic,Hospital,Shree Clinic,Pune,Maharashtra,India,424339.0,West,Zone B
CUST99148,Rajdhani Clinic,Clinic,Not Available,Indore,Madhya Pradesh,India,556413.0,East,Zone D
CUST00459,Apex Healthcare,Hospital,Apex Healthcare,Pune,,India,396150.0,West,Zone A
CUST02796,Shree Medical Store,Wholesaler,Not Available,Kolkata,West Bengal,India,,Central,Zone D
CUST00815,Rajdhani Clinic,Pharmacy,Not Available,Udaipur,Rajasthan,India,322761.0,West,Zone C
CUST03207,Global Clinic,Wholesaler,Not Available,Hyderabad,Telangana,India,140184.0,Central,Zone D
CUST03862,Central Hospital,Pharmacy,Not Available,Udaipur,Rajasthan,India,761321.0,North,Zone B
CUST00499,City Healthcare,Clinic,Not Available,Surat,Gujarat,India,181241.0,West,Zone B
CUST03334,Central Nursing Home,Pharmacy,Not Available,Mumbai,Maharashtra,India,230704.0,North,Zone D
CUST02100,Wellness Clinic,Wholesaler,Not Available,Other,Telangana,India,242498.0,North,Zone D
CUST01403,Shree Clinic,Clinic,Not Available,Bangalore,Karnataka,India,374762.0,North,Zone A
CUST00414,Global Hospital,Pharmacy,Not Available,Hyderabad,Telangana,India,416237.0,North,Zone D
CUST03786,Care Clinic,Pharmacy,Not Available,Surat,Gujarat,India,433399.0,East,Zone D
CUST00624,Om Hospital,Retail,Not Available,Lucknow,Uttar Pradesh,India,142654.0,East,Zone B
CUST00115,Global Drug House,Clinic,Not Available,Kolkata,West Bengal,India,513019.0,North,Zone D
CUST02604,Metro Medical Store,Pharmacy,Not Available,Other,Gujarat,India,339878.0,North,Zone C
CUST01604,Life Drug House,Pharmacy,Not Available,Bhopal,Madhya Pradesh,India,255124.0,South,Zone D
CUST00157,Unknown,Pharmacy,Not Available,Ahmedabad,Gujarat,India,165686.0,East,Zone C
CUST90835,National Clinic,Hospital,National Clinic,Hyderabad,Telangana,India,287940.0,East,Zone D
CUST00516,Wellness Drug House,Pharmacy,Not Available,Udaipur,Rajasthan,India,293044.0,West,Zone C
CUST01803,Life Pharmacy,Clinic,Not Available,Ahmedabad,Gujarat,India,573292.0,Central,Zone D
CUST01102,City Medical Store,Hospital,City Medical Store,Jaipur,Rajasthan,India,303042.0,East,Zone A
CUST02229,Life Healthcare,Hospital,Life Healthcare,Indore,Madhya Pradesh,India,411316.0,West,Zone D
CUST03770,City Medical Store,Pharmacy,Not Available,Jaipur,Rajasthan,India,280668.0,West,Zone C
CUST03555,National Clinic,Pharmacy,Not Available,Kota,Rajasthan,India,314730.0,South,Zone C
CUST00742,Unknown,Pharmacy,Not Available,Chennai,Tamil Nadu,India,173486.0,North,Zone C
CUST02057,National Healthcare,Wholesaler,Not Available,Jaipur,Rajasthan,India,405918.0,South,Zone A
CUST02784,Rajdhani Drug House,Pharmacy,Not Available,Hyderabad,Telangana,IND,750683.0,East,Zone B
CUST00056,Care Pharmacy,Pharmacy,Not Available,Other,Rajasthan,India,277277.0,North,Zone A
CUST03168,Apex Drug House,Wholesaler,Not Available,Jaipur,Rajasthan,India,733207.0,East,Zone D
CUST02141,Unknown,Pharmacy,Not Available,Bhopal,Madhya Pradesh,India,,Central,Zone B
CUST02603,National Nursing Home,Pharmacy,Not Available,Bhopal,Madhya Pradesh,India,509271.0,North,Zone B
CUST01799,Sunrise Hospital,Hospital,Sunrise Hospital,Other,West Bengal,India,631868.0,North,Zone A
CUST03352,Central Nursing Home,Clinic,Not Available,Kolkata,,India,545185.0,South,Zone B
CUST00735,Unknown,Pharmacy,Not Available,Indore,Madhya Pradesh,India,266164.0,Central,Zone B
CUST03905,Om Pharmacy,Pharmacy,Not Available,Bhopal,Madhya Pradesh,India,,South,Zone B
CUST00024,Metro Nursing Home,Clinic,Not Available,Bhopal,Madhya Pradesh,,110209.0,North,Zone D
CUST02810,Shree Nursing Home,Clinic,Not Available,Surat,Gujarat,India,,Central,Zone A
CUST00095,Global Healthcare,Hospital,Global Healthcare,Jaipur,Rajasthan,India,607880.0,East,Zone D
CUST01150,Sunrise Healthcare,Wholesaler,Not Available,Hyderabad,Telangana,India,577442.0,Central,Zone A
CUST00902,Om Hospital,Hospital,Om Hospital,Indore,Rajasthan,India,699965.0,North,Zone A
CUST02879,Global Drug House,Clinic,Not Available,Chennai,Tamil Nadu,India,620636.0,West,Zone B
CUST02743,Metro Hospital,Pharmacy,Not Available,Ajmer,Rajasthan,India,765917.0,West,Zone C
CUST03561,Global Hospital,Hospital,Global Hospital,Pune,Maharashtra,India,615138.0,South,Zone A
CUST02906,Wellness Hospital,Wholesaler,Not Available,Ahmedabad,Gujarat,India,556415.0,East,Zone D
CUST02693,Rajdhani Pharmacy,Hospital,Rajdhani Pharmacy,Kota,Rajasthan,India,729522.0,North,Zone C
CUST00802,Rajdhani Clinic,Clinic,Not Available,Jaipur,Rajasthan,India,703039.0,South,Zone B
CUST03198,Wellness Healthcare,Hospital,Wellness Healthcare,Hyderabad,Telangana,India,372825.0,Central,Zone D
CUST02145,Life Clinic,Retail,Not Available,Kolkata,West Bengal,India,637618.0,East,Zone C
CUST01741,Life Pharmacy,Hospital,Life Pharmacy,Udaipur,Rajasthan,India,657098.0,South,Zone B
CUST02279,Central Nursing Home,Pharmacy,Not Available,Bhopal,Madhya Pradesh,India,617348.0,East,Zone C
CUST00993,Shanti Healthcare,Hospital,Shanti Healthcare,Nagpur,Maharashtra,India,533796.0,West,Zone D
CUST00571,Wellness Nursing Home,Clinic,Not Available,Bhopal,Madhya Pradesh,India,281716.0,North,Zone B
CUST01440,Om Medical Store,Hospital,Om Medical Store,Delhi,Delhi,India,586040.0,North,Zone A
CUST02716,Life Nursing Home,Pharmacy,Not Available,Surat,Gujarat,India,750487.0,Central,Zone D
CUST03367,Om Healthcare,Pharmacy,Not Available,Bangalore,Karnataka,India,541215.0,North,Zone A
CUST01410,Apex Hospital,Pharmacy,Not Available,Chennai,Tamil Nadu,India,,West,Zone C
CUST02840,Sunrise Clinic,Pharmacy,Not Available,Surat,Gujarat,India,,Central,Zone D
CUST03804,Care Clinic,Wholesaler,Not Available,Kolkata,West Bengal,India,112916.0,East,Zone B
CUST01603,Green Nursing Home,Pharmacy,Not Available,Lucknow,Uttar Pradesh,India,196546.0,Central,Zone A
CUST00060,Rajdhani Medical Store,Pharmacy,Not Available,Indore,Madhya Pradesh,India,,West,Zone A
CUST00686,Central Clinic,Pharmacy,Not Available,Delhi,Delhi,India,648333.0,East,Zone B
CUST03054,Wellness Healthcare,Pharmacy,Not Available,Jodhpur,Rajasthan,India,651467.0,West,Zone D
CUST01253,Prime Drug House,Hospital,Prime Drug House,Lucknow,Uttar Pradesh,India,,East,Zone C
CUST03522,Shree Hospital,Clinic,Not Available,Other,,India,690288.0,Central,Zone A
CUST00982,Global Pharmacy,Wholesaler,Not Available,Nagpur,Maharashtra,India,284975.0,Central,Zone C
CUST01347,Central Healthcare,Wholesaler,Not Available,Bangalore,Karnataka,India,,South,Zone A
CUST02078,Rajdhani Nursing Home,Hospital,Not Available,Hyderabad,Telangana,India,291109.0,West,Zone C
CUST01545,Sunrise Pharmacy,Hospital,Sunrise Pharmacy,Indore,Madhya Pradesh,India,518801.0,South,Zone B
CUST02901,Shanti Drug House,Hospital,Shanti Drug House,Mumbai,Maharashtra,India,448563.0,North,Zone D
CUST98535,Shanti Healthcare,Wholesaler,Not Available,Nagpur,Maharashtra,India,533307.0,North,Zone D
CUST01475,Om Drug House,Retail,Not Available,Other,,India,,Central,Zone B
CUST00079,National Healthcare,Pharmacy,Not Available,Chennai,,India,786465.0,South,Zone B
CUST01745,Shanti Hospital,Wholesaler,Not Available,Nagpur,Maharashtra,India,594347.0,West,Zone A
CUST02999,Metro Drug House,Pharmacy,Not Available,Other,Maharashtra,India,643846.0,North,Zone B
CUST02433,Global Medical Store,Pharmacy,Not Available,Surat,Gujarat,India,210630.0,South,Zone C
CUST02444,National Hospital,Retail,Not Available,Nagpur,Maharashtra,India,407740.0,North,Zone C
CUST01263,Sunrise Hospital,Pharmacy,Not Available,Kota,Rajasthan,India,180172.0,North,Zone D
CUST01332,Life Medical Store,Wholesaler,Not Available,Pune,Maharashtra,India,741259.0,East,Zone A
CUST02623,Sunrise Drug House,Wholesaler,Not Available,Nagpur,Maharashtra,India,405510.0,West,Zone D
CUST01090,Metro Hospital,Pharmacy,Not Available,Other,Rajasthan,India,378185.0,South,Zone D
CUST00685,Sunrise Drug House,Clinic,Not Available,Indore,Madhya Pradesh,India,406355.0,Central,Zone B
CUST02549,Unknown,Clinic,Not Available,Chennai,Tamil Nadu,India,113102.0,South,Zone A
CUST02579,Prime Clinic,Pharmacy,Not Available,Surat,Gujarat,India,686915.0,North,Zone C
CUST02406,Wellness Healthcare,Pharmacy,Not Available,Indore,,India,579702.0,East,Zone C
CUST03034,City Hospital,Wholesaler,Not Available,Bangalore,,India,315399.0,West,Zone B
CUST03968,Shanti Drug House,Wholesaler,Not Available,Hyderabad,Telangana,India,552419.0,East,Zone B
CUST03740,Global Drug House,Pharmacy,Not Available,Surat,Gujarat,India,131350.0,South,Zone B
CUST00036,Care Clinic,Clinic,Not Available,Udaipur,Rajasthan,India,,East,Zone A
CUST00017,Care Pharmacy,Clinic,Not Available,Kota,Rajasthan,India,138294.0,East,Zone D
CUST02624,Care Healthcare,Pharmacy,Not Available,Other,Telangana,India,213592.0,Central,Zone C
CUST02023,Shanti Drug House,Clinic,Not Available,Bangalore,Karnataka,India,544734.0,West,Zone D
CUST02397,Rajdhani Clinic,Retail,Not Available,Chennai,Tamil Nadu,India,553902.0,East,Zone C
CUST01692,Global Drug House,Pharmacy,Not Available,Lucknow,Uttar Pradesh,India,717687.0,East,Zone C
CUST01998,Unknown,Clinic,Not Available,Kota,Rajasthan,India,504337.0,Central,Zone D
CUST00625,Green Hospital,Pharmacy,Not Available,Other,Madhya Pradesh,India,377735.0,East,Zone C
CUST03008,Shree Clinic,Clinic,Not Available,Mumbai,Maharashtra,India,127102.0,Central,Zone C
CUST03773,Apex Pharmacy,Pharmacy,Not Available,Nagpur,Maharashtra,India,634488.0,North,Zone D
CUST01061,Shree Clinic,Wholesaler,Not Available,Jodhpur,Rajasthan,India,143489.0,West,Zone C
CUST01919,Rajdhani Hospital,Clinic,Not Available,Bangalore,Karnataka,India,355057.0,North,Zone B
CUST02672,Shree Medical Store,Hospital,Shree Medical Store,Kota,Rajasthan,India,,Central,Zone D
CUST00525,Rajdhani Pharmacy,Pharmacy,Not Available,Bhopal,Madhya Pradesh,India,,North,Zone B
CUST01847,Life Clinic,Pharmacy,Not Available,Jaipur,Rajasthan,India,296578.0,South,Zone A
CUST01994,Green Healthcare,Pharmacy,Not Available,Bhopal,Madhya Pradesh,India,552471.0,West,Zone A
CUST96444,Central Nursing Home,Wholesaler,Not Available,Kolkata,West Bengal,India,565177.0,East,Zone A
CUST01166,Prime Healthcare,Wholesaler,Not Available,Other,Rajasthan,India,354102.0,West,Zone D
CUST00669,Unknown,Pharmacy,Not Available,Jaipur,Rajasthan,India,222853.0,Central,Zone D
CUST03641,Metro Hospital,Clinic,Not Available,Other,Uttar Pradesh,India,,East,Zone A
CUST02520,Rajdhani Healthcare,Wholesaler,Not Available,Nagpur,,India,499741.0,East,Zone B
CUST02951,Central Nursing Home,Pharmacy,Not Available,Kota,Rajasthan,India,127682.0,West,Zone D
CUST02250,City Hospital,Pharmacy,Not Available,Jaipur,Rajasthan,India,669313.0,Central,Zone B
CUST01501,Wellness Medical Store,Hospital,Wellness Medical Store,Other,Maharashtra,India,225318.0,West,Zone B
CUST00949,Life Nursing Home,Wholesaler,Not Available,Lucknow,Uttar Pradesh,India,735828.0,Central,Zone C
CUST01048,Shanti Healthcare,Hospital,Shanti Healthcare,Mumbai,Maharashtra,India,712618.0,South,Zone A
CUST02594,Rajdhani Clinic,Wholesaler,Not Available,Delhi,Delhi,India,679538.0,East,Zone A
CUST00180,Sunrise Nursing Home,Retail,Not Available,Bhopal,Madhya Pradesh,India,656037.0,West,Zone C
CUST00879,Unknown,Hospital,City Medical Store,Ajmer,Rajasthan,India,355465.0,South,Zone B
CUST01441,Global Drug House,Retail,Not Available,Indore,Madhya Pradesh,Unknown,465939.0,Central,Zone D
CUST01234,City Nursing Home,Wholesaler,Not Available,Hyderabad,Telangana,India,656625.0,West,Zone A
CUST02700,Global Medical Store,Wholesaler,Not Available,Pune,Maharashtra,India,784402.0,South,Zone A
CUST03640,City Clinic,Retail,Not Available,Chennai,Tamil Nadu,India,452090.0,South,Zone B
CUST03309,National Clinic,Clinic,Not Available,Jodhpur,Rajasthan,India,413622.0,West,Zone B
CUST01350,Global Nursing Home,Clinic,Not Available,Other,Gujarat,India,125652.0,West,Zone A
CUST02110,Wellness Clinic,Pharmacy,Not Available,Indore,Madhya Pradesh,India,697924.0,West,Zone D
CUST00460,Metro Clinic,Pharmacy,Not Available,Bangalore,Karnataka,India,126084.0,Central,Zone B
CUST02606,City Pharmacy,Pharmacy,Not Available,Chennai,Tamil Nadu,India,443333.0,West,Zone A
CUST01037,Prime Drug House,Wholesaler,Not Available,Pune,Maharashtra,India,260694.0,Central,Zone A
CUST00824,Green Medical Store,Pharmacy,Not Available,Ahmedabad,Gujarat,India,753107.0,East,Zone C
CUST01468,Wellness Drug House,Wholesaler,Not Available,Lucknow,Uttar Pradesh,India,722069.0,North,Zone C
CUST01844,City Clinic,Pharmacy,Not Available,Pune,Maharashtra,India,601815.0,North,Zone A
CUST02497,Global Healthcare,Clinic,Not Available,Other,Madhya Pradesh,India,185767.0,East,Zone D
CUST02631,Shree Healthcare,Pharmacy,Not Available,Pune,Maharashtra,India,536914.0,Central,Zone A
CUST00291,Prime Drug House,Wholesaler,Not Available,Other,Rajasthan,India,156589.0,West,Zone A
CUST03791,Rajdhani Medical Store,Clinic,Not Available,Kolkata,West Bengal,India,389794.0,South,Zone C
CUST01379,Sunrise Healthcare,Pharmacy,Not Available,Surat,Gujarat,India,736708.0,West,Zone A
CUST01109,Metro Healthcare,Hospital,Metro Healthcare,Other,Uttar Pradesh,India,201235.0,South,Zone C
CUST01299,Shanti Hospital,Hospital,Shanti Hospital,Jaipur,Rajasthan,India,116764.0,North,Zone B
CUST02695,Green Clinic,Retail,Not Available,Ahmedabad,Gujarat,India,132336.0,West,Zone A
CUST00168,Sunrise Hospital,Pharmacy,Not Available,Indore,Madhya Pradesh,India,680368.0,South,Zone C
CUST02466,Rajdhani Pharmacy,Hospital,Rajdhani Pharmacy,Ahmedabad,Gujarat,India,790668.0,North,Zone D
CUST02470,Shanti Healthcare,Clinic,Not Available,Hyderabad,Telangana,India,683227.0,North,Zone D
CUST94781,Unknown,Pharmacy,Not Available,Surat,Gujarat,India,291164.0,West,Zone B
CUST03025,Sunrise Hospital,Hospital,Sunrise Hospital,Kolkata,West Bengal,India,621063.0,Central,Zone C
CUST00086,Life Clinic,Retail,Not Available,Ajmer,Rajasthan,India,767618.0,South,Zone D
CUST00935,Sunrise Drug House,Pharmacy,Not Available,Other,Rajasthan,India,115195.0,West,Zone B
CUST00704,Shanti Drug House,Pharmacy,Not Available,Lucknow,Uttar Pradesh,India,206937.0,North,Zone D
CUST01420,Green Hospital,Pharmacy,Not Available,Jodhpur,Rajasthan,India,459330.0,Central,Zone B
CUST01757,Prime Clinic,Pharmacy,Not Available,Pune,Maharashtra,India,777639.0,East,Zone A
CUST03854,Prime Medical Store,Pharmacy,Not Available,Pune,Maharashtra,India,211751.0,Central,Zone D
CUST00927,Life Medical Store,Pharmacy,Not Available,Chennai,Tamil Nadu,India,213441.0,West,Zone C
CUST02201,National Medical Store,Hospital,National Medical Store,Surat,Gujarat,India,562977.0,South,Zone B
CUST03837,Sunrise Pharmacy,Clinic,Not Available,Udaipur,Rajasthan,India,453997.0,West,Zone C
CUST02734,Shree Clinic,Pharmacy,Not Available,Mumbai,Maharashtra,India,642968.0,West,Zone C
CUST03523,Metro Medical Store,Hospital,Metro Medical Store,Bangalore,Karnataka,India,120664.0,South,Zone B
CUST00007,City Hospital,Hospital,City Hospital,Ajmer,Rajasthan,India,604380.0,West,Zone D
CUST03272,Shree Hospital,Pharmacy,Not Available,Kota,Rajasthan,India,181153.0,North,Zone D
CUST00030,Central Nursing Home,Wholesaler,Not Available,Bhopal,Madhya Pradesh,India,701090.0,North,Zone B
CUST00317,Om Clinic,Wholesaler,Not Available,Indore,Madhya Pradesh,India,266659.0,South,Zone B
CUST03684,Shanti Medical Store,Pharmacy,Not Available,Udaipur,Rajasthan,India,673559.0,East,Zone B
CUST00120,Shree Drug House,Pharmacy,Not Available,Ahmedabad,Gujarat,India,498525.0,Central,Zone D
CUST02245,Shree Clinic,Pharmacy,Not Available,Hyderabad,Telangana,India,436913.0,East,Zone C
CUST01526,Central Pharmacy,Hospital,Central Pharmacy,Kolkata,West Bengal,India,773383.0,South,Zone D
CUST00407,Prime Medical Store,Pharmacy,Not Available,Jodhpur,Rajasthan,India,447770.0,North,Zone C
CUST01450,Life Clinic,Pharmacy,Not Available,Nagpur,Maharashtra,India,483165.0,Central,Zone D
CUST02797,Global Pharmacy,Wholesaler,Not Available,Hyderabad,Telangana,India,784747.0,North,Zone C
CUST03471,Life Medical Store,Clinic,Not Available,Surat,Gujarat,India,224500.0,South,Zone A
CUST02454,Apex Drug House,Wholesaler,Not Available,Pune,Maharashtra,India,466886.0,West,Zone D
CUST02996,Shanti Healthcare,Clinic,Not Available,Other,Delhi,India,250100.0,West,Zone C
CUST02303,Central Healthcare,Retail,Not Available,Chennai,Rajasthan,India,774160.0,East,Zone C
CUST01869,Wellness Pharmacy,Retail,Not Available,Surat,Gujarat,India,657534.0,North,Zone D
CUST01826,Metro Clinic,Hospital,Metro Clinic,Surat,Gujarat,India,714980.0,Central,Zone D
CUST02472,Prime Drug House,Pharmacy,Not Available,Kolkata,West Bengal,India,754348.0,South,Zone D
CUST02560,City Clinic,Pharmacy,Not Available,Mumbai,Maharashtra,India,499027.0,Central,Zone D
CUST03341,Wellness Hospital,Clinic,Not Available,Lucknow,,India,663334.0,South,Zone C
CUST02527,Om Healthcare,Wholesaler,Not Available,Ahmedabad,Gujarat,India,297693.0,South,Zone B
CUST00681,Green Medical Store,Hospital,Green Medical Store,Nagpur,Maharashtra,India,375420.0,Central,Zone A
CUST00300,Green Pharmacy,Retail,Not Available,Indore,Madhya Pradesh,India,193478.0,North,Zone D
CUST02358,National Clinic,Wholesaler,Not Available,Other,Maharashtra,India,528177.0,East,Zone D
CUST03977,Om Medical Store,Hospital,Om Medical Store,Other,Maharashtra,India,257014.0,South,Zone D
CUST03702,City Medical Store,Hospital,City Medical Store,Other,Maharashtra,India,328376.0,West,Zone B
CUST03771,Shanti Medical Store,Pharmacy,Not Available,Hyderabad,Telangana,India,188785.0,North,Zone B
CUST01676,Apex Pharmacy,Hospital,Apex Pharmacy,Other,West Bengal,India,186123.0,West,Zone A
CUST01329,Life Pharmacy,Hospital,Life Pharmacy,Delhi,Delhi,India,491058.0,East,Zone B
CUST00751,City Clinic,Retail,Not Available,Lucknow,Uttar Pradesh,India,786528.0,South,Zone C
CUST00675,Global Drug House,Wholesaler,Not Available,Other,Maharashtra,India,225207.0,North,Zone D
CUST00123,Rajdhani Nursing Home,Wholesaler,Not Available,Pune,Maharashtra,India,,North,Zone C
CUST00569,National Hospital,Hospital,National Hospital,Other,Delhi,India,554362.0,Central,Zone C
CUST02286,Metro Healthcare,Clinic,Not Available,Delhi,,India,198710.0,North,Zone D
CUST01069,Global Healthcare,Pharmacy,Not Available,Jodhpur,Rajasthan,India,583044.0,South,Zone A
CUST01156,Life Nursing Home,Retail,Not Available,Ahmedabad,Gujarat,India,676497.0,Central,Zone B
CUST02844,Green Medical Store,Retail,Not Available,Other,Delhi,India,278006.0,South,Zone C
CUST02546,Om Medical Store,Hospital,Om Medical Store,Kolkata,,India,562950.0,North,Zone D
CUST01804,Apex Nursing Home,Pharmacy,Not Available,Bhopal,Madhya Pradesh,India,,South,Zone D
CUST03681,Global Nursing Home,Pharmacy,Not Available,Kota,Rajasthan,India,379853.0,North,Zone C
CUST03202,Rajdhani Nursing Home,Hospital,Rajdhani Nursing Home,Lucknow,Uttar Pradesh,India,755634.0,East,Zone D
CUST01288,Green Medical Store,Pharmacy,Not Available,Kolkata,West Bengal,India,442687.0,Central,Zone C
CUST01972,Unknown,Pharmacy,Not Available,Udaipur,Rajasthan,India,244980.0,North,Zone D
CUST02893,Care Hospital,Retail,Not Available,Chennai,West Bengal,India,407170.0,South,Zone D
CUST02756,Global Clinic,Wholesaler,Not Available,Lucknow,Uttar Pradesh,India,593533.0,North,Zone B
CUST02120,National Medical Store,Wholesaler,Not Available,Jaipur,Rajasthan,India,765397.0,East,Zone D
CUST00292,Care Drug House,Pharmacy,Not Available,Udaipur,Rajasthan,India,451833.0,Central,Zone B
CUST01390,Wellness Pharmacy,Wholesaler,Not Available,Kota,Rajasthan,India,168961.0,Central,Zone C
CUST02376,Metro Medical Store,Pharmacy,Not Available,Other,Tamil Nadu,India,600209.0,East,Zone A
CUST02503,Green Pharmacy,Pharmacy,Not Available,Lucknow,Uttar Pradesh,India,768707.0,Central,Zone B
CUST00441,Global Medical Store,Clinic,Not Available,Nagpur,Maharashtra,India,127568.0,North,Zone D
CUST01106,City Healthcare,Hospital,City Healthcare,Mumbai,Maharashtra,India,629922.0,East,Zone A
CUST01695,Care Pharmacy,Pharmacy,Not Available,Lucknow,Uttar Pradesh,India,364374.0,North,Zone A
CUST02333,Metro Hospital,Pharmacy,Not Available,Surat,Gujarat,India,420654.0,North,Zone A
CUST01479,Rajdhani Healthcare,Pharmacy,Not Available,Surat,Gujarat,India,599457.0,South,Zone D
CUST00050,Life Clinic,Clinic,Not Available,Kolkata,West Bengal,India,,Central,Zone A
CUST02066,Rajdhani Healthcare,Wholesaler,Not Available,Indore,Madhya Pradesh,India,409246.0,East,Zone D
CUST02502,Care Pharmacy,Pharmacy,Not Available,Kolkata,West Bengal,India,149858.0,South,Zone B
CUST90999,Prime Healthcare,Pharmacy,Not Available,Ajmer,Rajasthan,India,450701.0,South,Zone D
CUST00396,Life Medical Store,Hospital,Life Medical Store,Udaipur,Rajasthan,India,629689.0,Central,Zone C
CUST03539,Apex Drug House,Hospital,Apex Drug House,Jaipur,Rajasthan,India,571517.0,West,Zone D
CUST02042,Global Healthcare,Retail,Not Available,Other,Gujarat,India,145971.0,North,Zone D
CUST01748,Metro Clinic,Wholesaler,Not Available,Ajmer,Rajasthan,India,385968.0,North,Zone D
CUST02972,Apex Pharmacy,Pharmacy,Not Available,Jodhpur,,India,502787.0,West,Zone B
CUST03485,Care Hospital,Clinic,Not Available,Bangalore,Karnataka,India,238580.0,Central,Zone C
CUST03335,Life Medical Store,Wholesaler,Not Available,Jaipur,Rajasthan,India,777873.0,North,Zone A
CUST02576,Rajdhani Nursing Home,Pharmacy,Not Available,Chennai,Tamil Nadu,India,528037.0,South,Zone D
CUST00639,Prime Drug House,Clinic,Not Available,Other,Madhya Pradesh,India,,Central,Zone D
CUST03916,Sunrise Nursing Home,Clinic,Not Available,Chennai,Tamil Nadu,India,603635.0,West,Zone C
CUST01212,Global Drug House,Hospital,Global Drug House,Udaipur,Rajasthan,India,344198.0,West,Zone B
CUST00826,Rajdhani Pharmacy,Clinic,Not Available,Udaipur,Rajasthan,India,479443.0,Central,Zone A
CUST01228,Om Clinic,Wholesaler,Not Available,Kolkata,West Bengal,India,426427.0,Central,Zone B
CUST01970,Om Healthcare,Pharmacy,Not Available,Lucknow,Uttar Pradesh,India,,Central,Zone C
CUST02004,Rajdhani Hospital,Pharmacy,Not Available,Udaipur,Rajasthan,India,189610.0,South,Zone C
CUST01131,Wellness Pharmacy,Pharmacy,Not Available,Delhi,Delhi,India,415433.0,West,Zone C
CUST01047,Green Drug House,Hospital,Green Drug House,Lucknow,Uttar Pradesh,India,588150.0,South,Zone B
CUST00486,Shree Clinic,Wholesaler,Not Available,Jaipur,Rajasthan,India,696580.0,South,Zone A
CUST03406,Apex Drug House,Wholesaler,Not Available,Surat,Gujarat,India,,Central,Zone B
CUST02426,Care Pharmacy,Wholesaler,Not Available,Indore,Madhya Pradesh,India,110922.0,West,Zone C
CUST01416,Apex Hospital,Wholesaler,Not Available,Pune,Maharashtra,India,655957.0,East,Zone C
CUST03760,City Hospital,Wholesaler,Not Available,Jaipur,Rajasthan,India,322815.0,East,Zone C
CUST02585,Unknown,Clinic,Not Available,Udaipur,Rajasthan,India,649552.0,West,Zone A
CUST00140,Care Drug House,Clinic,Not Available,Delhi,Delhi,India,378306.0,West,Zone C
CUST01932,City Clinic,Clinic,Not Available,Ahmedabad,Gujarat,India,134547.0,Central,Zone D
CUST02826,Central Clinic,Hospital,Central Clinic,Delhi,Delhi,India,303295.0,North,Zone D
CUST02002,Unknown,Clinic,Not Available,Kolkata,Tamil Nadu,India,255553.0,East,Zone B
CUST02973,Om Medical Store,Clinic,Not Available,Mumbai,Maharashtra,India,514496.0,Central,Zone B
CUST02500,National Pharmacy,Pharmacy,Not Available,Kota,Rajasthan,India,405167.0,Central,Zone B
CUST00533,Sunrise Drug House,Hospital,Sunrise Drug House,Udaipur,Rajasthan,India,757681.0,East,Zone B
CUST01806,Rajdhani Healthcare,Pharmacy,Not Available,Kolkata,West Bengal,India,606458.0,South,Zone A
CUST01255,City Medical Store,Wholesaler,Not Available,Ajmer,Rajasthan,India,789366.0,Central,Zone B
CUST02679,Care Clinic,Wholesaler,Not Available,Ahmedabad,Gujarat,India,620170.0,Central,Zone C
CUST01205,Wellness Nursing Home,Pharmacy,Not Available,Pune,Maharashtra,India,703365.0,Central,Zone B
CUST03000,Prime Pharmacy,Pharmacy,Not Available,Other,Madhya Pradesh,India,688077.0,North,Zone D
CUST01802,Metro Pharmacy,Pharmacy,Not Available,Mumbai,Maharashtra,India,536442.0,West,Zone C
CUST03425,National Pharmacy,Wholesaler,Not Available,Jaipur,Rajasthan,India,225986.0,East,Zone B
CUST03411,Sunrise Healthcare,Pharmacy,Not Available,Other,Telangana,India,507920.0,North,Zone A
CUST03052,Prime Healthcare,Pharmacy,Not Available,Ahmedabad,Gujarat,India,289465.0,East,Zone B
CUST01751,Wellness Medical Store,Clinic,Not Available,Other,,India,442485.0,North,Zone A
CUST00423,Metro Pharmacy,Hospital,Metro Pharmacy,Mumbai,Maharashtra,India,500351.0,Central,Zone C
CUST00196,Apex Nursing Home,Clinic,Not Available,Hyderabad,Telangana,India,250679.0,North,Zone D
CUST02436,Unknown,Pharmacy,Not Available,Surat,Gujarat,India,445162.0,North,Zone A
CUST03427,Care Drug House,Pharmacy,Not Available,Kota,Rajasthan,India,554306.0,North,Zone A
CUST00530,Green Clinic,Pharmacy,Not Available,Mumbai,Maharashtra,India,296097.0,South,Zone C
CUST00791,Shree Hospital,Pharmacy,Not Available,Surat,Gujarat,India,526572.0,North,Zone B
CUST03408,Green Healthcare,Hospital,Green Healthcare,Udaipur,Rajasthan,India,228516.0,North,Zone A
CUST00357,Metro Medical Store,Pharmacy,Not Available,Ajmer,Rajasthan,India,423009.0,West,Zone D
CUST02916,Shanti Nursing Home,Clinic,Not Available,Kota,Rajasthan,India,535755.0,North,Zone C
CUST03508,Wellness Nursing Home,Pharmacy,Not Available,Bangalore,Karnataka,India,668698.0,Central,Zone A
CUST00358,Om Nursing Home,Pharmacy,Not Available,Kota,Rajasthan,India,529093.0,South,Zone D
CUST01112,Prime Hospital,Clinic,Not Available,Delhi,Delhi,India,301110.0,East,Zone A
CUST02366,City Hospital,Pharmacy,Not Available,Chennai,Tamil Nadu,India,299019.0,East,Zone D
CUST03952,Shree Medical Store,Clinic,Not Available,Mumbai,Maharashtra,India,267568.0,West,Zone B
CUST03633,Shree Medical Store,Retail,Not Available,Bhopal,Madhya Pradesh,India,143358.0,East,Zone C
CUST00075,Wellness Clinic,Wholesaler,Not Available,Indore,Madhya Pradesh,India,447090.0,Central,Zone C
CUST00220,Shree Medical Store,Pharmacy,Not Available,Ahmedabad,Gujarat,India,156650.0,North,Zone D
CUST00345,Central Clinic,Pharmacy,Not Available,Surat,Gujarat,India,769575.0,East,Zone C
CUST01427,Life Drug House,Retail,Not Available,Indore,Madhya Pradesh,India,617177.0,East,Zone C
CUST03134,Green Pharmacy,Retail,Not Available,Indore,Madhya Pradesh,India,,East,Zone C
CUST03899,Life Clinic,Wholesaler,Not Available,Nagpur,Maharashtra,India,480614.0,North,Zone C
CUST03863,Metro Drug House,Wholesaler,Not Available,Pune,Maharashtra,India,476079.0,West,Zone C
CUST01879,Life Hospital,Retail,Not Available,Ahmedabad,Gujarat,India,,East,Zone C
CUST01599,Om Hospital,Clinic,Not Available,Indore,Madhya Pradesh,India,258456.0,West,Zone B
CUST02894,Shanti Pharmacy,Hospital,Shanti Pharmacy,Kota,Rajasthan,India,467204.0,East,Zone C
CUST02758,Shree Pharmacy,Pharmacy,Not Available,Kolkata,West Bengal,India,572726.0,Central,Zone B
CUST00001,Sunrise Hospital,Hospital,Sunrise Hospital,Chennai,Tamil Nadu,India,443326.0,East,Zone B
CUST00718,National Medical Store,Hospital,National Medical Store,Indore,Madhya Pradesh,India,250607.0,South,Zone B
CUST02861,Shree Healthcare,Pharmacy,Not Available,Mumbai,Maharashtra,India,727785.0,East,Zone D
CUST01064,Rajdhani Healthcare,Hospital,Rajdhani Healthcare,Hyderabad,Telangana,India,111411.0,Central,Zone B
CUST00416,Wellness Clinic,Pharmacy,Not Available,Kota,Rajasthan,India,345622.0,West,Zone D
CUST00268,City Hospital,Hospital,City Hospital,Bhopal,Madhya Pradesh,India,197882.0,East,Zone A
CUST03069,Om Medical Store,Pharmacy,Not Available,Ajmer,Rajasthan,India,263972.0,North,Zone A
CUST02295,Prime Medical Store,Pharmacy,Not Available,Jodhpur,Rajasthan,India,210703.0,Central,Zone C
CUST01563,Global Clinic,Pharmacy,Not Available,Nagpur,Maharashtra,India,360213.0,West,Zone D
CUST03306,Shree Clinic,Hospital,Shree Clinic,Hyderabad,Telangana,India,330246.0,West,Zone C
CUST02593,Metro Nursing Home,Hospital,Metro Nursing Home,Kolkata,West Bengal,India,696647.0,North,Zone D
CUST00316,Prime Medical Store,Retail,Not Available,Jaipur,Rajasthan,India,473023.0,Central,Zone C
CUST01014,Sunrise Healthcare,Wholesaler,Not Available,Other,Gujarat,India,383313.0,South,Zone A
CUST01430,Rajdhani Drug House,Clinic,Not Available,Delhi,Delhi,IND,665055.0,West,Zone B
CUST02491,Rajdhani Medical Store,Pharmacy,Not Available,Surat,Gujarat,India,624260.0,North,Zone D
CUST02870,Care Healthcare,Clinic,Not Available,Other,Rajasthan,India,647250.0,South,Zone D
CUST03752,Sunrise Medical Store,Pharmacy,Not Available,Ahmedabad,Gujarat,India,749178.0,Central,Zone C
CUST01345,Prime Hospital,Hospital,Prime Hospital,Udaipur,Rajasthan,India,513451.0,East,Zone C
CUST02411,National Healthcare,Wholesaler,Not Available,Lucknow,Uttar Pradesh,India,562269.0,West,Zone C
CUST00385,Prime Nursing Home,Wholesaler,Not Available,Nagpur,Maharashtra,India,,West,Zone A
CUST02477,Global Medical Store,Wholesaler,Not Available,Ajmer,Rajasthan,India,656936.0,North,Zone B
CUST03180,Life Medical Store,Pharmacy,Not Available,Lucknow,Uttar Pradesh,India,726156.0,North,Zone B
CUST03305,Wellness Healthcare,Wholesaler,Not Available,Mumbai,Maharashtra,India,687004.0,South,Zone B
CUST02931,Central Clinic,Hospital,Central Clinic,Kolkata,West Bengal,India,672449.0,North,Zone D
CUST01551,Rajdhani Clinic,Pharmacy,Not Available,Lucknow,Uttar Pradesh,India,583011.0,West,Zone C
CUST00009,Unknown,Clinic,Not Available,Kolkata,West Bengal,India,357766.0,South,Zone D
CUST00995,Central Drug House,Pharmacy,Not Available,Jodhpur,Rajasthan,India,764765.0,East,Zone C
CUST01788,Prime Hospital,Hospital,Prime Hospital,Jaipur,Rajasthan,India,,Central,Zone B
CUST03364,Apex Pharmacy,Hospital,Apex Pharmacy,Jaipur,Rajasthan,India,216875.0,East,Zone A
CUST00971,Green Healthcare,Retail,Not Available,Pune,Maharashtra,India,277197.0,Central,Zone D
CUST01622,Central Clinic,Pharmacy,Not Available,Jodhpur,Rajasthan,India,164813.0,South,Zone D
CUST03381,Global Nursing Home,Wholesaler,Not Available,Lucknow,Uttar Pradesh,India,,Central,Zone C
CUST02150,Prime Pharmacy,Pharmacy,Not Available,Kota,Rajasthan,India,359359.0,West,Zone A
CUST00866,Sunrise Medical Store,Wholesaler,Not Available,Mumbai,Maharashtra,India,293828.0,South,Zone C
CUST00187,Metro Hospital,Wholesaler,Not Available,Udaipur,Rajasthan,India,670627.0,North,Zone A
CUST00596,Wellness Medical Store,Pharmacy,Not Available,Nagpur,Maharashtra,India,558051.0,West,Zone D
CUST02164,Care Clinic,Clinic,Not Available,Udaipur,Rajasthan,India,518452.0,North,Zone D
CUST02620,Sunrise Healthcare,Pharmacy,Not Available,Other,Maharashtra,India,389508.0,South,Zone C
CUST02957,Wellness Hospital,Pharmacy,Not Available,Surat,Gujarat,India,656840.0,South,Zone C
CUST02298,Green Pharmacy,Wholesaler,Not Available,Bangalore,Karnataka,India,435760.0,East,Zone D
CUST02380,City Nursing Home,Retail,Not Available,Jodhpur,Rajasthan,India,538280.0,South,Zone C
CUST03859,City Drug House,Pharmacy,Not Available,Other,Rajasthan,India,376671.0,Central,Zone C
CUST00207,Om Healthcare,Wholesaler,Not Available,Bhopal,Madhya Pradesh,India,269462.0,North,Zone C
CUST03504,Metro Nursing Home,Pharmacy,Not Available,Kolkata,West Bengal,India,129964.0,South,Zone A
CUST01893,National Clinic,Hospital,National Clinic,Other,Rajasthan,India,683289.0,East,Zone D
CUST00909,Rajdhani Medical Store,Pharmacy,Not Available,Nagpur,Maharashtra,India,259286.0,North,Zone D
CUST01349,Metro Healthcare,Hospital,Metro Healthcare,Other,Madhya Pradesh,India,341740.0,East,Zone B
CUST01770,Prime Clinic,Retail,Not Available,Pune,Maharashtra,India,646124.0,West,Zone C
CUST00610,Rajdhani Hospital,Pharmacy,Not Available,Kota,Madhya Pradesh,India,509616.0,North,Zone C
CUST03973,City Drug House,Hospital,City Drug House,Indore,Madhya Pradesh,India,546394.0,South,Zone D
CUST02302,Central Pharmacy,Hospital,Central Pharmacy,Surat,Gujarat,India,462112.0,Central,Zone C
CUST01043,Central Medical Store,Hospital,Central Medical Store,Bhopal,Madhya Pradesh,India,168426.0,South,Zone C
CUST01357,Om Drug House,Clinic,Not Available,Mumbai,Maharashtra,India,583642.0,West,Zone B
CUST01022,Care Pharmacy,Retail,Not Available,Surat,Gujarat,India,315675.0,Central,Zone A
CUST00142,Om Nursing Home,Pharmacy,Not Available,Chennai,Tamil Nadu,India,483708.0,East,Zone C
CUST03192,Metro Medical Store,Wholesaler,Not Available,Jodhpur,Rajasthan,India,636054.0,Central,Zone D
CUST02195,Metro Drug House,Hospital,Metro Drug House,Hyderabad,Telangana,India,631199.0,West,Zone C
CUST03751,Green Nursing Home,Pharmacy,Not Available,Jodhpur,,India,552690.0,North,Zone C
CUST01480,Om Healthcare,Hospital,Om Healthcare,Chennai,Tamil Nadu,India,722174.0,West,Zone A
CUST03311,Life Pharmacy,Pharmacy,Not Available,Ajmer,Rajasthan,India,583827.0,North,Zone B
CUST02473,National Drug House,Hospital,National Drug House,Other,Gujarat,India,132189.0,West,Zone C
CUST00568,Shree Medical Store,Hospital,Shree Medical Store,Nagpur,Maharashtra,India,134822.0,South,Zone A
CUST00474,Life Nursing Home,Pharmacy,Not Available,Kota,Rajasthan,India,449807.0,West,Zone D
CUST01246,Rajdhani Clinic,Pharmacy,Not Available,Ahmedabad,Gujarat,India,559181.0,South,Zone A
CUST02638,Shanti Healthcare,Hospital,Shanti Healthcare,Indore,Madhya Pradesh,India,553278.0,North,Zone B
CUST00976,National Clinic,Pharmacy,Not Available,Bhopal,Madhya Pradesh,India,,North,Zone A
CUST00236,Sunrise Clinic,Wholesaler,Not Available,Ajmer,Rajasthan,India,415527.0,South,Zone A
CUST01317,Care Medical Store,Pharmacy,Not Available,Other,Maharashtra,India,207586.0,East,Zone D
CUST03162,Wellness Healthcare,Pharmacy,Not Available,Other,Rajasthan,India,329521.0,West,Zone B
CUST00047,Life Drug House,Clinic,Not Available,Ahmedabad,Gujarat,India,771693.0,West,Zone B
CUST00154,Prime Clinic,Wholesaler,Not Available,Jodhpur,Rajasthan,India,631058.0,North,Zone B
CUST00834,Shanti Medical Store,Pharmacy,Not Available,Pune,Maharashtra,India,379870.0,West,Zone A
CUST03971,Metro Pharmacy,Hospital,Metro Pharmacy,Indore,Madhya Pradesh,India,600016.0,Central,Zone B
CUST01126,Life Healthcare,Pharmacy,Not Available,Kota,Rajasthan,India,718694.0,East,Zone B
CUST02610,Central Healthcare,Wholesaler,Not Available,Surat,Gujarat,India,411721.0,Central,Zone A
CUST00032,Prime Drug House,Hospital,Prime Drug House,Udaipur,Rajasthan,India,758497.0,West,Zone A
CUST02557,Central Hospital,Hospital,Central Hospital,Bangalore,Karnataka,India,740503.0,North,Zone A
CUST02739,Apex Pharmacy,Clinic,Not Available,Jaipur,,India,144866.0,West,Zone B
CUST03517,Unknown,Wholesaler,Not Available,Udaipur,Rajasthan,India,406864.0,East,Zone C
CUST03081,Global Nursing Home,Pharmacy,Not Available,Delhi,Delhi,India,232668.0,Central,Zone A
CUST01033,Om Healthcare,Retail,Not Available,Jaipur,Rajasthan,India,643741.0,South,Zone B
CUST02281,Om Hospital,Pharmacy,Not Available,Indore,Madhya Pradesh,India,719160.0,East,Zone B
CUST01703,Apex Healthcare,Hospital,Not Available,Ahmedabad,Gujarat,India,,West,Zone D
CUST00040,Care Nursing Home,Pharmacy,Not Available,Indore,Madhya Pradesh,India,725769.0,North,Zone D
CUST00073,Care Drug House,Wholesaler,Not Available,Jaipur,Rajasthan,India,370409.0,North,Zone A
CUST01094,Shree Pharmacy,Hospital,Shree Pharmacy,Lucknow,Uttar Pradesh,India,217166.0,East,Zone A
CUST02077,Prime Hospital,Hospital,Prime Hospital,Mumbai,Maharashtra,India,235616.0,West,Zone D
CUST00425,Wellness Hospital,Clinic,Not Available,Nagpur,Maharashtra,India,323536.0,Central,Zone D
CUST01874,Global Hospital,Hospital,Global Hospital,Bhopal,Madhya Pradesh,India,,Central,Zone B
CUST02401,City Nursing Home,Retail,Not Available,Other,Gujarat,India,448350.0,North,Zone A
CUST03088,City Medical Store,Wholesaler,Not Available,Lucknow,Uttar Pradesh,India,560642.0,North,Zone A
CUST01797,Wellness Clinic,Clinic,Not Available,Other,Rajasthan,India,730778.0,Central,Zone A
CUST02656,Apex Nursing Home,Pharmacy,Not Available,Surat,Gujarat,India,706985.0,North,Zone A
CUST01192,Green Clinic,Pharmacy,Not Available,Hyderabad,Telangana,India,470087.0,South,Zone C
CUST03480,Rajdhani Pharmacy,Clinic,Not Available,Ajmer,Rajasthan,India,335733.0,East,Zone B
CUST00475,Sunrise Drug House,Hospital,Sunrise Drug House,Nagpur,Maharashtra,India,447416.0,South,Zone D
CUST03023,Care Nursing Home,Clinic,Not Available,Nagpur,Maharashtra,India,714029.0,South,Zone C
CUST02485,Global Clinic,Pharmacy,Not Available,Kolkata,West Bengal,India,,East,Zone C
CUST02737,Prime Nursing Home,Wholesaler,Not Available,Jodhpur,Rajasthan,India,288724.0,East,Zone B
CUST01133,Wellness Nursing Home,Retail,Not Available,Bhopal,Madhya Pradesh,India,614467.0,North,Zone C
CUST01335,National Nursing Home,Pharmacy,Not Available,Delhi,Delhi,India,547959.0,South,Zone B
CUST00984,Apex Clinic,Pharmacy,Not Available,Chennai,Tamil Nadu,India,797271.0,South,Zone A
CUST04000,Life Pharmacy,Clinic,Not Available,Ajmer,Rajasthan,India,301117.0,Central,Zone C
CUST98965,City Hospital,Pharmacy,Not Available,Jaipur,Rajasthan,India,724940.0,South,Zone C
CUST95696,Apex Medical Store,Retail,Not Available,Jodhpur,Rajasthan,India,490564.0,East,Zone C
CUST02766,Wellness Medical Store,Hospital,Wellness Medical Store,Nagpur,Maharashtra,India,299888.0,West,Zone A
CUST03077,Prime Pharmacy,Hospital,Prime Pharmacy,Surat,Gujarat,India,381943.0,East,Zone D
CUST00908,Global Hospital,Wholesaler,Not Available,Chennai,Tamil Nadu,India,344111.0,West,Zone D
CUST02184,City Nursing Home,Pharmacy,Not Available,Chennai,,India,312727.0,West,Zone B
CUST03654,Wellness Pharmacy,Clinic,Not Available,Jaipur,Rajasthan,India,421835.0,North,Zone C
CUST03291,Care Medical Store,Hospital,Care Medical Store,Mumbai,Maharashtra,India,,South,Zone C
CUST02306,Green Nursing Home,Clinic,Not Available,Surat,Gujarat,India,609803.0,South,Zone D
CUST02832,Global Nursing Home,Hospital,Global Nursing Home,Kota,Rajasthan,India,630891.0,North,Zone A
CUST03875,Care Healthcare,Wholesaler,Not Available,Chennai,Maharashtra,India,789816.0,West,Zone B
CUST00263,Apex Medical Store,Pharmacy,Not Available,Other,,India,684056.0,West,Zone A
CUST03267,Green Nursing Home,Hospital,Green Nursing Home,Jaipur,Rajasthan,India,,South,Zone A
CUST02892,Global Healthcare,Hospital,Global Healthcare,Udaipur,Rajasthan,India,136366.0,East,Zone A
CUST99448,Shree Pharmacy,Pharmacy,Not Available,Chennai,Tamil Nadu,India,522786.0,Central,Zone C
CUST03448,Life Nursing Home,Hospital,Life Nursing Home,Kota,Rajasthan,India,780704.0,North,Zone B
CUST03355,Rajdhani Drug House,Wholesaler,Not Available,Nagpur,Maharashtra,India,,East,Zone C
CUST03775,Om Drug House,Pharmacy,Not Available,Other,Maharashtra,India,502576.0,North,Zone A
CUST01070,Global Medical Store,Wholesaler,Not Available,Bangalore,Karnataka,India,351854.0,West,Zone D
CUST00783,Care Pharmacy,Clinic,Not Available,Other,Maharashtra,India,527562.0,West,Zone D
CUST03277,Apex Clinic,Pharmacy,Not Available,Jaipur,Rajasthan,India,421229.0,Central,Zone A
CUST00894,Metro Pharmacy,Hospital,Metro Pharmacy,Surat,Gujarat,India,206263.0,Central,Zone A
CUST00051,Care Hospital,Pharmacy,Not Available,Lucknow,Uttar Pradesh,India,661832.0,West,Zone D
CUST00233,Sunrise Healthcare,Hospital,Sunrise Healthcare,Kota,Rajasthan,India,221361.0,East,Zone C
CUST00554,Metro Medical Store,Pharmacy,Not Available,Bhopal,Madhya Pradesh,,760094.0,Central,Zone C
CUST03024,Shanti Drug House,Pharmacy,Not Available,Pune,Maharashtra,India,621508.0,South,Zone C
CUST03900,Sunrise Clinic,Retail,Not Available,Ahmedabad,Gujarat,India,553612.0,West,Zone D
CUST01499,Sunrise Drug House,Wholesaler,Not Available,Jodhpur,Rajasthan,India,627724.0,West,Zone C
CUST01662,Green Hospital,Pharmacy,Not Available,Surat,Gujarat,India,663201.0,South,Zone B
CUST02058,City Pharmacy,Retail,Not Available,Udaipur,Rajasthan,India,452584.0,Central,Zone B
CUST01202,Sunrise Clinic,Pharmacy,Not Available,Other,Rajasthan,India,619265.0,North,Zone D
CUST03133,Green Pharmacy,Retail,Not Available,Bhopal,Madhya Pradesh,India,622363.0,East,Zone A
CUST01620,Rajdhani Pharmacy,Pharmacy,Not Available,Hyderabad,Telangana,India,663084.0,South,Zone C
CUST01451,Unknown,Hospital,Life Clinic,Udaipur,Rajasthan,India,340023.0,North,Zone B
CUST00379,Shanti Drug House,Wholesaler,Not Available,Nagpur,Maharashtra,India,124032.0,North,Zone C
CUST03562,City Hospital,Clinic,Not Available,Indore,Madhya Pradesh,India,308185.0,North,Zone A
CUST02918,Om Hospital,Wholesaler,Not Available,Indore,,India,481432.0,East,Zone A
CUST02440,Wellness Nursing Home,Hospital,Wellness Nursing Home,Kota,Rajasthan,India,157436.0,West,Zone A
CUST00839,Green Hospital,Pharmacy,Not Available,Indore,Madhya Pradesh,India,373096.0,North,Zone D
CUST02859,Green Medical Store,Pharmacy,Not Available,Udaipur,Rajasthan,India,124414.0,North,Zone A
CUST01626,Global Drug House,Wholesaler,Not Available,Hyderabad,Telangana,India,706095.0,South,Zone D
CUST02008,Shanti Hospital,Pharmacy,Not Available,Pune,Maharashtra,India,615847.0,Central,Zone D
CUST03234,Sunrise Medical Store,Clinic,Not Available,Nagpur,Maharashtra,India,721860.0,North,Zone C
CUST02652,Prime Pharmacy,Wholesaler,Not Available,Ahmedabad,Gujarat,India,144706.0,West,Zone B
CUST00567,City Drug House,Pharmacy,Not Available,Other,Gujarat,India,133204.0,East,Zone B
CUST00777,National Hospital,Retail,Not Available,Bhopal,Madhya Pradesh,India,231599.0,South,Zone B
CUST00797,Shree Clinic,Retail,Not Available,Other,Delhi,India,589514.0,East,Zone D
CUST02395,Om Clinic,Pharmacy,Not Available,Mumbai,Maharashtra,India,142140.0,West,Zone B
CUST02888,Sunrise Clinic,Wholesaler,Not Available,Ahmedabad,Gujarat,India,635765.0,East,Zone C
CUST03178,Apex Clinic,Retail,Not Available,Chennai,Tamil Nadu,India,,North,Zone A
CUST02271,National Clinic,Pharmacy,Not Available,Udaipur,Rajasthan,India,127048.0,North,Zone B
CUST03384,Apex Healthcare,Hospital,Not Available,Other,Delhi,India,659943.0,East,Zone B
CUST03451,City Drug House,Pharmacy,Not Available,Lucknow,Uttar Pradesh,India,745689.0,East,Zone B
CUST02151,Green Pharmacy,Hospital,Green Pharmacy,Surat,Gujarat,India,178196.0,East,Zone A
CUST97929,Global Clinic,Wholesaler,Not Available,Udaipur,Rajasthan,India,223158.0,North,Zone A
CUST02170,Green Clinic,Pharmacy,Not Available,Ahmedabad,Gujarat,India,390738.0,West,Zone C
CUST00159,Life Medical Store,Hospital,Not Available,Hyderabad,Telangana,India,768106.0,West,Zone C
CUST03130,Unknown,Pharmacy,Not Available,Pune,Maharashtra,India,377462.0,North,Zone A
CUST00855,Central Medical Store,Pharmacy,Not Available,Nagpur,Maharashtra,India,180344.0,South,Zone B
CUST00491,Metro Pharmacy,Retail,Not Available,Bangalore,Karnataka,India,127318.0,North,Zone B
CUST01956,Shanti Clinic,Clinic,Not Available,Jodhpur,Rajasthan,India,666825.0,East,Zone D
CUST03299,National Medical Store,Pharmacy,Not Available,Other,Rajasthan,India,618211.0,East,Zone B
CUST00886,Global Clinic,Pharmacy,Not Available,Mumbai,Maharashtra,India,295967.0,East,Zone C
CUST02069,Wellness Medical Store,Clinic,Not Available,Bhopal,Madhya Pradesh,India,323433.0,South,Zone B
CUST01831,Om Pharmacy,Wholesaler,Not Available,Ahmedabad,,India,226293.0,Central,Zone B
CUST03626,National Drug House,Pharmacy,Not Available,Delhi,Delhi,India,323535.0,North,Zone B
CUST03358,Wellness Drug House,Clinic,Not Available,Kota,,India,159001.0,West,Zone C
CUST01759,Global Drug House,Hospital,Global Drug House,Surat,Gujarat,India,753316.0,Central,Zone D
CUST03635,Unknown,Clinic,Not Available,Ahmedabad,Gujarat,India,217728.0,West,Zone C
CUST02827,Rajdhani Nursing Home,Hospital,Rajdhani Nursing Home,Ajmer,Rajasthan,India,,South,Zone D
CUST00594,Shanti Nursing Home,Wholesaler,Not Available,Indore,Madhya Pradesh,India,449250.0,West,Zone B
CUST02018,Om Healthcare,Pharmacy,Not Available,Udaipur,Rajasthan,India,629449.0,South,Zone D
CUST02106,Apex Clinic,Pharmacy,Not Available,Surat,Gujarat,India,554382.0,South,Zone C
CUST03979,Prime Pharmacy,Pharmacy,Not Available,Lucknow,Uttar Pradesh,India,761857.0,Central,Zone A
CUST03005,Wellness Hospital,Retail,Not Available,Jodhpur,Rajasthan,India,518343.0,Central,Zone D
CUST03046,Care Pharmacy,Clinic,Not Available,Lucknow,Uttar Pradesh,India,111950.0,North,Zone B
CUST02877,Apex Nursing Home,Clinic,Not Available,Other,Delhi,India,280901.0,North,Zone D
CUST00963,Prime Drug House,Clinic,Not Available,Kolkata,West Bengal,India,450427.0,West,Zone D
CUST02388,Shree Nursing Home,Clinic,Not Available,Jaipur,Rajasthan,India,659258.0,South,Zone B
CUST00393,Prime Medical Store,Pharmacy,Not Available,Kolkata,West Bengal,India,385292.0,North,Zone B
CUST01455,Life Pharmacy,Pharmacy,Not Available,Ajmer,Rajasthan,India,785695.0,West,Zone B
CUST03368,National Clinic,Clinic,Not Available,Hyderabad,,India,494807.0,North,Zone A
CUST03498,Apex Healthcare,Wholesaler,Not Available,Kota,Rajasthan,India,558593.0,East,Zone B
CUST01469,Apex Drug House,Hospital,Not Available,Chennai,Tamil Nadu,India,368799.0,East,Zone D
CUST03705,Shanti Clinic,Clinic,Not Available,Kota,Rajasthan,India,,West,Zone C
CUST02273,Om Hospital,Retail,Not Available,Indore,Madhya Pradesh,India,366795.0,West,Zone C
CUST01492,Prime Clinic,Pharmacy,Not Available,Chennai,Tamil Nadu,India,380342.0,South,Zone A
CUST00591,Sunrise Nursing Home,Hospital,Sunrise Nursing Home,Ahmedabad,Gujarat,India,117200.0,North,Zone A
CUST02570,Central Clinic,Hospital,Not Available,Other,Madhya Pradesh,India,745795.0,West,Zone C
CUST00164,Wellness Clinic,Retail,Not Available,Bangalore,Karnataka,India,284502.0,East,Zone C
CUST01614,Global Medical Store,Wholesaler,Not Available,Kota,West Bengal,India,729706.0,East,Zone C
CUST02234,Metro Hospital,Pharmacy,Not Available,Other,Karnataka,India,386056.0,East,Zone A
CUST01414,Rajdhani Medical Store,Clinic,Not Available,Nagpur,Maharashtra,India,340451.0,North,Zone D
CUST00803,Unknown,Pharmacy,Not Available,Nagpur,Maharashtra,India,406580.0,East,Zone C
CUST01908,Life Clinic,Pharmacy,Not Available,Indore,Madhya Pradesh,India,474169.0,East,Zone C
CUST00891,Om Hospital,Wholesaler,Not Available,Hyderabad,Rajasthan,India,722130.0,Central,Zone B
CUST03842,Shree Hospital,Pharmacy,Not Available,Other,Maharashtra,India,637319.0,East,Zone D
CUST01511,Life Nursing Home,Wholesaler,Not Available,Bangalore,Karnataka,India,412924.0,South,Zone D
CUST00780,Shanti Medical Store,Pharmacy,Not Available,Ahmedabad,Gujarat,India,212939.0,North,Zone B
CUST02264,Shree Hospital,Wholesaler,Not Available,Ahmedabad,,India,791531.0,South,Zone C
CUST03378,Metro Healthcare,Retail,Not Available,Jodhpur,Rajasthan,India,119355.0,South,Zone B
CUST02183,Prime Hospital,Pharmacy,Not Available,Nagpur,Maharashtra,India,410950.0,North,Zone C
CUST02738,Care Nursing Home,Pharmacy,Not Available,Bhopal,Madhya Pradesh,India,129109.0,East,Zone B
CUST01767,Rajdhani Drug House,Hospital,Rajdhani Drug House,Other,Karnataka,India,245929.0,Central,Zone C
CUST03821,Wellness Medical Store,Hospital,Wellness Medical Store,Mumbai,Maharashtra,India,414616.0,North,Zone C
CUST01204,Rajdhani Nursing Home,Clinic,Not Available,Chennai,Tamil Nadu,India,400309.0,West,Zone C
CUST03016,Metro Medical Store,Pharmacy,Not Available,Ahmedabad,Gujarat,India,672988.0,North,Zone A
CUST00412,Wellness Nursing Home,Wholesaler,Not Available,Jodhpur,Rajasthan,India,748275.0,South,Zone A
CUST03631,Central Healthcare,Wholesaler,Not Available,Ajmer,Rajasthan,India,280959.0,East,Zone D
CUST03148,Om Clinic,Retail,Not Available,Surat,Gujarat,India,448933.0,East,Zone C
CUST00833,Shanti Hospital,Clinic,Not Available,Ajmer,Rajasthan,India,513750.0,Central,Zone B
CUST00722,Green Healthcare,Hospital,Green Healthcare,Pune,Maharashtra,India,402062.0,West,Zone A
CUST02687,Green Healthcare,Clinic,Not Available,Pune,Maharashtra,India,543704.0,West,Zone B
CUST02709,Shanti Medical Store,Clinic,Not Available,Ahmedabad,Gujarat,India,669044.0,South,Zone B
CUST00461,Life Healthcare,Pharmacy,Not Available,Ahmedabad,Gujarat,India,442646.0,East,Zone D
CUST03036,Wellness Medical Store,Retail,Not Available,Udaipur,Rajasthan,India,747838.0,Central,Zone C
CUST00544,Global Drug House,Retail,Not Available,Ajmer,Rajasthan,India,484893.0,East,Zone B
CUST02703,Sunrise Nursing Home,Clinic,Not Available,Surat,Gujarat,India,584721.0,North,Zone A
CUST02947,Prime Pharmacy,Hospital,Not Available,Udaipur,Rajasthan,India,304605.0,Central,Zone D
CUST02095,Care Nursing Home,Clinic,Not Available,Ajmer,Rajasthan,India,781306.0,South,Zone D
CUST02028,City Pharmacy,Retail,Not Available,Lucknow,Uttar Pradesh,India,171524.0,North,Zone B
CUST01985,Apex Hospital,Hospital,Apex Hospital,Hyderabad,Telangana,India,575419.0,South,Zone B
CUST00153,Apex Nursing Home,Pharmacy,Not Available,Lucknow,Uttar Pradesh,India,710995.0,South,Zone A
CUST02561,Central Nursing Home,Hospital,Central Nursing Home,Jaipur,Rajasthan,India,793007.0,South,Zone B
CUST00380,Care Medical Store,Hospital,Care Medical Store,Surat,Gujarat,India,772499.0,South,Zone C
CUST01576,Shanti Healthcare,Pharmacy,Not Available,Bhopal,Madhya Pradesh,India,183433.0,North,Zone B
CUST01143,Apex Medical Store,Pharmacy,Not Available,Chennai,Tamil Nadu,India,634447.0,Central,Zone D
CUST03500,Rajdhani Nursing Home,Clinic,Not Available,Surat,Gujarat,India,465075.0,Central,Zone B
CUST02347,National Healthcare,Clinic,Not Available,Delhi,Delhi,India,327579.0,East,Zone D
CUST00191,Green Nursing Home,Pharmacy,Not Available,Ahmedabad,Gujarat,India,738967.0,West,Zone C
CUST02242,Prime Healthcare,Hospital,Prime Healthcare,Chennai,Tamil Nadu,India,121801.0,North,Zone D
CUST02393,Apex Healthcare,Wholesaler,Not Available,Jodhpur,Rajasthan,India,727651.0,West,Zone B
CUST00517,Global Drug House,Hospital,Global Drug House,Hyderabad,Telangana,India,631570.0,Central,Zone C
CUST03807,Global Healthcare,Pharmacy,Not Available,Ahmedabad,Gujarat,India,731019.0,East,Zone C
CUST01342,Metro Drug House,Retail,Not Available,Jaipur,Rajasthan,India,643504.0,North,Zone A
CUST01098,Wellness Healthcare,Pharmacy,Not Available,Other,Karnataka,India,440675.0,Central,Zone C
CUST03062,National Medical Store,Hospital,National Medical Store,Other,Telangana,India,467737.0,South,Zone A
CUST02764,Prime Drug House,Pharmacy,Not Available,Pune,Maharashtra,India,672570.0,North,Zone D
CUST01516,National Medical Store,Pharmacy,Not Available,Nagpur,Maharashtra,India,608874.0,Central,Zone D
CUST01934,Om Pharmacy,Pharmacy,Not Available,Delhi,Delhi,India,135465.0,Central,Zone B
CUST02755,Life Drug House,Pharmacy,Not Available,Surat,Gujarat,India,420874.0,Central,Zone D
CUST02265,Sunrise Drug House,Hospital,Sunrise Drug House,Chennai,Tamil Nadu,India,,East,Zone A
CUST03380,Shanti Hospital,Clinic,Not Available,Pune,Maharashtra,India,365817.0,North,Zone D
CUST03510,Metro Clinic,Retail,Not Available,Surat,Gujarat,India,319133.0,North,Zone B
CUST03611,Om Pharmacy,Pharmacy,Not Available,Other,,India,568469.0,North,Zone C
CUST98034,Sunrise Nursing Home,Pharmacy,Not Available,Bangalore,Karnataka,India,,East,Zone D
CUST02920,National Healthcare,Pharmacy,Not Available,Jodhpur,Rajasthan,India,,North,Zone A
CUST03082,Shanti Pharmacy,Hospital,Shanti Pharmacy,Other,Gujarat,India,629334.0,West,Zone A
CUST03189,Sunrise Nursing Home,Pharmacy,Not Available,Pune,Maharashtra,India,684235.0,Central,Zone A
CUST02227,Unknown,Pharmacy,Not Available,Kolkata,,India,743945.0,North,Zone B
CUST02410,City Clinic,Pharmacy,Not Available,Kolkata,West Bengal,India,119741.0,East,Zone D
CUST00779,Central Drug House,Pharmacy,Not Available,Kolkata,West Bengal,India,301272.0,West,Zone C
CUST03544,Life Drug House,Hospital,Life Drug House,Ahmedabad,Gujarat,India,180860.0,North,Zone C
CUST02490,National Clinic,Pharmacy,Not Available,Lucknow,Uttar Pradesh,India,186022.0,Central,Zone C
CUST03593,Sunrise Nursing Home,Wholesaler,Not Available,Jodhpur,Rajasthan,India,,West,Zone B
CUST03965,Metro Clinic,Clinic,Not Available,Udaipur,Rajasthan,India,251424.0,Central,Zone C
CUST02815,Rajdhani Hospital,Hospital,Rajdhani Hospital,Pune,Maharashtra,India,299027.0,East,Zone C
CUST02841,Prime Hospital,Pharmacy,Not Available,Bangalore,Karnataka,India,755517.0,West,Zone A
CUST03592,Shree Hospital,Pharmacy,Not Available,Delhi,Delhi,India,231740.0,North,Zone D
CUST00368,Global Clinic,Hospital,Global Clinic,Kolkata,West Bengal,India,671714.0,West,Zone A
CUST01760,Central Nursing Home,Hospital,Central Nursing Home,Jodhpur,,India,796632.0,Central,Zone C
CUST01238,Apex Healthcare,Wholesaler,Not Available,Bhopal,Madhya Pradesh,India,274594.0,South,Zone D
CUST03533,Metro Pharmacy,Pharmacy,Not Available,Other,West Bengal,India,667556.0,North,Zone A
CUST02831,Sunrise Medical Store,Wholesaler,Not Available,Other,West Bengal,India,124533.0,South,Zone B
CUST03914,Green Clinic,Hospital,Green Clinic,Other,Rajasthan,India,296369.0,North,Zone D
CUST00149,Global Healthcare,Pharmacy,Not Available,Delhi,Delhi,India,787662.0,South,Zone D
CUST00506,Unknown,Hospital,Care Clinic,Mumbai,Maharashtra,India,457993.0,North,Zone D
CUST02269,Shanti Nursing Home,Pharmacy,Not Available,Udaipur,Rajasthan,India,725659.0,East,Zone B
CUST01371,Unknown,Pharmacy,Not Available,Bhopal,Madhya Pradesh,India,152308.0,North,Zone A
CUST02607,Apex Medical Store,Pharmacy,Not Available,Jodhpur,Rajasthan,India,450512.0,South,Zone C
CUST02753,Metro Nursing Home,Pharmacy,Not Available,Kota,Rajasthan,India,311954.0,East,Zone D
CUST01518,Prime Drug House,Retail,Not Available,Other,Rajasthan,India,554996.0,South,Zone B
CUST01001,Apex Hospital,Pharmacy,Not Available,Nagpur,Maharashtra,India,419307.0,Central,Zone B
CUST03242,Wellness Drug House,Pharmacy,Not Available,Hyderabad,Telangana,India,449316.0,East,Zone B
CUST02300,Wellness Drug House,Pharmacy,Not Available,Nagpur,Maharashtra,India,339212.0,East,Zone C
CUST02176,Central Drug House,Pharmacy,Not Available,Lucknow,Uttar Pradesh,India,601923.0,North,Zone C
CUST98664,Wellness Drug House,Pharmacy,Not Available,Chennai,Tamil Nadu,India,179260.0,West,Zone C
CUST01293,Shree Hospital,Clinic,Not Available,Ajmer,Rajasthan,India,378950.0,South,Zone D
CUST00746,Central Medical Store,Pharmacy,Not Available,Ajmer,Rajasthan,India,294508.0,West,Zone B
CUST01800,National Drug House,Pharmacy,Not Available,Hyderabad,,India,579289.0,North,Zone D
CUST01063,City Hospital,Pharmacy,Not Available,Hyderabad,Telangana,India,793995.0,North,Zone A
CUST03541,Global Healthcare,Clinic,Not Available,Bangalore,Karnataka,India,255100.0,East,Zone D
CUST02025,National Hospital,Pharmacy,Not Available,Udaipur,Rajasthan,India,440453.0,North,Zone B
CUST00185,Care Healthcare,Clinic,Not Available,Pune,Maharashtra,India,653124.0,South,Zone C
CUST00373,Shree Pharmacy,Pharmacy,Not Available,Jaipur,Rajasthan,India,384602.0,East,Zone B
CUST00830,Green Nursing Home,Pharmacy,Not Available,Delhi,Delhi,India,414412.0,South,Zone C
CUST02532,Apex Pharmacy,Pharmacy,Not Available,Pune,Maharashtra,India,222782.0,South,Zone A
CUST03450,City Nursing Home,Hospital,City Nursing Home,Jodhpur,Rajasthan,India,227947.0,Central,Zone C
CUST01854,Prime Pharmacy,Retail,Not Available,Indore,Madhya Pradesh,India,729623.0,Central,Zone A
CUST00267,Unknown,Pharmacy,Not Available,Mumbai,Maharashtra,India,639011.0,North,Zone D
CUST00953,Shree Medical Store,Hospital,Shree Medical Store,Lucknow,Uttar Pradesh,India,116405.0,West,Zone D
CUST02417,Green Hospital,Clinic,Not Available,Delhi,Delhi,India,674613.0,East,Zone B
CUST00430,Shree Medical Store,Wholesaler,Not Available,Ajmer,Rajasthan,India,205404.0,East,Zone A
CUST00160,Central Nursing Home,Wholesaler,Not Available,Udaipur,Rajasthan,India,648871.0,North,Zone D
CUST02010,Wellness Medical Store,Clinic,Not Available,Bhopal,Madhya Pradesh,India,551638.0,South,Zone A
CUST03964,National Healthcare,Hospital,National Healthcare,Delhi,Delhi,India,658105.0,West,Zone B
CUST00727,Om Clinic,Pharmacy,Not Available,Udaipur,Rajasthan,India,124991.0,South,Zone B
CUST00352,Rajdhani Clinic,Pharmacy,Not Available,Other,Maharashtra,India,756379.0,North,Zone A
CUST01900,Life Drug House,Hospital,Life Drug House,Nagpur,Maharashtra,India,210047.0,North,Zone C
CUST00512,Apex Medical Store,Hospital,Apex Medical Store,Pune,Maharashtra,India,350633.0,North,Zone A
CUST02825,Sunrise Healthcare,Clinic,Not Available,Kota,Rajasthan,India,488836.0,Central,Zone D
CUST03693,Shree Hospital,Retail,Not Available,Nagpur,Maharashtra,India,566340.0,North,Zone C
CUST01550,Green Healthcare,Wholesaler,Not Available,Nagpur,Maharashtra,India,175204.0,Central,Zone D
CUST01966,Om Drug House,Pharmacy,Not Available,Delhi,Delhi,India,322131.0,West,Zone C
CUST00124,Life Drug House,Pharmacy,Not Available,Ajmer,Rajasthan,India,690355.0,West,Zone D
CUST03614,Rajdhani Medical Store,Pharmacy,Not Available,Kota,Rajasthan,India,368315.0,South,Zone B
CUST02177,Care Drug House,Clinic,Not Available,Kota,Rajasthan,India,150479.0,West,Zone D
CUST00682,Life Clinic,Pharmacy,Not Available,Pune,Maharashtra,India,781903.0,Central,Zone C
CUST01010,Shanti Pharmacy,Wholesaler,Not Available,Kolkata,West Bengal,India,340141.0,West,Zone B
CUST03576,Om Hospital,Clinic,Not Available,Mumbai,Maharashtra,India,240656.0,North,Zone A
CUST01746,Metro Pharmacy,Pharmacy,Not Available,Kota,Rajasthan,India,154476.0,East,Zone C
CUST03657,Unknown,Pharmacy,Not Available,Lucknow,Uttar Pradesh,India,578733.0,South,Zone A
CUST00062,Unknown,Pharmacy,Not Available,Jaipur,Rajasthan,India,152028.0,East,Zone B
CUST03031,Apex Pharmacy,Hospital,Apex Pharmacy,Kota,Rajasthan,India,133814.0,East,Zone B
CUST01285,Rajdhani Drug House,Wholesaler,Not Available,Pune,Maharashtra,India,400445.0,Central,Zone B
CUST03157,Metro Nursing Home,Pharmacy,Not Available,Ahmedabad,Gujarat,India,426178.0,East,Zone D
CUST00426,Prime Hospital,Pharmacy,Not Available,Mumbai,Maharashtra,India,633408.0,North,Zone D
CUST02822,Shree Pharmacy,Hospital,Shree Pharmacy,Bhopal,Madhya Pradesh,India,,West,Zone C
CUST01574,Sunrise Healthcare,Clinic,Not Available,Surat,Gujarat,India,,North,Zone D
CUST00528,Global Nursing Home,Clinic,Not Available,Nagpur,Maharashtra,India,673714.0,West,Zone B
CUST03867,Wellness Nursing Home,Clinic,Not Available,Pune,Maharashtra,India,474001.0,Central,Zone B
CUST00893,Wellness Hospital,Pharmacy,Not Available,Other,Rajasthan,India,387807.0,South,Zone B
CUST00744,Prime Clinic,Pharmacy,Not Available,Surat,Gujarat,India,434486.0,East,Zone A
CUST02050,Prime Nursing Home,Hospital,Prime Nursing Home,Surat,,India,497764.0,North,Zone D
CUST02434,Shanti Pharmacy,Clinic,Not Available,Chennai,Tamil Nadu,India,427492.0,East,Zone C
CUST01793,Life Clinic,Pharmacy,Not Available,Jodhpur,Rajasthan,India,766759.0,East,Zone C
CUST02864,National Healthcare,Retail,Not Available,Kota,Rajasthan,India,130862.0,West,Zone D
CUST03038,National Hospital,Clinic,Not Available,Mumbai,Maharashtra,India,386539.0,West,Zone A
CUST00720,Shanti Hospital,Pharmacy,Not Available,Other,Maharashtra,India,258863.0,South,Zone C
CUST03757,Central Healthcare,Pharmacy,Not Available,Kolkata,West Bengal,India,296783.0,East,Zone B
CUST01651,Unknown,Pharmacy,Not Available,Ajmer,Rajasthan,India,202916.0,South,Zone C
CUST01495,Green Medical Store,Clinic,Not Available,Pune,Maharashtra,India,431255.0,East,Zone D
CUST01137,Care Medical Store,Hospital,Care Medical Store,Chennai,Tamil Nadu,India,,North,Zone B
CUST00683,Wellness Clinic,Clinic,Not Available,Kolkata,West Bengal,India,553844.0,North,Zone D
CUST02464,Global Nursing Home,Hospital,Global Nursing Home,Bangalore,Karnataka,India,398323.0,West,Zone A
CUST03925,Rajdhani Medical Store,Clinic,Not Available,Bhopal,Madhya Pradesh,India,401491.0,South,Zone A
CUST00467,National Clinic,Hospital,National Clinic,Ajmer,Rajasthan,India,604440.0,South,Zone A
CUST02935,Metro Medical Store,Clinic,Not Available,Ahmedabad,Gujarat,India,615474.0,East,Zone A
CUST00481,Apex Medical Store,Pharmacy,Not Available,Kota,,India,521691.0,North,Zone D
CUST00845,Rajdhani Pharmacy,Hospital,Rajdhani Pharmacy,Jodhpur,Rajasthan,India,686803.0,East,Zone B
CUST03246,Metro Clinic,Pharmacy,Not Available,Udaipur,Rajasthan,India,345273.0,North,Zone D
CUST01937,Central Clinic,Clinic,Not Available,Pune,Maharashtra,India,564148.0,North,Zone B
CUST02098,Apex Pharmacy,Pharmacy,Not Available,Jaipur,Rajasthan,India,513972.0,North,Zone C
CUST00562,Prime Clinic,Retail,Not Available,Bhopal,Madhya Pradesh,India,417374.0,North,Zone D
CUST02447,Om Medical Store,Pharmacy,Not Available,Other,Karnataka,India,631558.0,West,Zone D
CUST01707,Apex Medical Store,Pharmacy,Not Available,Udaipur,Rajasthan,India,769845.0,Central,Zone D
CUST03058,Central Drug House,Hospital,Central Drug House,Lucknow,Uttar Pradesh,India,525064.0,East,Zone A
CUST02159,Sunrise Nursing Home,Pharmacy,Not Available,Udaipur,Rajasthan,India,609188.0,North,Zone C
CUST00906,Shanti Hospital,Clinic,Not Available,Nagpur,Maharashtra,India,682866.0,Central,Zone A
CUST00078,Care Healthcare,Pharmacy,Not Available,Lucknow,Uttar Pradesh,India,482064.0,Central,Zone C
CUST02640,Care Pharmacy,Hospital,Care Pharmacy,Bangalore,Karnataka,India,659989.0,West,Zone A
CUST00324,City Hospital,Pharmacy,Not Available,Jodhpur,Rajasthan,India,734264.0,West,Zone A
CUST02979,Unknown,Clinic,Not Available,Hyderabad,Telangana,India,220816.0,North,Zone A
CUST02732,Unknown,Pharmacy,Not Available,Ajmer,Rajasthan,India,630609.0,North,Zone A
CUST03660,Shanti Nursing Home,Hospital,Shanti Nursing Home,Bhopal,Madhya Pradesh,India,179810.0,East,Zone A
CUST00745,Metro Hospital,Hospital,Metro Hospital,Kota,Rajasthan,India,189070.0,North,Zone C
CUST00521,Rajdhani Clinic,Pharmacy,Not Available,Pune,Maharashtra,India,691295.0,East,Zone D
CUST01821,Apex Hospital,Pharmacy,Not Available,Bangalore,Karnataka,India,377314.0,Central,Zone C
CUST03876,Shanti Medical Store,Wholesaler,Not Available,Hyderabad,Telangana,India,291427.0,South,Zone D
CUST02216,Om Healthcare,Pharmacy,Not Available,Delhi,Delhi,India,562277.0,West,Zone A
CUST03066,Green Nursing Home,Retail,Not Available,Jaipur,Rajasthan,India,604038.0,South,Zone B
CUST03860,Global Drug House,Pharmacy,Not Available,Indore,Madhya Pradesh,India,300373.0,East,Zone C
CUST03179,Wellness Clinic,Pharmacy,Not Available,Bangalore,Karnataka,India,514985.0,Central,Zone B
CUST02544,City Drug House,Pharmacy,Not Available,Other,Madhya Pradesh,India,348219.0,North,Zone A
CUST02601,Metro Drug House,Pharmacy,Not Available,Kolkata,West Bengal,India,344332.0,South,Zone C
CUST03981,Wellness Healthcare,Wholesaler,Not Available,Other,Gujarat,India,489837.0,West,Zone D
CUST01194,City Medical Store,Pharmacy,Not Available,Indore,Madhya Pradesh,India,761937.0,West,Zone A
CUST00132,Sunrise Hospital,Pharmacy,Not Available,Surat,Gujarat,India,152834.0,East,Zone C
CUST03785,City Clinic,Hospital,City Clinic,Nagpur,Maharashtra,India,486441.0,South,Zone D
CUST03534,Green Hospital,Pharmacy,Not Available,Pune,Maharashtra,India,355802.0,East,Zone B
CUST00105,Prime Healthcare,Clinic,Not Available,Indore,Madhya Pradesh,India,538332.0,South,Zone D
CUST02481,Shanti Pharmacy,Pharmacy,Not Available,Mumbai,Maharashtra,India,695269.0,Central,Zone A
CUST02152,City Healthcare,Clinic,Not Available,Mumbai,Maharashtra,India,649883.0,North,Zone B
CUST02099,Shanti Pharmacy,Retail,Not Available,Indore,Madhya Pradesh,India,586344.0,East,Zone B
CUST01884,Shanti Nursing Home,Clinic,Not Available,Jaipur,Rajasthan,India,665232.0,Central,Zone A
CUST01290,Global Pharmacy,Retail,Not Available,Indore,Madhya Pradesh,India,431561.0,North,Zone B
CUST00929,Unknown,Clinic,Not Available,Udaipur,Rajasthan,India,280252.0,East,Zone C
CUST01259,Prime Pharmacy,Hospital,Prime Pharmacy,Jaipur,Rajasthan,India,633757.0,West,Zone C
CUST01857,Metro Drug House,Pharmacy,Not Available,Indore,Madhya Pradesh,India,646779.0,North,Zone A
CUST01375,National Hospital,Pharmacy,Not Available,Jodhpur,Rajasthan,IND,286049.0,East,Zone C
CUST01543,Apex Nursing Home,Retail,Not Available,Other,Madhya Pradesh,India,578396.0,East,Zone A
CUST02816,Global Pharmacy,Hospital,Global Pharmacy,Pune,Maharashtra,India,718934.0,Central,Zone A
CUST03402,Wellness Drug House,Wholesaler,Not Available,Other,Karnataka,India,705600.0,West,Zone B
CUST02487,Life Hospital,Hospital,Life Hospital,Ahmedabad,Gujarat,India,180616.0,West,Zone D
CUST02022,Unknown,Clinic,Not Available,Bhopal,Madhya Pradesh,India,419095.0,West,Zone A
CUST01805,Prime Medical Store,Hospital,Prime Medical Store,Nagpur,Maharashtra,India,309040.0,South,Zone A
CUST03470,Om Nursing Home,Pharmacy,Not Available,Ahmedabad,Gujarat,India,770565.0,North,Zone D
CUST01597,Care Drug House,Hospital,Not Available,Other,Rajasthan,India,553436.0,Central,Zone C
CUST03917,National Hospital,Hospital,National Hospital,Udaipur,Rajasthan,India,293547.0,Central,Zone A
CUST02154,Shanti Nursing Home,Retail,Not Available,Other,Delhi,India,353337.0,West,Zone C
CUST91995,Sunrise Clinic,Hospital,Sunrise Clinic,Jodhpur,Rajasthan,India,574116.0,North,Zone C
CUST01223,Unknown,Wholesaler,Not Available,Chennai,Tamil Nadu,India,538666.0,Central,Zone C
CUST03622,Shree Clinic,Wholesaler,Not Available,Kolkata,West Bengal,India,762344.0,South,Zone D
CUST02435,Prime Hospital,Clinic,Not Available,Kolkata,West Bengal,India,,South,Zone D
CUST01021,Central Nursing Home,Pharmacy,Not Available,Hyderabad,Telangana,India,150769.0,South,Zone C
CUST02905,Apex Drug House,Clinic,Not Available,Udaipur,Rajasthan,India,,North,Zone D
CUST03721,Metro Pharmacy,Hospital,Metro Pharmacy,Bhopal,Madhya Pradesh,India,713551.0,South,Zone B
CUST00700,Green Healthcare,Wholesaler,Not Available,Kolkata,West Bengal,India,211012.0,North,Zone B
CUST00945,Om Healthcare,Pharmacy,Not Available,Hyderabad,Telangana,India,601290.0,South,Zone D
CUST02805,Apex Pharmacy,Pharmacy,Not Available,Mumbai,Maharashtra,India,339868.0,North,Zone C
CUST02851,Green Nursing Home,Wholesaler,Not Available,Bhopal,Madhya Pradesh,India,414077.0,North,Zone D
CUST90325,City Nursing Home,Retail,Not Available,Lucknow,Uttar Pradesh,India,356432.0,South,Zone D
CUST97363,Central Hospital,Wholesaler,Not Available,Mumbai,Maharashtra,India,441789.0,West,Zone C
CUST03357,Om Pharmacy,Retail,Not Available,Bhopal,Madhya Pradesh,India,553084.0,Central,Zone D
CUST01466,Shree Nursing Home,Pharmacy,Not Available,Surat,Gujarat,India,353903.0,East,Zone A
CUST00222,Prime Pharmacy,Retail,Not Available,Jodhpur,Rajasthan,India,704126.0,Central,Zone D
CUST03438,Life Healthcare,Hospital,Life Healthcare,Other,Gujarat,India,470217.0,East,Zone A
CUST03456,Prime Nursing Home,Pharmacy,Not Available,Other,Maharashtra,India,557129.0,South,Zone D
CUST00952,Om Pharmacy,Hospital,Om Pharmacy,Indore,Madhya Pradesh,India,224165.0,East,Zone A
CUST00489,Global Nursing Home,Clinic,Not Available,Bangalore,Karnataka,India,191565.0,North,Zone D
CUST00589,Care Nursing Home,Pharmacy,Not Available,Kota,Rajasthan,India,,North,Zone B
CUST02949,Wellness Hospital,Wholesaler,Not Available,Bhopal,Madhya Pradesh,India,707335.0,East,Zone A
CUST03873,Shanti Hospital,Pharmacy,Not Available,Other,Gujarat,India,221692.0,Central,Zone C
CUST03184,National Healthcare,Retail,Not Available,Mumbai,Maharashtra,India,435275.0,East,Zone D
CUST03289,Prime Pharmacy,Pharmacy,Not Available,Lucknow,Uttar Pradesh,India,738905.0,North,Zone C
CUST00289,Global Clinic,Pharmacy,Not Available,Delhi,Delhi,India,522186.0,East,Zone A
CUST00184,Life Pharmacy,Clinic,Not Available,Indore,Madhya Pradesh,India,565525.0,Central,Zone B
CUST03987,Life Hospital,Pharmacy,Not Available,Ajmer,Rajasthan,India,178685.0,North,Zone B
CUST01560,Global Pharmacy,Wholesaler,Not Available,Hyderabad,Telangana,India,770767.0,South,Zone D
CUST01666,Central Nursing Home,Pharmacy,Not Available,Delhi,Delhi,India,529692.0,West,Zone A
CUST01111,Rajdhani Pharmacy,Clinic,Not Available,Ajmer,Rajasthan,India,565778.0,East,Zone C
CUST00821,Unknown,Hospital,Care Nursing Home,Kota,Rajasthan,India,306900.0,West,Zone A
CUST03098,Rajdhani Nursing Home,Retail,Not Available,Mumbai,Maharashtra,India,294803.0,South,Zone B
CUST01233,Care Drug House,Pharmacy,Not Available,Other,Maharashtra,India,594739.0,East,Zone B
CUST01284,Shanti Nursing Home,Retail,Not Available,Udaipur,Rajasthan,India,746963.0,South,Zone D
CUST00702,Life Nursing Home,Wholesaler,Not Available,Indore,Madhya Pradesh,India,249643.0,Central,Zone A
CUST02874,Unknown,Hospital,National Hospital,Bhopal,Madhya Pradesh,India,631399.0,West,Zone A
CUST01690,Om Medical Store,Wholesaler,Not Available,Bangalore,Karnataka,India,516506.0,West,Zone A
CUST02161,Sunrise Clinic,Pharmacy,Not Available,Indore,Madhya Pradesh,India,421786.0,Central,Zone D
CUST02814,Care Drug House,Pharmacy,Not Available,Lucknow,Uttar Pradesh,India,773527.0,North,Zone A
CUST03351,Rajdhani Clinic,Hospital,Rajdhani Clinic,Ahmedabad,Gujarat,India,123206.0,West,Zone A
CUST02486,Metro Hospital,Pharmacy,Not Available,Ahmedabad,Gujarat,India,775129.0,South,Zone C
CUST00304,Om Clinic,Wholesaler,Not Available,Ahmedabad,Gujarat,India,643425.0,East,Zone C
CUST03675,Unknown,Pharmacy,Not Available,Chennai,Tamil Nadu,India,202479.0,North,Zone C
CUST02668,Metro Healthcare,Retail,Not Available,Delhi,Delhi,India,130949.0,North,Zone B
CUST91378,Global Medical Store,Hospital,Global Medical Store,Nagpur,Maharashtra,India,420369.0,West,Zone C
CUST97277,Green Drug House,Hospital,Green Drug House,Kolkata,West Bengal,India,734717.0,Central,Zone B
CUST03515,Shree Nursing Home,Clinic,Not Available,Mumbai,Maharashtra,India,291728.0,West,Zone C
CUST03298,Global Clinic,Hospital,Global Clinic,Hyderabad,Telangana,India,129401.0,North,Zone B
CUST03316,Apex Nursing Home,Hospital,Apex Nursing Home,Bangalore,Karnataka,India,264814.0,North,Zone A
CUST01139,Rajdhani Clinic,Pharmacy,Not Available,Bhopal,Madhya Pradesh,India,113421.0,North,Zone C
CUST00946,National Healthcare,Retail,Not Available,Other,Madhya Pradesh,India,363794.0,West,Zone D
CUST03666,Unknown,Pharmacy,Not Available,Surat,Gujarat,India,374652.0,East,Zone D
CUST03114,Green Clinic,Pharmacy,Not Available,Pune,Maharashtra,India,153895.0,North,Zone C
CUST02572,Shanti Healthcare,Wholesaler,Not Available,Udaipur,Rajasthan,India,791648.0,East,Zone B
CUST01733,Sunrise Pharmacy,Hospital,Sunrise Pharmacy,Kota,Rajasthan,India,502158.0,West,Zone A
CUST00244,Sunrise Nursing Home,Retail,Not Available,Chennai,Tamil Nadu,India,521154.0,South,Zone C
CUST00046,Prime Nursing Home,Pharmacy,Not Available,Bangalore,Karnataka,India,237294.0,East,Zone A
CUST00985,National Nursing Home,Wholesaler,Not Available,Udaipur,Rajasthan,India,708926.0,South,Zone D
CUST03826,National Healthcare,Clinic,Not Available,Hyderabad,Telangana,India,182315.0,South,Zone A
CUST01549,Rajdhani Clinic,Hospital,Rajdhani Clinic,Surat,Gujarat,India,500032.0,North,Zone A
CUST01728,Shanti Hospital,Pharmacy,Not Available,Pune,Maharashtra,India,337160.0,North,Zone A
CUST02056,Green Nursing Home,Hospital,Green Nursing Home,Pune,Maharashtra,India,408468.0,West,Zone C
CUST01203,Wellness Pharmacy,Retail,Not Available,Pune,Maharashtra,India,412781.0,South,Zone C
CUST02747,Green Hospital,Retail,Not Available,Pune,Maharashtra,India,,Central,Zone A
CUST03763,Rajdhani Pharmacy,Hospital,Rajdhani Pharmacy,Pune,Maharashtra,India,646052.0,South,Zone B
CUST02483,Central Healthcare,Pharmacy,Not Available,Indore,Madhya Pradesh,India,320030.0,North,Zone D
CUST00632,Green Clinic,Hospital,Green Clinic,Bangalore,Karnataka,India,420529.0,South,Zone B
CUST01324,Prime Nursing Home,Pharmacy,Not Available,Other,Uttar Pradesh,India,294278.0,East,Zone B
CUST00988,Shanti Nursing Home,Pharmacy,Not Available,Bangalore,Karnataka,India,146702.0,West,Zone C
CUST00274,Rajdhani Pharmacy,Clinic,Not Available,Kota,Rajasthan,India,218568.0,North,Zone C
CUST02692,Om Drug House,Hospital,Om Drug House,Hyderabad,Telangana,India,745262.0,North,Zone D
CUST00933,Metro Drug House,Clinic,Not Available,Other,West Bengal,India,462141.0,East,Zone C
CUST03707,City Medical Store,Pharmacy,Not Available,Lucknow,Uttar Pradesh,India,,West,Zone D
CUST00356,Sunrise Drug House,Hospital,Sunrise Drug House,Pune,Maharashtra,India,475191.0,East,Zone A
CUST01895,Wellness Pharmacy,Pharmacy,Not Available,Chennai,Tamil Nadu,India,479198.0,North,Zone C
CUST00705,Om Drug House,Retail,Not Available,Delhi,Delhi,India,701317.0,South,Zone A
CUST03894,Shree Hospital,Hospital,Shree Hospital,Nagpur,Maharashtra,India,684274.0,Central,Zone B
CUST97027,Om Medical Store,Pharmacy,Not Available,Pune,Maharashtra,India,362496.0,South,Zone D
CUST00410,Green Medical Store,Pharmacy,Not Available,Jaipur,Rajasthan,India,267038.0,East,Zone B
CUST00081,Wellness Drug House,Retail,Not Available,Ahmedabad,Gujarat,India,,North,Zone C
CUST01072,Sunrise Clinic,Hospital,Not Available,Bangalore,Karnataka,India,235794.0,Central,Zone D
CUST03124,National Nursing Home,Pharmacy,Not Available,Jodhpur,Rajasthan,India,530608.0,South,Zone B
CUST00835,National Pharmacy,Pharmacy,Not Available,Bangalore,,India,762113.0,West,Zone A
CUST03247,Rajdhani Nursing Home,Pharmacy,Not Available,Surat,Gujarat,India,292735.0,East,Zone B
CUST01248,Green Nursing Home,Clinic,Not Available,Ajmer,Rajasthan,India,293553.0,East,Zone A
CUST01355,Care Healthcare,Clinic,Not Available,Jaipur,Rajasthan,India,276706.0,West,Zone D
CUST02131,Metro Healthcare,Pharmacy,Not Available,Udaipur,Rajasthan,India,474089.0,Central,Zone D
CUST03325,Global Nursing Home,Pharmacy,Not Available,Delhi,Delhi,India,552049.0,South,Zone D
CUST01316,Shanti Medical Store,Pharmacy,Not Available,Bhopal,Madhya Pradesh,India,,Central,Zone D
CUST02788,Prime Healthcare,Pharmacy,Not Available,Nagpur,Maharashtra,India,299652.0,West,Zone A
CUST03465,National Hospital,Pharmacy,Not Available,Ajmer,Rajasthan,India,135598.0,West,Zone A
CUST01727,Shree Healthcare,Wholesaler,Not Available,Pune,Maharashtra,India,561805.0,South,Zone A
CUST03433,Rajdhani Clinic,Wholesaler,Not Available,Chennai,Tamil Nadu,India,680893.0,South,Zone A
CUST01497,Sunrise Medical Store,Pharmacy,Not Available,Mumbai,Maharashtra,India,732055.0,West,Zone C
CUST03064,Sunrise Pharmacy,Pharmacy,Not Available,Pune,Maharashtra,India,379308.0,West,Zone C
CUST02345,Care Healthcare,Pharmacy,Not Available,Other,,India,677905.0,South,Zone B
CUST01142,Metro Medical Store,Hospital,Metro Medical Store,Jaipur,Rajasthan,India,165861.0,East,Zone C
CUST03927,Rajdhani Clinic,Clinic,Not Available,Lucknow,Uttar Pradesh,India,254220.0,North,Zone B
CUST00203,Metro Medical Store,Pharmacy,Not Available,Other,Uttar Pradesh,India,155635.0,South,Zone D
CUST01618,Unknown,Clinic,Not Available,Udaipur,,India,577815.0,North,Zone B
CUST02537,Unknown,Wholesaler,Not Available,Other,Rajasthan,India,602114.0,South,Zone D
CUST03080,Global Pharmacy,Pharmacy,Not Available,Kolkata,West Bengal,India,579203.0,South,Zone C
CUST03799,Global Hospital,Clinic,Not Available,Mumbai,Maharashtra,India,226185.0,West,Zone C
CUST01610,Shree Hospital,Pharmacy,Not Available,Delhi,Delhi,India,419608.0,East,Zone A
CUST01910,Unknown,Pharmacy,Not Available,Kota,Rajasthan,India,356756.0,South,Zone C
CUST02729,Wellness Nursing Home,Retail,Not Available,Other,Maharashtra,India,446250.0,North,Zone C
CUST01701,Green Medical Store,Clinic,Not Available,Indore,Madhya Pradesh,India,180137.0,North,Zone D
CUST02677,Care Pharmacy,Wholesaler,Not Available,Bangalore,Karnataka,India,497732.0,North,Zone D
CUST00597,Om Pharmacy,Pharmacy,Not Available,Kolkata,West Bengal,India,191180.0,West,Zone D
CUST00809,Apex Healthcare,Pharmacy,Not Available,Other,Tamil Nadu,India,415781.0,North,Zone B
CUST01544,Green Medical Store,Pharmacy,Not Available,Pune,Maharashtra,India,470827.0,West,Zone B
CUST00226,Apex Drug House,Hospital,Apex Drug House,Kota,Rajasthan,India,151801.0,West,Zone A
CUST00885,Green Drug House,Wholesaler,Not Available,Chennai,,India,215611.0,West,Zone D
CUST03039,Shanti Nursing Home,Retail,Not Available,Bhopal,Madhya Pradesh,India,,East,Zone A
CUST01769,Central Healthcare,Hospital,Central Healthcare,Delhi,Delhi,India,452242.0,East,Zone A
CUST03936,Apex Clinic,Wholesaler,Not Available,Delhi,Delhi,India,339158.0,West,Zone A
CUST00116,Om Pharmacy,Wholesaler,Not Available,Chennai,Tamil Nadu,India,214260.0,West,Zone B
CUST00069,Shree Healthcare,Hospital,Shree Healthcare,Mumbai,Maharashtra,India,,South,Zone B
CUST03820,Shanti Hospital,Pharmacy,Not Available,Bangalore,Karnataka,India,749879.0,West,Zone C
CUST02505,Sunrise Nursing Home,Retail,Not Available,Kota,Rajasthan,India,306463.0,East,Zone C
CUST03830,Shanti Hospital,Pharmacy,Not Available,Ahmedabad,Gujarat,IND,373402.0,West,Zone D
CUST00305,Life Healthcare,Hospital,Life Healthcare,Nagpur,Maharashtra,India,407635.0,South,Zone D
CUST02772,City Nursing Home,Retail,Not Available,Nagpur,Maharashtra,India,547826.0,East,Zone A
CUST02939,Prime Pharmacy,Hospital,Prime Pharmacy,Surat,Gujarat,India,268223.0,East,Zone C
CUST00377,Unknown,Pharmacy,Not Available,Hyderabad,Telangana,India,569171.0,South,Zone A
CUST01513,National Nursing Home,Pharmacy,Not Available,Delhi,Delhi,India,560874.0,North,Zone B
CUST02396,Shree Nursing Home,Pharmacy,Not Available,Kota,Rajasthan,India,444527.0,Central,Zone B
CUST03587,National Pharmacy,Wholesaler,Not Available,Jaipur,Rajasthan,India,515027.0,South,Zone B
CUST02465,Green Medical Store,Hospital,Green Medical Store,Chennai,Tamil Nadu,India,503766.0,West,Zone A
CUST02117,National Drug House,Pharmacy,Not Available,Jaipur,Rajasthan,India,683587.0,Central,Zone D
CUST03063,Apex Healthcare,Retail,Not Available,Indore,Madhya Pradesh,India,145190.0,East,Zone B
CUST03389,Metro Medical Store,Wholesaler,Not Available,Jaipur,Rajasthan,India,665561.0,East,Zone B
CUST03655,Shree Drug House,Clinic,Not Available,Nagpur,Maharashtra,India,768061.0,West,Zone C
CUST95748,Central Pharmacy,Pharmacy,Not Available,Lucknow,Uttar Pradesh,India,547658.0,East,Zone A
CUST00365,Green Clinic,Retail,Not Available,Chennai,Tamil Nadu,India,353338.0,North,Zone B
CUST02657,Global Healthcare,Wholesaler,Not Available,Bangalore,Karnataka,India,298582.0,North,Zone D
CUST02645,Life Medical Store,Pharmacy,Not Available,Indore,Madhya Pradesh,India,568584.0,West,Zone D
CUST00111,Prime Medical Store,Hospital,Prime Medical Store,Hyderabad,Telangana,India,129056.0,East,Zone B
CUST02769,City Hospital,Pharmacy,Not Available,Udaipur,Rajasthan,India,667252.0,West,Zone D
CUST02108,Sunrise Drug House,Hospital,Sunrise Drug House,Chennai,Tamil Nadu,India,166847.0,North,Zone D
CUST02017,Life Medical Store,Wholesaler,Not Available,Bangalore,Karnataka,India,387709.0,East,Zone A
CUST01121,Central Healthcare,Pharmacy,Not Available,Kota,Rajasthan,India,164881.0,North,Zone A
CUST01843,Prime Nursing Home,Pharmacy,Not Available,Pune,,India,519258.0,North,Zone B
CUST02514,Green Healthcare,Wholesaler,Not Available,Surat,Gujarat,India,,West,Zone D
CUST01123,Global Healthcare,Retail,Not Available,Ahmedabad,Gujarat,India,589722.0,West,Zone D
CUST03100,Metro Healthcare,Wholesaler,Not Available,Delhi,Delhi,India,771260.0,Central,Zone D
CUST03209,Green Clinic,Clinic,Not Available,Other,Madhya Pradesh,India,181314.0,East,Zone D
CUST00875,Metro Clinic,Pharmacy,Not Available,Bhopal,Madhya Pradesh,India,450907.0,North,Zone D
CUST03293,Life Drug House,Pharmacy,Not Available,Jaipur,Rajasthan,India,518487.0,South,Zone D
CUST01742,Om Nursing Home,Wholesaler,Not Available,Kolkata,West Bengal,India,633865.0,West,Zone D
CUST03560,National Hospital,Clinic,Not Available,Surat,Gujarat,India,306680.0,West,Zone A
CUST01572,Shree Healthcare,Wholesaler,Not Available,Other,Karnataka,India,598571.0,North,Zone B
CUST02194,Unknown,Clinic,Not Available,Kota,Rajasthan,IND,510339.0,East,Zone C
CUST00015,National Nursing Home,Hospital,National Nursing Home,Other,Rajasthan,India,605170.0,East,Zone D
CUST00836,Life Drug House,Pharmacy,Not Available,Delhi,Delhi,India,315954.0,South,Zone D
CUST01719,Care Pharmacy,Wholesaler,Not Available,Mumbai,Maharashtra,India,722227.0,East,Zone D
CUST02085,Metro Healthcare,Pharmacy,Not Available,Other,Rajasthan,India,601127.0,East,Zone B
CUST03371,Shanti Pharmacy,Retail,Not Available,Other,Madhya Pradesh,India,601810.0,East,Zone A
CUST01158,Green Hospital,Pharmacy,Not Available,Surat,Gujarat,India,208751.0,East,Zone A
CUST96507,Green Healthcare,Pharmacy,Not Available,Delhi,Delhi,India,331489.0,East,Zone C
CUST01928,National Nursing Home,Hospital,National Nursing Home,Kolkata,West Bengal,India,444206.0,Central,Zone C
CUST03881,Central Nursing Home,Wholesaler,Not Available,Nagpur,Maharashtra,India,776640.0,West,Zone B
CUST02482,Unknown,Pharmacy,Not Available,Indore,Madhya Pradesh,India,349706.0,Central,Zone C
CUST00775,Life Pharmacy,Retail,Not Available,Bangalore,Karnataka,India,617044.0,Central,Zone D
CUST01531,Life Pharmacy,Clinic,Not Available,Nagpur,Maharashtra,India,764906.0,Central,Zone B
CUST02082,Global Medical Store,Pharmacy,Not Available,Nagpur,,India,,West,Zone A
CUST01796,Central Clinic,Pharmacy,Not Available,Udaipur,Rajasthan,India,765193.0,Central,Zone A
CUST01590,Central Drug House,Hospital,Central Drug House,Other,Gujarat,India,250976.0,North,Zone D
CUST00353,Central Hospital,Hospital,Central Hospital,Jaipur,Rajasthan,India,793007.0,Central,Zone C
CUST03404,Global Hospital,Wholesaler,Not Available,Jodhpur,Rajasthan,India,288877.0,Central,Zone D
CUST01562,Rajdhani Healthcare,Pharmacy,Not Available,Kota,Rajasthan,India,456729.0,North,Zone C
CUST02197,Life Clinic,Pharmacy,Not Available,Nagpur,Maharashtra,India,346825.0,South,Zone D
CUST01415,Shanti Hospital,Pharmacy,Not Available,Indore,Madhya Pradesh,India,180387.0,Central,Zone D
CUST02574,Wellness Healthcare,Clinic,Not Available,Bhopal,Madhya Pradesh,India,125826.0,North,Zone A
CUST02719,Rajdhani Healthcare,Pharmacy,Not Available,Hyderabad,Telangana,India,154125.0,South,Zone A
CUST01147,Central Drug House,Pharmacy,Not Available,Other,Rajasthan,India,672211.0,South,Zone D
CUST01635,Green Nursing Home,Pharmacy,Not Available,Ajmer,Rajasthan,India,270179.0,East,Zone C
CUST03772,Wellness Clinic,Hospital,Wellness Clinic,Jaipur,Rajasthan,India,250399.0,Central,Zone C
CUST02912,Prime Healthcare,Retail,Not Available,Other,Madhya Pradesh,India,327239.0,West,Zone B
CUST02504,National Medical Store,Pharmacy,Not Available,Kolkata,West Bengal,India,158778.0,East,Zone A
CUST03678,Central Pharmacy,Clinic,Not Available,Lucknow,Uttar Pradesh,India,396795.0,South,Zone D
CUST00659,City Pharmacy,Pharmacy,Not Available,Chennai,Tamil Nadu,India,,North,Zone C
CUST01753,Shree Hospital,Pharmacy,Not Available,Other,Gujarat,India,307058.0,Central,Zone C
CUST01036,Wellness Clinic,Wholesaler,Not Available,Jaipur,Rajasthan,India,495962.0,South,Zone C
CUST01671,Sunrise Healthcare,Hospital,Sunrise Healthcare,Kolkata,West Bengal,India,166287.0,South,Zone A
CUST01842,Om Pharmacy,Pharmacy,Not Available,Hyderabad,Telangana,India,398913.0,South,Zone C
CUST03647,Apex Healthcare,Clinic,Not Available,Other,West Bengal,India,351393.0,Central,Zone B
CUST01582,Metro Clinic,Clinic,Not Available,Ahmedabad,Gujarat,India,205247.0,North,Zone C
CUST01885,Rajdhani Healthcare,Pharmacy,Not Available,Kota,,India,308381.0,East,Zone C
CUST03400,National Healthcare,Pharmacy,Not Available,Surat,Gujarat,,420801.0,South,Zone C
CUST01418,Shanti Drug House,Hospital,Shanti Drug House,Delhi,Delhi,India,763430.0,North,Zone B
CUST00279,National Drug House,Hospital,National Drug House,Hyderabad,Telangana,India,728437.0,North,Zone B
CUST02626,Shree Clinic,Pharmacy,Not Available,Surat,Gujarat,India,186241.0,East,Zone A
CUST02714,National Drug House,Retail,Not Available,Lucknow,Uttar Pradesh,India,257675.0,East,Zone D
CUST00872,Prime Drug House,Clinic,Not Available,Delhi,Delhi,India,180665.0,North,Zone C
CUST01686,Apex Healthcare,Pharmacy,Not Available,Surat,Gujarat,India,673683.0,East,Zone D
CUST03161,National Pharmacy,Wholesaler,Not Available,Jodhpur,,India,535723.0,Central,Zone D
CUST02569,Rajdhani Drug House,Pharmacy,Not Available,Ahmedabad,Gujarat,India,,North,Zone C
CUST02076,Unknown,Pharmacy,Not Available,Other,Rajasthan,India,416441.0,Central,Zone A
CUST01230,Shree Nursing Home,Wholesaler,Not Available,Delhi,Delhi,India,374705.0,North,Zone D
CUST00563,Green Pharmacy,Wholesaler,Not Available,Delhi,Delhi,India,,West,Zone B
CUST00621,Apex Nursing Home,Pharmacy,Not Available,Udaipur,Rajasthan,India,263383.0,South,Zone D
CUST03226,Wellness Nursing Home,Pharmacy,Not Available,Kolkata,West Bengal,India,432247.0,East,Zone D
CUST02088,Global Nursing Home,Retail,Not Available,Jaipur,Rajasthan,India,505416.0,East,Zone C
CUST00882,Green Pharmacy,Pharmacy,Not Available,Jaipur,Rajasthan,India,211739.0,West,Zone C
CUST00102,Prime Pharmacy,Pharmacy,Not Available,Bhopal,Madhya Pradesh,India,689680.0,Central,Zone A
CUST02280,Life Hospital,Wholesaler,Not Available,Other,Rajasthan,India,716289.0,South,Zone D
CUST95534,Sunrise Medical Store,Pharmacy,Not Available,Bangalore,Karnataka,India,611606.0,Central,Zone C
CUST00129,Care Clinic,Pharmacy,Not Available,Delhi,Delhi,India,417996.0,South,Zone B
CUST03557,Metro Pharmacy,Pharmacy,Not Available,Indore,,India,120173.0,North,Zone B
CUST02067,Sunrise Hospital,Hospital,Sunrise Hospital,Hyderabad,Telangana,India,158730.0,Central,Zone B
CUST00599,Unknown,Pharmacy,Not Available,Udaipur,Rajasthan,India,324134.0,South,Zone C
CUST01221,Life Drug House,Pharmacy,Not Available,Lucknow,,India,425455.0,South,Zone D
CUST00784,National Healthcare,Wholesaler,Not Available,Bangalore,Karnataka,India,653976.0,West,Zone B
CUST03597,Sunrise Hospital,Hospital,Sunrise Hospital,Bangalore,Karnataka,India,125543.0,North,Zone D
CUST03108,Wellness Clinic,Clinic,Not Available,Lucknow,Uttar Pradesh,India,,Central,Zone C
CUST03399,Global Healthcare,Pharmacy,Not Available,Kolkata,West Bengal,India,684995.0,Central,Zone A
CUST00747,Central Drug House,Hospital,Central Drug House,Udaipur,Rajasthan,India,651094.0,South,Zone B
CUST03449,National Medical Store,Pharmacy,Not Available,Hyderabad,Telangana,India,749716.0,South,Zone C
CUST00905,Apex Healthcare,Wholesaler,Not Available,Pune,Maharashtra,India,231481.0,West,Zone B
CUST01000,Green Healthcare,Clinic,Not Available,Delhi,Delhi,India,588419.0,Central,Zone D
CUST01195,Rajdhani Pharmacy,Pharmacy,Not Available,Hyderabad,Telangana,India,798189.0,North,Zone A
CUST03021,City Hospital,Clinic,Not Available,Nagpur,Maharashtra,India,210463.0,South,Zone A
CUST03204,National Pharmacy,Pharmacy,Not Available,Jaipur,Rajasthan,India,737405.0,South,Zone A
CUST02262,Unknown,Pharmacy,Not Available,Kota,Rajasthan,India,790531.0,West,Zone D
CUST01271,Shree Pharmacy,Clinic,Not Available,Jaipur,Rajasthan,India,752823.0,West,Zone A
CUST02934,Rajdhani Hospital,Wholesaler,Not Available,Ahmedabad,Telangana,India,556205.0,South,Zone B
CUST01535,Life Healthcare,Pharmacy,Not Available,Ajmer,Rajasthan,India,347344.0,East,Zone A
CUST00578,Shanti Healthcare,Retail,Not Available,Bhopal,Madhya Pradesh,India,406005.0,South,Zone C
CUST01264,Om Healthcare,Clinic,Not Available,Bangalore,Karnataka,India,647200.0,West,Zone A
CUST03030,Global Drug House,Pharmacy,Not Available,Udaipur,Rajasthan,India,180325.0,West,Zone D
CUST01809,National Hospital,Pharmacy,Not Available,Ajmer,Rajasthan,India,323025.0,East,Zone A
CUST02147,Global Medical Store,Pharmacy,Not Available,Delhi,Delhi,India,564963.0,North,Zone A
CUST02171,Sunrise Healthcare,Clinic,Not Available,Udaipur,Madhya Pradesh,India,219242.0,East,Zone C
CUST00899,City Nursing Home,Wholesaler,Not Available,Jodhpur,Rajasthan,India,,East,Zone C
CUST01095,Green Medical Store,Hospital,Green Medical Store,Nagpur,,India,,East,Zone A
CUST00031,Apex Hospital,Pharmacy,Not Available,Kota,Rajasthan,India,357867.0,Central,Zone D
CUST03940,Wellness Healthcare,Hospital,Wellness Healthcare,Other,Gujarat,India,653409.0,North,Zone C
CUST00611,Care Healthcare,Pharmacy,Not Available,Kolkata,West Bengal,India,236013.0,East,Zone B
CUST00623,Wellness Nursing Home,Retail,Not Available,Delhi,Delhi,India,344025.0,South,Zone D
CUST01967,Prime Healthcare,Pharmacy,Not Available,Ahmedabad,Gujarat,India,646097.0,Central,Zone B
CUST03890,Om Pharmacy,Wholesaler,Not Available,Jaipur,Rajasthan,India,126976.0,East,Zone D
CUST02950,Rajdhani Healthcare,Wholesaler,Not Available,Hyderabad,Telangana,India,193630.0,West,Zone C
CUST02310,Shanti Healthcare,Pharmacy,Not Available,Kota,Rajasthan,India,222754.0,West,Zone C
CUST96198,Unknown,Hospital,Prime Hospital,Lucknow,Uttar Pradesh,India,238668.0,East,Zone D
CUST02206,Sunrise Clinic,Wholesaler,Not Available,Delhi,Delhi,India,289144.0,West,Zone D
CUST03920,Rajdhani Hospital,Clinic,Not Available,Surat,Gujarat,India,450071.0,North,Zone D
CUST02091,National Drug House,Clinic,Not Available,Bhopal,,India,632396.0,Central,Zone C
CUST01980,Metro Clinic,Clinic,Not Available,Kota,Rajasthan,India,553448.0,North,Zone C
CUST02981,Green Drug House,Hospital,Green Drug House,Bangalore,Karnataka,India,313171.0,East,Zone C
CUST03397,Wellness Nursing Home,Hospital,Wellness Nursing Home,Pune,Maharashtra,India,603375.0,Central,Zone A
CUST01067,Shanti Hospital,Pharmacy,Not Available,Pune,Maharashtra,India,188304.0,West,Zone A
CUST02031,Unknown,Hospital,Metro Pharmacy,Nagpur,Maharashtra,India,188908.0,South,Zone C
CUST03001,Shanti Pharmacy,Clinic,Not Available,Surat,Gujarat,India,,West,Zone D
CUST00553,Metro Medical Store,Hospital,Metro Medical Store,Jaipur,Rajasthan,India,689664.0,Central,Zone D
CUST03540,Sunrise Hospital,Hospital,Sunrise Hospital,Udaipur,Rajasthan,India,559432.0,West,Zone A
CUST01057,National Drug House,Pharmacy,Not Available,Other,Karnataka,India,760437.0,Central,Zone C
CUST01771,Global Hospital,Pharmacy,Not Available,Indore,Madhya Pradesh,India,727210.0,South,Zone D
CUST99227,Life Pharmacy,Hospital,Life Pharmacy,Other,Tamil Nadu,India,727551.0,Central,Zone C
CUST03572,National Nursing Home,Pharmacy,Not Available,Other,Maharashtra,India,511951.0,West,Zone D
CUST03321,Wellness Clinic,Wholesaler,Not Available,Jaipur,Rajasthan,India,204426.0,North,Zone C
CUST01564,Global Clinic,Wholesaler,Not Available,Other,Rajasthan,India,,North,Zone B
CUST03158,Wellness Medical Store,Wholesaler,Not Available,Jodhpur,Rajasthan,India,779618.0,West,Zone B
CUST00684,Om Hospital,Clinic,Not Available,Ajmer,Rajasthan,India,557645.0,West,Zone C
CUST03727,Unknown,Retail,Not Available,Pune,Maharashtra,India,431624.0,Central,Zone D
CUST01152,Metro Nursing Home,Pharmacy,Not Available,Delhi,Delhi,India,663234.0,West,Zone C
CUST01672,Rajdhani Medical Store,Retail,Not Available,Jaipur,Rajasthan,India,312046.0,South,Zone D
CUST00012,Shree Healthcare,Hospital,Shree Healthcare,Hyderabad,Telangana,India,275731.0,East,Zone A
CUST00617,Prime Clinic,Pharmacy,Not Available,Mumbai,Maharashtra,India,124181.0,West,Zone B
CUST01062,Wellness Clinic,Hospital,Wellness Clinic,Bhopal,Madhya Pradesh,India,587475.0,North,Zone C
CUST02510,Central Healthcare,Pharmacy,Not Available,Jaipur,Rajasthan,India,,Central,Zone B
CUST03094,Life Drug House,Clinic,Not Available,Other,Karnataka,India,316046.0,North,Zone D
CUST01178,Central Drug House,Wholesaler,Not Available,Hyderabad,Telangana,India,178314.0,West,Zone C
CUST02807,Central Medical Store,Clinic,Not Available,Kolkata,West Bengal,India,441101.0,South,Zone C
CUST02611,City Nursing Home,Pharmacy,Not Available,Other,Madhya Pradesh,India,519332.0,Central,Zone B
CUST03084,Global Pharmacy,Retail,Not Available,Nagpur,Maharashtra,India,664351.0,West,Zone C
CUST00764,Sunrise Clinic,Pharmacy,Not Available,Surat,Gujarat,India,158722.0,South,Zone A
CUST03435,Om Hospital,Pharmacy,Not Available,Kolkata,West Bengal,India,,East,Zone B
CUST02212,National Hospital,Wholesaler,Not Available,Other,Uttar Pradesh,India,721499.0,South,Zone D
CUST01598,Sunrise Pharmacy,Wholesaler,Not Available,Ajmer,Rajasthan,India,716317.0,West,Zone D
CUST00586,Prime Healthcare,Pharmacy,Not Available,Pune,Maharashtra,India,328708.0,North,Zone C
CUST90971,Om Pharmacy,Hospital,Om Pharmacy,Chennai,,India,507780.0,West,Zone A
CUST00309,City Drug House,Pharmacy,Not Available,Chennai,Tamil Nadu,India,683451.0,North,Zone B
CUST00378,Global Pharmacy,Pharmacy,Not Available,Bhopal,Madhya Pradesh,India,140130.0,North,Zone A
CUST02284,Green Clinic,Pharmacy,Not Available,Kolkata,West Bengal,India,761144.0,West,Zone D
CUST00670,Sunrise Clinic,Pharmacy,Not Available,Jaipur,Rajasthan,India,301408.0,North,Zone D
CUST03628,Prime Hospital,Hospital,Prime Hospital,Pune,Maharashtra,India,219146.0,North,Zone B
CUST01485,Shanti Pharmacy,Clinic,Not Available,Delhi,Delhi,India,640001.0,South,Zone C
CUST00709,Central Pharmacy,Pharmacy,Not Available,Other,Maharashtra,India,,East,Zone D
CUST03780,Apex Pharmacy,Clinic,Not Available,Indore,Madhya Pradesh,India,302358.0,West,Zone C
CUST01251,Rajdhani Healthcare,Clinic,Not Available,Nagpur,Maharashtra,India,254538.0,North,Zone A
CUST02799,Green Hospital,Clinic,Not Available,Bhopal,Karnataka,India,770867.0,North,Zone A
CUST01660,Rajdhani Drug House,Pharmacy,Not Available,Mumbai,Maharashtra,India,346220.0,West,Zone B
CUST01125,National Clinic,Hospital,National Clinic,Delhi,Delhi,India,543429.0,West,Zone B
CUST01888,Green Pharmacy,Hospital,Green Pharmacy,Bhopal,Madhya Pradesh,India,286736.0,North,Zone D
CUST02442,Shanti Drug House,Retail,Not Available,Other,Karnataka,India,625416.0,East,Zone D
CUST02319,Metro Pharmacy,Pharmacy,Not Available,Chennai,Tamil Nadu,India,758465.0,Central,Zone A
CUST03250,Apex Medical Store,Wholesaler,Not Available,Bhopal,Madhya Pradesh,India,522489.0,East,Zone D
CUST02936,City Healthcare,Clinic,Not Available,Other,Maharashtra,India,,Central,Zone A
CUST03946,Global Clinic,Retail,Not Available,Jodhpur,Rajasthan,India,450150.0,North,Zone B
CUST03395,Wellness Medical Store,Clinic,Not Available,Delhi,Delhi,India,434295.0,East,Zone C
CUST01330,Rajdhani Healthcare,Pharmacy,Not Available,Pune,Maharashtra,India,465450.0,East,Zone C
CUST03182,Global Healthcare,Hospital,Global Healthcare,Jaipur,Rajasthan,India,691321.0,North,Zone D
CUST02750,Wellness Clinic,Pharmacy,Not Available,Bhopal,Madhya Pradesh,India,721661.0,East,Zone B
CUST03383,Care Clinic,Pharmacy,Not Available,Hyderabad,Telangana,India,740085.0,North,Zone A
CUST00360,Life Hospital,Wholesaler,Not Available,Ajmer,Rajasthan,India,605456.0,South,Zone A
CUST01555,Wellness Pharmacy,Hospital,Wellness Pharmacy,Indore,Madhya Pradesh,India,507809.0,Central,Zone D
CUST02523,Central Clinic,Pharmacy,Not Available,Bhopal,Madhya Pradesh,India,207499.0,South,Zone C
CUST03201,Life Medical Store,Pharmacy,Not Available,Ahmedabad,Gujarat,India,556623.0,East,Zone D
CUST02605,Prime Nursing Home,Pharmacy,Not Available,Kota,Rajasthan,India,528628.0,South,Zone A
CUST02041,Shree Pharmacy,Retail,Not Available,Chennai,Tamil Nadu,India,561518.0,West,Zone C
CUST02902,Metro Drug House,Pharmacy,Not Available,Jaipur,Rajasthan,India,385678.0,West,Zone C
CUST02876,Prime Medical Store,Clinic,Not Available,Indore,Madhya Pradesh,India,770228.0,North,Zone A
CUST01657,Sunrise Hospital,Pharmacy,Not Available,Other,West Bengal,India,786110.0,East,Zone B
CUST03758,Prime Drug House,Pharmacy,Not Available,Indore,Madhya Pradesh,India,611227.0,North,Zone A
CUST02976,Apex Clinic,Retail,Not Available,Pune,Maharashtra,India,727799.0,West,Zone B
CUST03855,Green Pharmacy,Clinic,Not Available,Lucknow,Uttar Pradesh,India,317428.0,North,Zone B
CUST01787,Shree Medical Store,Wholesaler,Not Available,Ajmer,Rajasthan,India,,West,Zone C
CUST91551,City Clinic,Wholesaler,Not Available,Mumbai,Maharashtra,India,345063.0,South,Zone A
CUST01227,Green Healthcare,Pharmacy,Not Available,Surat,Gujarat,India,244966.0,Central,Zone A
CUST01157,Global Hospital,Wholesaler,Not Available,Other,Rajasthan,India,345315.0,Central,Zone D
CUST00048,Metro Pharmacy,Pharmacy,Not Available,Mumbai,Maharashtra,India,,West,Zone C
CUST03032,Central Healthcare,Pharmacy,Not Available,Kolkata,West Bengal,India,288269.0,West,Zone A
CUST00088,Shanti Drug House,Pharmacy,Not Available,Kota,Rajasthan,India,339508.0,East,Zone B
CUST94022,Apex Medical Store,Pharmacy,Not Available,Pune,Maharashtra,India,595498.0,North,Zone A
CUST00039,Central Nursing Home,Pharmacy,Not Available,Ajmer,Rajasthan,India,486515.0,Central,Zone D
CUST02383,Om Drug House,Hospital,Om Drug House,Bangalore,Karnataka,India,587421.0,West,Zone D
CUST03388,Wellness Healthcare,Hospital,Wellness Healthcare,Other,West Bengal,India,,North,Zone B
CUST02387,Unknown,Pharmacy,Not Available,Jaipur,Rajasthan,India,477650.0,West,Zone C
CUST90812,Unknown,Pharmacy,Not Available,Kota,Rajasthan,India,689954.0,North,Zone A
CUST01546,Wellness Hospital,Pharmacy,Not Available,Nagpur,Maharashtra,India,442935.0,Central,Zone D
CUST02982,Green Clinic,Hospital,Green Clinic,Surat,Gujarat,India,189979.0,East,Zone C
CUST03248,Sunrise Hospital,Hospital,Sunrise Hospital,Ajmer,Rajasthan,India,248386.0,West,Zone C
CUST00637,Shanti Pharmacy,Pharmacy,Not Available,Surat,,India,768271.0,East,Zone D
CUST00661,Unknown,Clinic,Not Available,Kolkata,West Bengal,India,338768.0,Central,Zone D
CUST03797,City Pharmacy,Pharmacy,Not Available,Ajmer,Rajasthan,India,498832.0,South,Zone D
CUST02060,Wellness Nursing Home,Pharmacy,Not Available,Chennai,,India,124129.0,East,Zone C
CUST03501,Global Hospital,Retail,Not Available,Chennai,Tamil Nadu,India,116427.0,East,Zone C
CUST01845,Shanti Clinic,Clinic,Not Available,Chennai,Tamil Nadu,India,242634.0,North,Zone C
CUST02467,Wellness Pharmacy,Retail,Not Available,Chennai,Tamil Nadu,India,153695.0,North,Zone B
CUST00698,Om Hospital,Clinic,Not Available,Other,Madhya Pradesh,India,181244.0,East,Zone A
CUST01308,Central Nursing Home,Pharmacy,Not Available,Kota,Rajasthan,India,638900.0,West,Zone C
CUST02430,Apex Medical Store,Hospital,Apex Medical Store,Udaipur,Rajasthan,India,716885.0,North,Zone C
CUST00607,Prime Drug House,Pharmacy,Not Available,Ahmedabad,Gujarat,India,565850.0,Central,Zone A
CUST01870,Global Hospital,Wholesaler,Not Available,Hyderabad,Telangana,India,667560.0,East,Zone B
CUST01367,Prime Nursing Home,Clinic,Not Available,Pune,Maharashtra,India,789588.0,North,Zone A
CUST02911,Central Healthcare,Wholesaler,Not Available,Lucknow,Uttar Pradesh,India,232669.0,West,Zone B
CUST01124,Rajdhani Medical Store,Wholesaler,Not Available,Indore,Madhya Pradesh,India,228634.0,East,Zone C
CUST02385,Om Nursing Home,Pharmacy,Not Available,Hyderabad,Telangana,India,446732.0,Central,Zone D
CUST01006,Unknown,Retail,Not Available,Kota,Rajasthan,India,463496.0,West,Zone A
CUST01382,Global Medical Store,Clinic,Not Available,Hyderabad,Telangana,India,192033.0,Central,Zone A
CUST00250,Green Pharmacy,Pharmacy,Not Available,Jaipur,Rajasthan,India,199382.0,South,Zone C
CUST01034,City Clinic,Pharmacy,Not Available,Bhopal,Madhya Pradesh,India,282768.0,West,Zone A
CUST03312,Om Drug House,Wholesaler,Not Available,Other,Rajasthan,India,642867.0,West,Zone B
CUST01594,Care Healthcare,Pharmacy,Not Available,Bangalore,Karnataka,India,174510.0,South,Zone A
CUST01916,Om Pharmacy,Clinic,Not Available,Nagpur,Maharashtra,India,561402.0,Central,Zone A
CUST02932,Care Medical Store,Retail,Not Available,Jaipur,Rajasthan,India,137990.0,Central,Zone A
CUST02940,Life Hospital,Hospital,Life Hospital,Kolkata,West Bengal,India,223313.0,South,Zone A
CUST01294,Om Clinic,Hospital,Om Clinic,Nagpur,Maharashtra,India,425740.0,West,Zone B
CUST03126,Sunrise Nursing Home,Clinic,Not Available,Jaipur,Rajasthan,India,380973.0,South,Zone D
CUST03332,Wellness Clinic,Pharmacy,Not Available,Lucknow,Uttar Pradesh,India,670941.0,Central,Zone A
CUST01567,City Drug House,Hospital,City Drug House,Other,Rajasthan,India,242094.0,Central,Zone A
CUST03639,Green Healthcare,Retail,Not Available,Hyderabad,Telangana,India,218569.0,Central,Zone B
CUST03620,Metro Medical Store,Pharmacy,Not Available,Other,Rajasthan,India,638721.0,East,Zone A
CUST00695,Global Hospital,Pharmacy,Not Available,Lucknow,Uttar Pradesh,India,172867.0,East,Zone B
CUST01029,City Hospital,Wholesaler,Not Available,Jaipur,Rajasthan,India,703864.0,West,Zone A
CUST03301,Green Healthcare,Pharmacy,Not Available,Ajmer,Rajasthan,India,127168.0,North,Zone D
CUST01366,Shree Healthcare,Clinic,Not Available,Pune,Maharashtra,India,703982.0,North,Zone D
CUST03328,Green Healthcare,Pharmacy,Not Available,Jodhpur,Rajasthan,India,790244.0,Central,Zone B
CUST02525,Global Pharmacy,Retail,Not Available,Lucknow,Uttar Pradesh,India,576090.0,East,Zone D
CUST02425,National Pharmacy,Pharmacy,Not Available,Ajmer,Rajasthan,India,608075.0,Central,Zone B
CUST00957,Metro Hospital,Pharmacy,Not Available,Bangalore,Karnataka,India,743842.0,West,Zone D
CUST91479,Shree Clinic,Hospital,Shree Clinic,Surat,,India,437622.0,West,Zone C
CUST02530,Care Pharmacy,Wholesaler,Not Available,Pune,Maharashtra,India,614751.0,South,Zone A
CUST02802,Care Pharmacy,Pharmacy,Not Available,Mumbai,Maharashtra,India,206010.0,North,Zone A
CUST90431,Shanti Healthcare,Pharmacy,Not Available,Kota,Rajasthan,India,791010.0,North,Zone B
CUST02221,City Drug House,Pharmacy,Not Available,Delhi,Delhi,India,471714.0,Central,Zone B
CUST02032,Metro Clinic,Wholesaler,Not Available,Bhopal,,India,628864.0,West,Zone C
CUST01812,Prime Hospital,Pharmacy,Not Available,Delhi,Delhi,India,364156.0,West,Zone C
CUST00725,City Hospital,Hospital,City Hospital,Pune,Maharashtra,India,596545.0,Central,Zone A
CUST03224,Rajdhani Pharmacy,Wholesaler,Not Available,Mumbai,Maharashtra,India,657634.0,South,Zone D
CUST01454,Central Clinic,Pharmacy,Not Available,Bangalore,Karnataka,India,305195.0,Central,Zone C
CUST03895,Green Clinic,Pharmacy,Not Available,Bhopal,Madhya Pradesh,India,533552.0,Central,Zone B
CUST00351,City Medical Store,Hospital,City Medical Store,Pune,Maharashtra,India,706940.0,South,Zone C
CUST01538,Sunrise Medical Store,Pharmacy,Not Available,Chennai,Tamil Nadu,India,681916.0,North,Zone C
CUST01496,City Clinic,Clinic,Not Available,Other,Rajasthan,India,685546.0,Central,Zone D
CUST01196,Shree Drug House,Hospital,Shree Drug House,Chennai,Tamil Nadu,India,393253.0,South,Zone A
CUST02373,Wellness Hospital,Wholesaler,Not Available,Other,,India,283097.0,South,Zone C
CUST03583,Metro Pharmacy,Pharmacy,Not Available,Pune,Maharashtra,India,409268.0,West,Zone C
CUST01523,Central Clinic,Clinic,Not Available,Udaipur,Rajasthan,India,698046.0,West,Zone B
CUST02092,National Medical Store,Pharmacy,Not Available,Kota,Rajasthan,India,471186.0,North,Zone B
CUST02526,Prime Drug House,Hospital,Prime Drug House,Ajmer,Rajasthan,India,353130.0,North,Zone B
CUST00897,Sunrise Drug House,Retail,Not Available,Indore,Madhya Pradesh,India,270763.0,East,Zone C
CUST03976,Shanti Medical Store,Wholesaler,Not Available,Delhi,Delhi,India,454028.0,West,Zone B
CUST03261,Green Pharmacy,Hospital,Not Available,Other,Rajasthan,India,439801.0,North,Zone A
CUST01506,Shree Nursing Home,Pharmacy,Not Available,Jaipur,Rajasthan,India,470397.0,North,Zone A
CUST03145,Global Pharmacy,Pharmacy,Not Available,Delhi,Delhi,India,693382.0,West,Zone B
CUST03070,Shree Nursing Home,Hospital,Shree Nursing Home,Jaipur,Rajasthan,India,676788.0,North,Zone D
CUST03889,Shanti Clinic,Clinic,Not Available,Udaipur,Rajasthan,India,316293.0,West,Zone C
CUST01128,Care Healthcare,Pharmacy,Not Available,Jodhpur,Rajasthan,India,295376.0,Central,Zone C
CUST02754,Shanti Drug House,Retail,Not Available,Delhi,Delhi,India,647197.0,Central,Zone B
CUST03665,Metro Medical Store,Hospital,Metro Medical Store,Jaipur,Rajasthan,India,587942.0,West,Zone A
CUST02760,Shree Nursing Home,Pharmacy,Not Available,Jodhpur,Rajasthan,India,549466.0,West,Zone A
CUST03463,Sunrise Hospital,Pharmacy,Not Available,Bhopal,Madhya Pradesh,India,566312.0,North,Zone D
CUST02113,Central Medical Store,Pharmacy,Not Available,Ahmedabad,Gujarat,India,201138.0,West,Zone C
CUST96284,Central Clinic,Pharmacy,Not Available,Other,Karnataka,India,783435.0,South,Zone D
CUST02795,Shree Healthcare,Pharmacy,Not Available,Kolkata,West Bengal,India,139801.0,East,Zone D
CUST03340,Green Drug House,Pharmacy,Not Available,Mumbai,Maharashtra,India,702601.0,North,Zone D
CUST00110,Life Hospital,Pharmacy,Not Available,Mumbai,,India,661093.0,South,Zone D
CUST02403,Metro Nursing Home,Pharmacy,Not Available,Delhi,Delhi,India,479396.0,East,Zone B
CUST03945,Wellness Nursing Home,Pharmacy,Not Available,Jodhpur,Rajasthan,India,745937.0,West,Zone C
CUST02698,Green Drug House,Pharmacy,Not Available,Ahmedabad,Gujarat,India,631682.0,Central,Zone B
CUST01254,City Drug House,Hospital,City Drug House,Ahmedabad,Gujarat,India,228497.0,South,Zone B
CUST00306,Shree Clinic,Wholesaler,Not Available,Chennai,Tamil Nadu,India,570089.0,North,Zone B
CUST00266,Wellness Pharmacy,Pharmacy,Not Available,Ajmer,Rajasthan,India,420500.0,Central,Zone C
CUST01639,Apex Medical Store,Clinic,Not Available,Bhopal,Madhya Pradesh,India,,North,Zone D
CUST03469,Shree Medical Store,Wholesaler,Not Available,Bhopal,Madhya Pradesh,India,590972.0,Central,Zone A
CUST95101,Shanti Drug House,Pharmacy,Not Available,Bhopal,Madhya Pradesh,India,549540.0,South,Zone A
CUST01687,Unknown,Wholesaler,Not Available,Jaipur,Rajasthan,India,295692.0,East,Zone C
CUST02608,Rajdhani Medical Store,Hospital,Rajdhani Medical Store,Kolkata,West Bengal,India,786302.0,South,Zone A
CUST90142,Wellness Clinic,Wholesaler,Not Available,Udaipur,Rajasthan,India,534379.0,West,Zone D
CUST01076,Metro Clinic,Hospital,Metro Clinic,Delhi,Delhi,India,394900.0,South,Zone A
CUST03103,Metro Pharmacy,Wholesaler,Not Available,Ahmedabad,Gujarat,India,753262.0,Central,Zone C
CUST99677,Sunrise Medical Store,Pharmacy,Not Available,Surat,Gujarat,India,384971.0,West,Zone A
CUST03336,Wellness Clinic,Pharmacy,Not Available,Kota,,India,,West,Zone B
CUST01851,Care Hospital,Hospital,Care Hospital,Nagpur,Maharashtra,India,156124.0,Central,Zone C
CUST01650,City Nursing Home,Wholesaler,Not Available,Other,Uttar Pradesh,India,458933.0,East,Zone A
CUST01558,Metro Drug House,Hospital,Metro Drug House,Indore,Madhya Pradesh,India,301811.0,North,Zone C
CUST01325,Green Hospital,Hospital,Green Hospital,Surat,Gujarat,India,413524.0,South,Zone A
CUST02140,Rajdhani Healthcare,Clinic,Not Available,Chennai,Tamil Nadu,India,,Central,Zone A
CUST01950,Global Drug House,Wholesaler,Not Available,Nagpur,Maharashtra,India,742357.0,North,Zone D
CUST01920,Global Drug House,Wholesaler,Not Available,Jaipur,Rajasthan,India,183083.0,East,Zone B
CUST02428,Metro Drug House,Clinic,Not Available,Lucknow,Uttar Pradesh,India,249351.0,South,Zone C
CUST02513,Prime Hospital,Clinic,Not Available,Nagpur,Maharashtra,IND,770794.0,East,Zone B
CUST01792,Shree Clinic,Pharmacy,Not Available,Other,Rajasthan,India,725662.0,East,Zone A
CUST00943,Apex Nursing Home,Hospital,Apex Nursing Home,Kolkata,West Bengal,India,535338.0,Central,Zone D
CUST02688,Prime Drug House,Pharmacy,Not Available,Pune,Maharashtra,India,289281.0,East,Zone A
CUST01005,Om Drug House,Wholesaler,Not Available,Nagpur,Maharashtra,India,251574.0,South,Zone C
CUST02416,Shanti Hospital,Hospital,Shanti Hospital,Nagpur,Maharashtra,India,143535.0,North,Zone D
CUST03783,Life Hospital,Pharmacy,Not Available,Other,West Bengal,India,471665.0,West,Zone B
CUST03650,Unknown,Pharmacy,Not Available,Other,Maharashtra,India,772486.0,Central,Zone B
CUST00701,Metro Healthcare,Hospital,Metro Healthcare,Ahmedabad,Gujarat,India,345744.0,Central,Zone D
CUST02563,Shanti Hospital,Pharmacy,Not Available,Pune,Maharashtra,India,245349.0,West,Zone A
CUST94944,Prime Medical Store,Clinic,Not Available,Jaipur,Rajasthan,India,509414.0,North,Zone B
CUST01955,Rajdhani Pharmacy,Wholesaler,Not Available,Other,Gujarat,India,620165.0,West,Zone A
CUST01943,Metro Medical Store,Pharmacy,Not Available,Hyderabad,Telangana,India,598535.0,West,Zone B
CUST01702,Apex Medical Store,Hospital,Apex Medical Store,Mumbai,Maharashtra,India,787219.0,West,Zone D
CUST03553,Om Pharmacy,Pharmacy,Not Available,Jaipur,Rajasthan,India,790597.0,West,Zone A
CUST02869,Wellness Drug House,Hospital,Wellness Drug House,Udaipur,Rajasthan,India,120065.0,North,Zone A
CUST03696,Apex Hospital,Pharmacy,Not Available,Mumbai,Maharashtra,India,683838.0,North,Zone B
CUST03505,Apex Medical Store,Pharmacy,Not Available,Pune,Maharashtra,India,607706.0,North,Zone C
CUST00641,Shanti Healthcare,Pharmacy,Not Available,Kolkata,West Bengal,India,133131.0,South,Zone A
CUST02830,Metro Nursing Home,Wholesaler,Not Available,Nagpur,Maharashtra,India,647657.0,East,Zone D
CUST03060,Green Clinic,Pharmacy,Not Available,Lucknow,Uttar Pradesh,India,439794.0,East,Zone A
CUST02519,National Healthcare,Pharmacy,Not Available,Nagpur,Maharashtra,India,254783.0,West,Zone A
CUST01344,Unknown,Hospital,Green Drug House,Other,Delhi,India,515434.0,East,Zone A
CUST02361,Central Nursing Home,Wholesaler,Not Available,Kota,,India,505229.0,North,Zone C
CUST03645,Sunrise Clinic,Pharmacy,Not Available,Ajmer,,India,114051.0,Central,Zone B
CUST03612,Central Healthcare,Pharmacy,Not Available,Chennai,Tamil Nadu,India,759045.0,South,Zone C
CUST02925,Unknown,Hospital,Life Healthcare,Chennai,Tamil Nadu,India,187543.0,East,Zone A
CUST02946,Shanti Healthcare,Pharmacy,Not Available,Delhi,,India,127902.0,South,Zone C
CUST92465,Sunrise Medical Store,Wholesaler,Not Available,Jaipur,Rajasthan,India,716437.0,North,Zone D
CUST00285,Life Drug House,Retail,Not Available,Jaipur,Rajasthan,India,782284.0,West,Zone D
CUST01116,Green Clinic,Pharmacy,Not Available,Indore,Madhya Pradesh,India,241740.0,South,Zone C
CUST01386,Life Hospital,Hospital,Life Hospital,Pune,Maharashtra,India,591770.0,South,Zone B
CUST01779,Green Nursing Home,Pharmacy,Not Available,Delhi,Delhi,India,113780.0,West,Zone D
CUST01105,Wellness Drug House,Wholesaler,Not Available,Mumbai,Maharashtra,India,735782.0,West,Zone A
CUST02866,Shree Medical Store,Clinic,Not Available,Chennai,Tamil Nadu,India,790158.0,Central,Zone C
CUST02162,Shree Clinic,Hospital,Shree Clinic,Mumbai,Maharashtra,India,659064.0,Central,Zone A
CUST01231,Wellness Nursing Home,Hospital,Wellness Nursing Home,Mumbai,,India,676547.0,South,Zone D
CUST00301,Rajdhani Nursing Home,Hospital,Rajdhani Nursing Home,Pune,Maharashtra,India,318265.0,Central,Zone D
CUST00924,Wellness Pharmacy,Pharmacy,Not Available,Udaipur,Rajasthan,India,550599.0,West,Zone D
CUST02741,Sunrise Hospital,Hospital,Sunrise Hospital,Pune,Maharashtra,India,134493.0,East,Zone B
CUST96295,Green Nursing Home,Hospital,Green Nursing Home,Pune,Maharashtra,India,133421.0,South,Zone C
CUST02248,Life Hospital,Clinic,Not Available,Pune,Maharashtra,India,593533.0,North,Zone D
CUST01761,Prime Pharmacy,Hospital,Prime Pharmacy,Other,Tamil Nadu,India,,Central,Zone A
CUST94170,Life Drug House,Hospital,Life Drug House,Mumbai,Maharashtra,India,164770.0,West,Zone A
CUST91084,Rajdhani Drug House,Pharmacy,Not Available,Kota,Rajasthan,India,,East,Zone A
CUST00768,Shanti Hospital,Hospital,Shanti Hospital,Surat,Gujarat,India,353724.0,West,Zone B
CUST96037,Prime Hospital,Pharmacy,Not Available,Other,Madhya Pradesh,India,740343.0,South,Zone A
CUST00871,Om Hospital,Hospital,Om Hospital,Other,Gujarat,India,762626.0,West,Zone C
CUST00508,Prime Clinic,Pharmacy,Not Available,Lucknow,Uttar Pradesh,India,,South,Zone A
CUST01941,Metro Clinic,Pharmacy,Not Available,Jodhpur,Rajasthan,India,305569.0,West,Zone D
CUST03421,Global Drug House,Hospital,Global Drug House,Jaipur,,India,770699.0,South,Zone C
CUST02340,Shree Pharmacy,Retail,Not Available,Bangalore,Karnataka,India,727665.0,East,Zone D
CUST02731,Rajdhani Medical Store,Clinic,Not Available,Hyderabad,Telangana,India,663722.0,North,Zone D
CUST03022,Rajdhani Nursing Home,Retail,Not Available,Bangalore,Karnataka,India,152668.0,South,Zone C
CUST03073,Green Pharmacy,Hospital,Green Pharmacy,Mumbai,Maharashtra,India,118610.0,East,Zone B
CUST02581,Central Healthcare,Pharmacy,Not Available,Jodhpur,Rajasthan,India,,West,Zone D
CUST03861,Om Hospital,Clinic,Not Available,Hyderabad,Telangana,India,677561.0,East,Zone B
CUST02343,Sunrise Clinic,Hospital,Sunrise Clinic,Lucknow,Uttar Pradesh,India,245035.0,North,Zone D
CUST03960,Rajdhani Clinic,Wholesaler,Not Available,Ahmedabad,Gujarat,India,316984.0,West,Zone B
CUST00693,Care Medical Store,Pharmacy,Not Available,Ahmedabad,Gujarat,India,436536.0,East,Zone D
CUST01835,Green Hospital,Pharmacy,Not Available,Kolkata,West Bengal,India,222928.0,North,Zone A
CUST00082,Central Pharmacy,Pharmacy,Not Available,Other,Karnataka,India,132275.0,West,Zone A
CUST00276,City Drug House,Clinic,Not Available,Pune,Maharashtra,India,573542.0,Central,Zone B
CUST00359,Shanti Hospital,Retail,Not Available,Bhopal,Madhya Pradesh,India,278393.0,East,Zone A
CUST01533,Care Nursing Home,Wholesaler,Not Available,Bhopal,Madhya Pradesh,India,232034.0,West,Zone D
CUST01117,Central Clinic,Pharmacy,Not Available,Surat,Gujarat,India,355242.0,South,Zone B
CUST00540,Unknown,Wholesaler,Not Available,Indore,Madhya Pradesh,India,,Central,Zone A
CUST01791,Sunrise Pharmacy,Pharmacy,Not Available,Pune,Maharashtra,India,701314.0,North,Zone C
CUST00740,Om Hospital,Hospital,Om Hospital,Jaipur,Rajasthan,India,723758.0,Central,Zone C
CUST00876,Shanti Pharmacy,Pharmacy,Not Available,Hyderabad,Telangana,India,695307.0,South,Zone B
CUST03888,Sunrise Pharmacy,Pharmacy,Not Available,Hyderabad,Telangana,India,381148.0,South,Zone A
CUST03967,Rajdhani Healthcare,Wholesaler,Not Available,Mumbai,Maharashtra,India,575747.0,East,Zone C
CUST00598,Central Pharmacy,Clinic,Not Available,Chennai,Tamil Nadu,India,564846.0,East,Zone C
CUST02189,Sunrise Medical Store,Pharmacy,Not Available,Bangalore,Karnataka,India,342556.0,South,Zone C
CUST01801,Wellness Drug House,Hospital,Wellness Drug House,Indore,Madhya Pradesh,India,565231.0,West,Zone A
CUST03326,Metro Hospital,Clinic,Not Available,Udaipur,Rajasthan,India,181326.0,West,Zone B
CUST01127,Shanti Nursing Home,Clinic,Not Available,Ahmedabad,Gujarat,India,522176.0,West,Zone C
CUST02776,Om Drug House,Hospital,Om Drug House,Ajmer,Rajasthan,India,365034.0,South,Zone D
CUST97639,Care Pharmacy,Hospital,Care Pharmacy,Indore,Madhya Pradesh,India,,West,Zone D
CUST01963,Metro Pharmacy,Pharmacy,Not Available,Other,Rajasthan,India,,North,Zone A
CUST03937,City Pharmacy,Pharmacy,Not Available,Udaipur,Rajasthan,India,114172.0,South,Zone B
CUST02565,Care Medical Store,Retail,Not Available,Bangalore,Karnataka,India,243112.0,West,Zone C
CUST02074,Unknown,Clinic,Not Available,Ahmedabad,,India,176657.0,South,Zone D
CUST01691,National Drug House,Hospital,National Drug House,Indore,Madhya Pradesh,India,635267.0,Central,Zone C
CUST92057,Life Pharmacy,Pharmacy,Not Available,Kolkata,West Bengal,India,,Central,Zone D
CUST01713,Metro Medical Store,Pharmacy,Not Available,Ahmedabad,Gujarat,India,520801.0,East,Zone D
CUST02180,National Hospital,Clinic,Not Available,Lucknow,Uttar Pradesh,India,212491.0,West,Zone D
CUST01216,Shree Healthcare,Wholesaler,Not Available,Surat,Gujarat,India,179911.0,North,Zone B
CUST00478,Global Medical Store,Wholesaler,Not Available,Other,Rajasthan,India,,North,Zone C
CUST02511,National Nursing Home,Pharmacy,Not Available,Jaipur,Rajasthan,India,526885.0,West,Zone D
CUST03768,Om Medical Store,Wholesaler,Not Available,Pune,Maharashtra,India,374367.0,East,Zone B
CUST03915,Rajdhani Nursing Home,Retail,Not Available,Pune,Maharashtra,India,562089.0,Central,Zone D
CUST01087,Shanti Drug House,Clinic,Not Available,Udaipur,Rajasthan,India,148519.0,South,Zone C
CUST02011,Care Drug House,Hospital,Care Drug House,Ajmer,Rajasthan,India,130127.0,North,Zone D
CUST01673,Om Medical Store,Hospital,Om Medical Store,Other,Maharashtra,India,588057.0,South,Zone A
CUST90512,Rajdhani Drug House,Pharmacy,Not Available,Other,Delhi,India,744839.0,East,Zone D
CUST00859,Om Pharmacy,Clinic,Not Available,Kota,Rajasthan,India,130840.0,South,Zone C
CUST03409,Care Medical Store,Hospital,Care Medical Store,Chennai,Tamil Nadu,India,549219.0,Central,Zone C
CUST01922,Shree Hospital,Wholesaler,Not Available,Chennai,Tamil Nadu,India,756740.0,West,Zone A
CUST02054,City Drug House,Pharmacy,Not Available,Jodhpur,Rajasthan,India,582220.0,East,Zone B
CUST00198,Metro Drug House,Wholesaler,Not Available,Lucknow,Uttar Pradesh,India,540274.0,East,Zone A
CUST02062,Rajdhani Drug House,Pharmacy,Not Available,Surat,Gujarat,India,462471.0,East,Zone A
CUST01766,City Drug House,Pharmacy,Not Available,Chennai,Tamil Nadu,India,439072.0,Central,Zone D
CUST01631,Sunrise Drug House,Hospital,Sunrise Drug House,Kolkata,West Bengal,India,197912.0,South,Zone A
CUST02711,City Clinic,Wholesaler,Not Available,Hyderabad,Telangana,India,359978.0,North,Zone B
CUST03847,Shanti Pharmacy,Pharmacy,Not Available,Jodhpur,Rajasthan,India,194145.0,East,Zone A
CUST01911,Apex Medical Store,Pharmacy,Not Available,Pune,Maharashtra,India,221148.0,Central,Zone D
CUST01262,Central Nursing Home,Pharmacy,Not Available,Ahmedabad,Gujarat,India,710834.0,North,Zone B
CUST00158,Apex Clinic,Pharmacy,Not Available,Pune,Maharashtra,India,387837.0,North,Zone D
CUST02360,Shanti Pharmacy,Pharmacy,Not Available,Indore,Madhya Pradesh,India,111092.0,South,Zone A
CUST01097,Rajdhani Healthcare,Pharmacy,Not Available,Delhi,Delhi,India,412766.0,West,Zone B
CUST97727,Apex Drug House,Wholesaler,Not Available,Kolkata,West Bengal,India,487814.0,East,Zone C
CUST01611,Apex Clinic,Clinic,Not Available,Nagpur,Maharashtra,India,,North,Zone B
CUST01471,Global Pharmacy,Retail,Not Available,Jaipur,Rajasthan,India,595479.0,West,Zone D
CUST03227,Life Nursing Home,Retail,Not Available,Mumbai,Maharashtra,India,,South,Zone D
CUST00212,Life Drug House,Wholesaler,Not Available,Surat,Maharashtra,India,485762.0,South,Zone C
CUST00310,Rajdhani Clinic,Clinic,Not Available,Bhopal,,India,258285.0,East,Zone D
CUST90580,Rajdhani Drug House,Wholesaler,Not Available,Pune,Maharashtra,India,534766.0,East,Zone B
CUST01226,Metro Clinic,Pharmacy,Not Available,Mumbai,Maharashtra,India,278130.0,Central,Zone C
CUST00084,National Healthcare,Clinic,Not Available,Nagpur,Maharashtra,India,,South,Zone D
CUST00760,Life Healthcare,Hospital,Life Healthcare,Chennai,Tamil Nadu,India,496534.0,South,Zone C
CUST00542,Life Drug House,Pharmacy,Not Available,Udaipur,Rajasthan,India,181407.0,West,Zone D
CUST02891,Rajdhani Nursing Home,Retail,Not Available,Kolkata,West Bengal,India,282775.0,South,Zone C
CUST03652,Apex Hospital,Pharmacy,Not Available,Pune,Maharashtra,India,667042.0,East,Zone A
CUST01957,Shanti Pharmacy,Pharmacy,Not Available,Nagpur,Maharashtra,India,152478.0,South,Zone D
CUST00560,National Hospital,Pharmacy,Not Available,Bangalore,Karnataka,India,264347.0,Central,Zone D
CUST01218,Sunrise Hospital,Wholesaler,Not Available,Indore,Madhya Pradesh,India,576222.0,East,Zone D
CUST00703,Sunrise Clinic,Hospital,Sunrise Clinic,Bhopal,Madhya Pradesh,India,782309.0,West,Zone D
CUST01915,Rajdhani Clinic,Hospital,Rajdhani Clinic,Hyderabad,Telangana,India,,Central,Zone B
CUST02130,Rajdhani Hospital,Retail,Not Available,Pune,Maharashtra,India,,South,Zone C
CUST00297,Care Medical Store,Pharmacy,Not Available,Kota,Rajasthan,India,299558.0,East,Zone A
CUST02012,Global Drug House,Clinic,Not Available,Bangalore,Karnataka,India,707978.0,South,Zone D
CUST03777,National Drug House,Hospital,National Drug House,Chennai,Tamil Nadu,India,443125.0,Central,Zone B
CUST00131,Apex Clinic,Hospital,Apex Clinic,Indore,Madhya Pradesh,India,610308.0,West,Zone D
CUST01103,Unknown,Hospital,Life Nursing Home,Chennai,Tamil Nadu,India,673071.0,Central,Zone A
CUST03549,Metro Healthcare,Pharmacy,Not Available,Bhopal,Madhya Pradesh,India,674604.0,North,Zone B
CUST01929,Apex Healthcare,Wholesaler,Not Available,Ajmer,Rajasthan,India,218567.0,West,Zone C
CUST03132,National Medical Store,Wholesaler,Not Available,Jodhpur,Rajasthan,India,706607.0,East,Zone D
CUST97506,Metro Clinic,Pharmacy,Not Available,Indore,Madhya Pradesh,India,,North,Zone D
CUST03423,Rajdhani Pharmacy,Pharmacy,Not Available,Udaipur,Rajasthan,India,782737.0,East,Zone D
CUST00918,National Drug House,Wholesaler,Not Available,Bhopal,Maharashtra,India,349265.0,North,Zone B
CUST03452,Apex Hospital,Hospital,Apex Hospital,Bangalore,Karnataka,India,546639.0,Central,Zone A
CUST03429,National Clinic,Hospital,National Clinic,Ahmedabad,Gujarat,India,734743.0,East,Zone D
CUST01483,Apex Hospital,Wholesaler,Not Available,Ahmedabad,Gujarat,India,577691.0,West,Zone D
CUST02137,Prime Pharmacy,Wholesaler,Not Available,Kolkata,West Bengal,India,716652.0,North,Zone A
CUST03472,National Drug House,Hospital,National Drug House,Pune,Maharashtra,India,110526.0,Central,Zone D
CUST03424,Shree Nursing Home,Pharmacy,Not Available,Pune,Maharashtra,India,790689.0,Central,Zone B
CUST00978,Sunrise Medical Store,Pharmacy,Not Available,Mumbai,Maharashtra,India,685045.0,South,Zone A
CUST03369,Unknown,Pharmacy,Not Available,Udaipur,Rajasthan,India,162325.0,North,Zone D
CUST03565,Unknown,Retail,Not Available,Lucknow,Uttar Pradesh,India,176363.0,South,Zone D
CUST01339,Metro Healthcare,Pharmacy,Not Available,Other,Maharashtra,India,143427.0,South,Zone D
CUST02720,Wellness Clinic,Wholesaler,Not Available,Jodhpur,Rajasthan,India,258903.0,Central,Zone D
CUST02961,Om Clinic,Pharmacy,Not Available,Ajmer,Rajasthan,India,123186.0,Central,Zone B
CUST00402,National Pharmacy,Wholesaler,Not Available,Ahmedabad,Gujarat,India,228818.0,North,Zone B
CUST03356,Unknown,Retail,Not Available,Udaipur,Rajasthan,India,219776.0,North,Zone C
CUST95322,National Medical Store,Retail,Not Available,Udaipur,Rajasthan,India,685349.0,South,Zone D
CUST00643,Rajdhani Medical Store,Wholesaler,Not Available,Nagpur,Maharashtra,India,799142.0,North,Zone B
CUST01813,Shree Hospital,Hospital,Shree Hospital,Kota,Rajasthan,India,677184.0,South,Zone D
CUST02168,Sunrise Nursing Home,Hospital,Sunrise Nursing Home,Delhi,Delhi,India,747622.0,East,Zone A
CUST00213,Om Drug House,Pharmacy,Not Available,Indore,Madhya Pradesh,India,230084.0,East,Zone C
CUST01898,Rajdhani Drug House,Hospital,Rajdhani Drug House,Ajmer,Rajasthan,India,292867.0,Central,Zone B
CUST90052,City Healthcare,Pharmacy,Not Available,Other,Maharashtra,India,433386.0,Central,Zone A
CUST01030,Metro Nursing Home,Hospital,Metro Nursing Home,Ahmedabad,Gujarat,India,589748.0,Central,Zone B
CUST00403,Central Nursing Home,Pharmacy,Not Available,Pune,Maharashtra,India,252716.0,East,Zone C
CUST00173,Unknown,Pharmacy,Not Available,Surat,Gujarat,India,247400.0,West,Zone D
CUST02923,National Healthcare,Clinic,Not Available,Udaipur,Rajasthan,India,541840.0,North,Zone B
CUST00349,National Medical Store,Wholesaler,Not Available,Surat,Gujarat,India,733416.0,North,Zone D
CUST02121,Metro Hospital,Hospital,Metro Hospital,Surat,Gujarat,India,673343.0,South,Zone A
CUST00126,Central Pharmacy,Wholesaler,Not Available,Kota,Rajasthan,India,,North,Zone D
CUST01892,Shanti Pharmacy,Hospital,Shanti Pharmacy,Chennai,Tamil Nadu,India,160097.0,North,Zone A
CUST00434,Central Nursing Home,Clinic,Not Available,Lucknow,Uttar Pradesh,India,732019.0,West,Zone C
CUST01575,Sunrise Medical Store,Pharmacy,Not Available,Jaipur,Rajasthan,India,742106.0,East,Zone D
CUST00355,Unknown,Pharmacy,Not Available,Bhopal,Madhya Pradesh,India,531701.0,Central,Zone C
CUST03618,Central Medical Store,Clinic,Not Available,Mumbai,Maharashtra,India,796139.0,North,Zone D
CUST03185,Prime Nursing Home,Hospital,Prime Nursing Home,Other,Rajasthan,India,715757.0,East,Zone C
CUST02479,Global Pharmacy,Hospital,Global Pharmacy,Kota,Rajasthan,India,734328.0,Central,Zone B
CUST01681,Rajdhani Medical Store,Pharmacy,Not Available,Udaipur,Rajasthan,India,659450.0,East,Zone A
CUST03074,Unknown,Wholesaler,Not Available,Jaipur,Rajasthan,India,308311.0,North,Zone D
CUST02945,Green Medical Store,Pharmacy,Not Available,Other,Madhya Pradesh,India,349949.0,North,Zone C
CUST02634,Apex Clinic,Pharmacy,Not Available,Ajmer,Rajasthan,India,683190.0,South,Zone B
CUST00753,Green Clinic,Pharmacy,Not Available,Other,Rajasthan,India,581598.0,South,Zone D
CUST01078,Central Medical Store,Hospital,Central Medical Store,Indore,Madhya Pradesh,India,474737.0,West,Zone C
CUST00428,Prime Drug House,Wholesaler,Not Available,Other,Telangana,India,711415.0,West,Zone C
CUST01738,Green Pharmacy,Pharmacy,Not Available,Chennai,Tamil Nadu,India,519122.0,West,Zone D
CUST01088,Green Pharmacy,Pharmacy,Not Available,Bangalore,Karnataka,India,180144.0,East,Zone B
CUST97635,Life Nursing Home,Pharmacy,Not Available,Kolkata,West Bengal,India,568207.0,East,Zone D
CUST03577,Prime Pharmacy,Retail,Not Available,Delhi,Delhi,India,765400.0,Central,Zone B
CUST03286,Shree Hospital,Pharmacy,Not Available,Surat,Gujarat,India,753075.0,North,Zone C
CUST02803,Shree Nursing Home,Pharmacy,Not Available,Pune,Maharashtra,India,308396.0,North,Zone D
CUST01311,Central Clinic,Pharmacy,Not Available,Bangalore,Karnataka,Unknown,136807.0,North,Zone D
CUST99832,Sunrise Clinic,Hospital,Sunrise Clinic,Indore,Madhya Pradesh,India,175599.0,Central,Zone C
CUST03319,Sunrise Drug House,Pharmacy,Not Available,Mumbai,Maharashtra,India,562802.0,Central,Zone B
CUST02259,Metro Drug House,Wholesaler,Not Available,Jaipur,Rajasthan,India,543428.0,West,Zone D
CUST02381,Apex Pharmacy,Wholesaler,Not Available,Other,Maharashtra,India,217055.0,West,Zone A
CUST02349,Life Clinic,Retail,Not Available,Other,Madhya Pradesh,India,402337.0,East,Zone C
CUST02418,Metro Hospital,Pharmacy,Not Available,Bhopal,Madhya Pradesh,India,384046.0,West,Zone D
CUST00602,Global Drug House,Hospital,Not Available,Bangalore,Karnataka,India,488775.0,East,Zone D
CUST03896,Shanti Nursing Home,Clinic,Not Available,Delhi,Delhi,India,303129.0,North,Zone B
CUST00323,City Clinic,Hospital,City Clinic,Delhi,Delhi,India,722379.0,East,Zone C
CUST01886,Sunrise Medical Store,Hospital,Sunrise Medical Store,Nagpur,Tamil Nadu,India,217554.0,Central,Zone B
CUST00997,Global Hospital,Clinic,Not Available,Delhi,Delhi,India,712918.0,East,Zone A
CUST00767,Shree Drug House,Hospital,Shree Drug House,Ajmer,Rajasthan,India,,North,Zone B
CUST02676,Shanti Healthcare,Retail,Not Available,Other,Tamil Nadu,India,,East,Zone C
CUST01903,Green Medical Store,Pharmacy,Not Available,Delhi,Delhi,India,113228.0,South,Zone D
CUST03190,Central Drug House,Wholesaler,Not Available,Jodhpur,Rajasthan,India,460364.0,West,Zone D
CUST00648,Life Pharmacy,Pharmacy,Not Available,Mumbai,Maharashtra,India,359267.0,North,Zone A
CUST98371,Green Nursing Home,Retail,Not Available,Indore,Madhya Pradesh,India,525203.0,West,Zone D
CUST01858,Prime Healthcare,Pharmacy,Not Available,Mumbai,Maharashtra,India,318943.0,West,Zone B
CUST94536,Prime Nursing Home,Retail,Not Available,Bangalore,Karnataka,India,178589.0,East,Zone C
CUST99390,Metro Healthcare,Pharmacy,Not Available,Hyderabad,Telangana,India,544054.0,South,Zone D
CUST00692,Om Medical Store,Wholesaler,Not Available,Jaipur,Rajasthan,India,194192.0,South,Zone D
CUST93063,Metro Pharmacy,Hospital,Metro Pharmacy,Lucknow,Uttar Pradesh,India,623434.0,North,Zone B
CUST02697,Om Clinic,Pharmacy,Not Available,Bhopal,Madhya Pradesh,India,140788.0,West,Zone C
CUST02782,Om Clinic,Retail,Not Available,Mumbai,Maharashtra,India,325752.0,South,Zone D
CUST03767,Green Nursing Home,Pharmacy,Not Available,Bhopal,Madhya Pradesh,India,568738.0,North,Zone B
CUST00880,Sunrise Drug House,Clinic,Not Available,Surat,Gujarat,India,547242.0,North,Zone C
CUST03885,Sunrise Pharmacy,Pharmacy,Not Available,Jaipur,Rajasthan,India,117906.0,East,Zone A
CUST01945,Apex Medical Store,Pharmacy,Not Available,Ahmedabad,Gujarat,India,602756.0,West,Zone C
CUST99426,Green Drug House,Clinic,Not Available,Other,Telangana,India,674491.0,West,Zone C
CUST02314,Om Drug House,Hospital,Om Drug House,Lucknow,Uttar Pradesh,INDIA,614148.0,West,Zone D
CUST03466,National Medical Store,Pharmacy,Not Available,Lucknow,,India,,North,Zone D
CUST02372,Care Healthcare,Pharmacy,Not Available,Hyderabad,Telangana,India,223285.0,West,Zone C
CUST97502,Metro Healthcare,Hospital,Metro Healthcare,Lucknow,Uttar Pradesh,India,727727.0,West,Zone A
CUST02707,Sunrise Clinic,Hospital,Sunrise Clinic,Kolkata,West Bengal,India,723497.0,East,Zone B
CUST03410,Care Hospital,Pharmacy,Not Available,Other,Telangana,India,413976.0,West,Zone C
CUST02230,Sunrise Clinic,Retail,Not Available,Mumbai,Maharashtra,India,549363.0,Central,Zone D
CUST03564,Wellness Clinic,Wholesaler,Not Available,Indore,,India,241854.0,Central,Zone C
CUST02545,Om Healthcare,Clinic,Not Available,Other,Madhya Pradesh,India,680693.0,North,Zone C
CUST03554,Shanti Healthcare,Retail,Not Available,Delhi,Delhi,India,,South,Zone C
CUST03590,Central Clinic,Pharmacy,Not Available,Kota,Rajasthan,INDIA,253925.0,South,Zone D
CUST02804,City Pharmacy,Hospital,City Pharmacy,Jodhpur,Rajasthan,India,751448.0,Central,Zone B
CUST01540,Shree Healthcare,Pharmacy,Not Available,Lucknow,Uttar Pradesh,India,282107.0,South,Zone A
CUST98473,Central Nursing Home,Retail,Not Available,Kolkata,West Bengal,India,334794.0,Central,Zone C
CUST02297,Wellness Clinic,Clinic,Not Available,Nagpur,Maharashtra,India,114490.0,East,Zone D
CUST01632,National Clinic,Hospital,National Clinic,Surat,Gujarat,India,698255.0,South,Zone C
CUST01737,Shanti Clinic,Clinic,Not Available,Nagpur,Maharashtra,India,393496.0,South,Zone A
CUST02730,Care Healthcare,Pharmacy,Not Available,Nagpur,Maharashtra,India,328279.0,Central,Zone A
CUST00551,National Nursing Home,Hospital,National Nursing Home,Bangalore,Karnataka,India,735311.0,West,Zone A
CUST01949,Wellness Hospital,Hospital,Wellness Hospital,Jodhpur,Rajasthan,India,773291.0,South,Zone D
CUST00183,Central Nursing Home,Clinic,Not Available,Hyderabad,Telangana,India,605011.0,East,Zone B
CUST00526,Om Hospital,Wholesaler,Not Available,Nagpur,Maharashtra,India,232128.0,South,Zone B
CUST01927,National Clinic,Wholesaler,Not Available,Kolkata,West Bengal,India,223040.0,South,Zone C
CUST02354,Shanti Hospital,Hospital,Shanti Hospital,Surat,Gujarat,India,603042.0,South,Zone C
CUST00265,Prime Nursing Home,Wholesaler,Not Available,Indore,,India,245950.0,West,Zone B
CUST01392,Rajdhani Nursing Home,Pharmacy,Not Available,Jaipur,Rajasthan,India,771230.0,South,Zone B
CUST00072,Unknown,Wholesaler,Not Available,Nagpur,Maharashtra,India,499021.0,Central,Zone B
CUST00415,City Healthcare,Hospital,City Healthcare,Udaipur,Rajasthan,India,284674.0,East,Zone D
CUST02311,Global Healthcare,Pharmacy,Not Available,Chennai,Tamil Nadu,India,619773.0,North,Zone C
CUST01863,Shanti Healthcare,Wholesaler,Not Available,Other,Madhya Pradesh,India,447051.0,West,Zone C
CUST01747,Prime Drug House,Retail,Not Available,Bhopal,Madhya Pradesh,India,656270.0,East,Zone C
CUST02419,Rajdhani Healthcare,Pharmacy,Not Available,Kota,Rajasthan,India,621264.0,West,Zone B
CUST91838,Om Drug House,Hospital,Om Drug House,Ahmedabad,Gujarat,India,170416.0,North,Zone C
CUST03275,Metro Hospital,Pharmacy,Not Available,Jodhpur,Rajasthan,India,615827.0,East,Zone D
CUST02829,National Nursing Home,Hospital,National Nursing Home,Indore,Madhya Pradesh,India,478602.0,East,Zone C
CUST03444,Sunrise Medical Store,Pharmacy,Not Available,Mumbai,Maharashtra,India,663427.0,East,Zone D
CUST02192,Shree Hospital,Pharmacy,Not Available,Ajmer,Rajasthan,India,720958.0,West,Zone A
CUST00482,Care Medical Store,Clinic,Not Available,Ajmer,Rajasthan,India,615906.0,Central,Zone D
CUST02860,Metro Clinic,Wholesaler,Not Available,Udaipur,Rajasthan,India,,South,Zone A
CUST96532,Global Nursing Home,Retail,Not Available,Udaipur,Rajasthan,India,272363.0,West,Zone C
CUST01853,Shanti Drug House,Hospital,Shanti Drug House,Bangalore,Karnataka,India,654151.0,Central,Zone D
CUST01653,Om Nursing Home,Retail,Not Available,Udaipur,Rajasthan,India,168181.0,Central,Zone A
CUST91102,Metro Healthcare,Clinic,Not Available,Indore,Madhya Pradesh,India,701278.0,Central,Zone D
CUST03958,Om Pharmacy,Pharmacy,Not Available,Kota,Rajasthan,India,,East,Zone B
CUST02034,Central Medical Store,Clinic,Not Available,Pune,Maharashtra,India,557583.0,Central,Zone D
CUST02329,Wellness Nursing Home,Pharmacy,Not Available,Ajmer,Rajasthan,India,574408.0,Central,Zone A
CUST01848,Care Pharmacy,Hospital,Care Pharmacy,Jaipur,Rajasthan,India,794789.0,East,Zone B
CUST00676,Rajdhani Clinic,Pharmacy,Not Available,Kota,Rajasthan,India,138445.0,South,Zone C
CUST03093,Global Nursing Home,Clinic,Not Available,Kolkata,West Bengal,India,320354.0,Central,Zone A
CUST00901,Green Medical Store,Pharmacy,Not Available,Kolkata,West Bengal,India,489400.0,South,Zone D
CUST01462,Sunrise Healthcare,Clinic,Not Available,Lucknow,Uttar Pradesh,India,235336.0,Central,Zone B
CUST02204,Apex Medical Store,Wholesaler,Not Available,Other,Telangana,India,,North,Zone C
CUST03646,Global Pharmacy,Pharmacy,Not Available,Udaipur,Rajasthan,India,319173.0,North,Zone C
CUST01923,Metro Medical Store,Pharmacy,Not Available,Jodhpur,Rajasthan,India,686718.0,East,Zone B
CUST02185,Apex Hospital,Wholesaler,Not Available,Hyderabad,Telangana,India,401817.0,East,Zone A
CUST01270,Metro Clinic,Retail,Not Available,Jodhpur,Rajasthan,India,641907.0,East,Zone A
CUST01081,Shree Drug House,Wholesaler,Not Available,Chennai,Tamil Nadu,India,418166.0,West,Zone A
CUST00666,Sunrise Nursing Home,Retail,Not Available,Indore,Madhya Pradesh,India,693078.0,North,Zone B
CUST00218,Global Pharmacy,Retail,Not Available,Kolkata,West Bengal,India,558322.0,North,Zone A
CUST03276,Rajdhani Hospital,Pharmacy,Not Available,Chennai,Tamil Nadu,India,653615.0,West,Zone C
CUST03866,Metro Hospital,Clinic,Not Available,Mumbai,Maharashtra,India,,Central,Zone C
CUST95782,Rajdhani Medical Store,Hospital,Rajdhani Medical Store,Chennai,Tamil Nadu,India,363076.0,South,Zone B
CUST91337,Global Nursing Home,Clinic,Not Available,Bangalore,Karnataka,India,352968.0,Central,Zone B
CUST01012,Green Clinic,Pharmacy,Not Available,Jaipur,Rajasthan,India,258883.0,Central,Zone D
CUST00812,Shree Clinic,Hospital,Shree Clinic,Kota,Rajasthan,India,,West,Zone D
CUST03295,Global Hospital,Wholesaler,Not Available,Indore,Madhya Pradesh,India,553344.0,Central,Zone C
CUST03997,Global Hospital,Hospital,Global Hospital,Ahmedabad,Gujarat,India,201786.0,North,Zone C
CUST00697,Apex Hospital,Pharmacy,Not Available,Surat,Gujarat,India,391016.0,West,Zone B
CUST03445,Rajdhani Clinic,Pharmacy,Not Available,Indore,Madhya Pradesh,India,259994.0,East,Zone B
CUST00214,Prime Medical Store,Clinic,Not Available,Hyderabad,Telangana,India,299118.0,Central,Zone C
CUST03243,Life Pharmacy,Wholesaler,Not Available,Other,Rajasthan,India,476365.0,East,Zone B
CUST03002,Apex Hospital,Pharmacy,Not Available,Udaipur,Rajasthan,India,141532.0,North,Zone A
CUST95506,Green Clinic,Pharmacy,Not Available,Bhopal,Madhya Pradesh,India,248306.0,Central,Zone C
CUST00958,Rajdhani Medical Store,Retail,Not Available,Hyderabad,Telangana,India,743790.0,Central,Zone C
CUST02506,Prime Clinic,Pharmacy,Not Available,Udaipur,Rajasthan,India,,South,Zone A
CUST00055,Shree Pharmacy,Pharmacy,Not Available,Indore,Madhya Pradesh,India,262806.0,South,Zone A
CUST03627,National Healthcare,Pharmacy,Not Available,Chennai,Tamil Nadu,India,704108.0,West,Zone C
CUST00049,Metro Drug House,Hospital,Metro Drug House,Ajmer,Rajasthan,India,580832.0,Central,Zone D
CUST03101,Sunrise Clinic,Wholesaler,Not Available,Other,Rajasthan,India,527362.0,North,Zone D
CUST00234,Om Medical Store,Retail,Not Available,Bangalore,Karnataka,India,148104.0,Central,Zone C
CUST02977,Metro Healthcare,Hospital,Metro Healthcare,Lucknow,Uttar Pradesh,India,499308.0,South,Zone A
CUST03252,Sunrise Healthcare,Pharmacy,Not Available,Kota,Rajasthan,India,324391.0,West,Zone B
CUST00329,Central Clinic,Pharmacy,Not Available,Lucknow,Uttar Pradesh,India,375195.0,South,Zone C
CUST01684,Rajdhani Hospital,Wholesaler,Not Available,Nagpur,Maharashtra,India,450886.0,South,Zone D
CUST91912,Care Healthcare,Pharmacy,Not Available,Bangalore,Karnataka,India,217396.0,East,Zone A
CUST02713,Central Healthcare,Pharmacy,Not Available,Mumbai,Maharashtra,India,326892.0,West,Zone A
CUST03737,National Healthcare,Clinic,Not Available,Pune,Maharashtra,India,640647.0,West,Zone A
CUST03338,City Healthcare,Clinic,Not Available,Jodhpur,Rajasthan,India,170887.0,West,Zone C
CUST90159,Global Hospital,Pharmacy,Not Available,Jaipur,Rajasthan,India,549625.0,Central,Zone B
CUST03644,Rajdhani Clinic,Hospital,Rajdhani Clinic,Surat,Gujarat,India,590687.0,North,Zone B
CUST00429,Rajdhani Clinic,Hospital,Rajdhani Clinic,Kota,Rajasthan,India,636526.0,North,Zone A
CUST91310,Prime Medical Store,Pharmacy,Not Available,Surat,Gujarat,India,294121.0,Central,Zone D
CUST01487,Rajdhani Drug House,Hospital,Rajdhani Drug House,Kota,Rajasthan,India,665127.0,Central,Zone C
CUST02812,Apex Drug House,Hospital,Apex Drug House,Hyderabad,Telangana,India,615622.0,Central,Zone D
CUST00311,City Medical Store,Pharmacy,Not Available,Kota,Rajasthan,India,135321.0,East,Zone D
CUST02105,Metro Drug House,Hospital,Metro Drug House,Bhopal,Madhya Pradesh,India,467931.0,North,Zone C
CUST94968,Green Clinic,Pharmacy,Not Available,Bangalore,Karnataka,India,492229.0,West,Zone A
CUST02346,Care Pharmacy,Clinic,Not Available,Bhopal,Madhya Pradesh,India,680096.0,West,Zone C
CUST03412,National Healthcare,Pharmacy,Not Available,Bangalore,Karnataka,India,270847.0,Central,Zone C
CUST02040,Shanti Clinic,Wholesaler,Not Available,Chennai,Tamil Nadu,India,716352.0,South,Zone B
CUST03072,Central Hospital,Pharmacy,Not Available,Ajmer,Rajasthan,India,266785.0,East,Zone B
CUST01493,Shanti Clinic,Pharmacy,Not Available,Ahmedabad,Gujarat,India,759074.0,East,Zone C
CUST03709,City Drug House,Clinic,Not Available,Mumbai,Maharashtra,India,,North,Zone C
CUST03507,Shree Drug House,Pharmacy,Not Available,Lucknow,Uttar Pradesh,India,750764.0,North,Zone A
CUST01675,Care Nursing Home,Hospital,Not Available,Hyderabad,Telangana,India,245945.0,South,Zone A
CUST01764,Shanti Nursing Home,Pharmacy,Not Available,Other,Gujarat,India,256059.0,West,Zone C
CUST00850,Prime Clinic,Pharmacy,Not Available,Delhi,Delhi,India,152895.0,Central,Zone C
CUST03802,Prime Hospital,Wholesaler,Not Available,Bangalore,Karnataka,India,484565.0,East,Zone D
CUST96379,Green Pharmacy,Pharmacy,Not Available,Bhopal,Madhya Pradesh,India,314460.0,East,Zone B
CUST93756,Prime Nursing Home,Pharmacy,Not Available,Hyderabad,Telangana,India,378486.0,West,Zone B
CUST02928,Unknown,Hospital,Om Drug House,Kota,Rajasthan,India,,Central,Zone A
CUST96802,Rajdhani Medical Store,Pharmacy,Not Available,Jodhpur,Rajasthan,India,175469.0,East,Zone A
CUST03344,Shanti Hospital,Hospital,Shanti Hospital,Ajmer,Rajasthan,India,635957.0,West,Zone B
CUST93525,Shree Clinic,Pharmacy,Not Available,Surat,Gujarat,India,497309.0,West,Zone C
CUST00376,City Clinic,Pharmacy,Not Available,Surat,Gujarat,India,,East,Zone D
CUST01865,Shanti Healthcare,Hospital,Shanti Healthcare,Kota,Rajasthan,India,657281.0,East,Zone B
CUST03926,Global Nursing Home,Wholesaler,Not Available,Surat,Gujarat,India,765029.0,South,Zone C
CUST03260,Sunrise Medical Store,Pharmacy,Not Available,Chennai,Tamil Nadu,India,696783.0,South,Zone C
CUST01659,Wellness Pharmacy,Pharmacy,Not Available,Other,Rajasthan,India,445476.0,West,Zone B
CUST03547,Green Medical Store,Wholesaler,Not Available,Jodhpur,Rajasthan,India,639811.0,West,Zone A
CUST00241,Om Hospital,Wholesaler,Not Available,Udaipur,Rajasthan,India,150797.0,Central,Zone D
CUST00743,Wellness Hospital,Clinic,Not Available,Ajmer,Rajasthan,India,530828.0,East,Zone A
CUST03542,Prime Hospital,Pharmacy,Not Available,Pune,Maharashtra,India,,East,Zone B
CUST00679,Unknown,Pharmacy,Not Available,Indore,Madhya Pradesh,India,382421.0,East,Zone C
CUST00750,Life Hospital,Retail,Not Available,Kolkata,West Bengal,India,,West,Zone C
CUST02589,Om Hospital,Hospital,Om Hospital,Surat,,India,792335.0,South,Zone B
CUST01990,Shree Drug House,Hospital,Shree Drug House,Chennai,Tamil Nadu,India,227932.0,Central,Zone C
CUST98734,Apex Hospital,Clinic,Not Available,Mumbai,Maharashtra,India,405722.0,South,Zone B
CUST98470,Shree Drug House,Pharmacy,Not Available,Bhopal,Madhya Pradesh,India,781425.0,Central,Zone D
CUST92675,Rajdhani Healthcare,Wholesaler,Not Available,Indore,Madhya Pradesh,India,,South,Zone B
CUST00397,Unknown,Hospital,Shree Medical Store,Bangalore,Karnataka,India,354535.0,West,Zone C
CUST90051,Apex Medical Store,Pharmacy,Not Available,Bhopal,Madhya Pradesh,India,126206.0,West,Zone D
CUST01333,Global Nursing Home,Pharmacy,Not Available,Kota,Rajasthan,India,300680.0,North,Zone C
CUST00814,Shanti Medical Store,Hospital,Shanti Medical Store,Ajmer,Rajasthan,India,413697.0,West,Zone B
CUST03138,National Hospital,Clinic,Not Available,Other,Tamil Nadu,India,389960.0,South,Zone C
CUST03349,Life Nursing Home,Clinic,Not Available,Hyderabad,Telangana,India,132168.0,South,Zone C
CUST03120,National Clinic,Hospital,Not Available,Bhopal,Madhya Pradesh,India,686174.0,Central,Zone D
CUST96049,Central Hospital,Clinic,Not Available,Mumbai,Maharashtra,India,799842.0,North,Zone A
CUST91127,Shanti Hospital,Wholesaler,Not Available,Other,Rajasthan,India,617531.0,East,Zone D
CUST03015,City Clinic,Hospital,City Clinic,Lucknow,Uttar Pradesh,India,118088.0,South,Zone D
CUST01404,Prime Medical Store,Pharmacy,Not Available,Bangalore,Karnataka,India,254520.0,South,Zone B
CUST00869,Shree Healthcare,Pharmacy,Not Available,Mumbai,Maharashtra,India,777271.0,South,Zone B
CUST00515,City Medical Store,Wholesaler,Not Available,Indore,Madhya Pradesh,India,789930.0,Central,Zone A
CUST00431,Om Medical Store,Hospital,Om Medical Store,Nagpur,Maharashtra,India,144579.0,East,Zone B
CUST01051,Unknown,Hospital,Sunrise Medical Store,Surat,Gujarat,India,582409.0,West,Zone B
CUST01833,National Medical Store,Wholesaler,Not Available,Chennai,Tamil Nadu,India,668309.0,Central,Zone A
CUST03259,Shree Nursing Home,Hospital,Shree Nursing Home,Bhopal,Madhya Pradesh,India,619234.0,South,Zone C
CUST03677,Unknown,Pharmacy,Not Available,Nagpur,Maharashtra,India,415933.0,Central,Zone A
CUST01273,Metro Pharmacy,Retail,Not Available,Pune,Maharashtra,India,522969.0,Central,Zone C
CUST03829,Wellness Medical Store,Hospital,Wellness Medical Store,Kolkata,West Bengal,India,142176.0,Central,Zone D
CUST01964,Sunrise Hospital,Hospital,Not Available,Hyderabad,Telangana,India,274806.0,West,Zone A
CUST02969,Prime Pharmacy,Pharmacy,Not Available,Ahmedabad,Gujarat,India,689385.0,Central,Zone C
CUST03850,Wellness Hospital,Retail,Not Available,Bangalore,Karnataka,India,721268.0,Central,Zone A
CUST02865,Shanti Medical Store,Clinic,Not Available,Other,Tamil Nadu,India,709973.0,West,Zone D
CUST02370,Life Clinic,Pharmacy,Not Available,Nagpur,Maharashtra,India,379344.0,North,Zone A
CUST97143,Metro Clinic,Hospital,Metro Clinic,Nagpur,Maharashtra,India,639080.0,West,Zone B
CUST03805,Apex Healthcare,Hospital,Apex Healthcare,Bangalore,Karnataka,India,290604.0,South,Zone B
CUST00509,Green Clinic,Wholesaler,Not Available,Nagpur,Maharashtra,India,677960.0,East,Zone A
CUST02534,Green Hospital,Pharmacy,Not Available,Indore,Madhya Pradesh,India,285609.0,Central,Zone A
CUST95732,Life Drug House,Wholesaler,Not Available,Hyderabad,Telangana,India,,South,Zone D
CUST01887,Wellness Medical Store,Retail,Not Available,Other,Rajasthan,India,582073.0,North,Zone B
CUST02339,Central Medical Store,Pharmacy,Not Available,Other,Uttar Pradesh,India,265545.0,South,Zone D
CUST00708,Sunrise Healthcare,Pharmacy,Not Available,Udaipur,Rajasthan,India,310139.0,West,Zone C
CUST92394,Prime Healthcare,Hospital,Prime Healthcare,Mumbai,Maharashtra,India,718608.0,Central,Zone B
CUST98591,Sunrise Medical Store,Pharmacy,Not Available,Ajmer,Rajasthan,India,211157.0,South,Zone C
CUST97219,Prime Clinic,Wholesaler,Not Available,Jaipur,Rajasthan,India,236141.0,West,Zone A
CUST03453,Om Hospital,Hospital,Om Hospital,Bangalore,Karnataka,India,786705.0,West,Zone C
CUST01674,Green Pharmacy,Wholesaler,Not Available,Kolkata,West Bengal,India,697995.0,Central,Zone A
CUST03217,City Pharmacy,Pharmacy,Not Available,Surat,Gujarat,India,558774.0,West,Zone C
CUST96351,Green Pharmacy,Pharmacy,Not Available,Kota,Rajasthan,India,689666.0,North,Zone C
CUST02938,City Medical Store,Hospital,City Medical Store,Lucknow,Uttar Pradesh,India,608332.0,North,Zone B
CUST98928,Rajdhani Pharmacy,Wholesaler,Not Available,Mumbai,Maharashtra,India,162631.0,West,Zone B
CUST01873,Prime Hospital,Pharmacy,Not Available,Ahmedabad,Gujarat,India,393553.0,East,Zone C
CUST01381,Central Drug House,Retail,Not Available,Kolkata,West Bengal,India,144374.0,East,Zone D
CUST01025,National Healthcare,Hospital,National Healthcare,Surat,Gujarat,India,137117.0,Central,Zone D
CUST00033,Wellness Hospital,Hospital,Not Available,Lucknow,Tamil Nadu,India,,West,Zone A
CUST03304,Apex Drug House,Pharmacy,Not Available,Kota,Rajasthan,India,208329.0,Central,Zone A
CUST98318,Life Healthcare,Pharmacy,Not Available,Hyderabad,Telangana,India,,North,Zone A
CUST97526,Unknown,Pharmacy,Not Available,Chennai,Tamil Nadu,India,735492.0,North,Zone C
CUST00969,Shanti Clinic,Hospital,Shanti Clinic,Kolkata,Rajasthan,India,148785.0,East,Zone B
CUST01210,Green Clinic,Pharmacy,Not Available,Udaipur,Rajasthan,India,388471.0,North,Zone A
CUST02348,Care Hospital,Pharmacy,Not Available,Ahmedabad,Gujarat,India,,North,Zone B
CUST00864,Shanti Healthcare,Hospital,Shanti Healthcare,Pune,Maharashtra,India,295599.0,West,Zone C
CUST00487,Metro Pharmacy,Clinic,Not Available,Chennai,Tamil Nadu,India,678267.0,South,Zone C
CUST92152,Life Nursing Home,Retail,Not Available,Other,Gujarat,India,615056.0,North,Zone B
CUST00090,Metro Pharmacy,Hospital,Metro Pharmacy,Hyderabad,Telangana,India,579821.0,North,Zone D
CUST95187,City Pharmacy,Pharmacy,Not Available,Hyderabad,Telangana,India,720353.0,East,Zone B
CUST01295,Green Clinic,Clinic,Not Available,Chennai,Tamil Nadu,India,489761.0,East,Zone D
CUST01456,Rajdhani Medical Store,Hospital,Rajdhani Medical Store,Bhopal,,India,357344.0,East,Zone A
CUST03462,Sunrise Nursing Home,Wholesaler,Not Available,Mumbai,Maharashtra,India,445087.0,South,Zone D
CUST90687,Apex Medical Store,Clinic,Not Available,Jaipur,Rajasthan,India,611347.0,South,Zone A
CUST00490,Shree Drug House,Hospital,Shree Drug House,Other,Maharashtra,India,225627.0,North,Zone A
CUST00844,Green Healthcare,Clinic,Not Available,Indore,Madhya Pradesh,India,247873.0,South,Zone D
CUST00557,Prime Healthcare,Wholesaler,Not Available,Mumbai,Maharashtra,India,218186.0,Central,Zone A
CUST92631,National Hospital,Wholesaler,Not Available,Hyderabad,Telangana,India,531912.0,West,Zone B
CUST97310,Global Nursing Home,Clinic,Not Available,Ahmedabad,Gujarat,India,276314.0,East,Zone D
CUST01654,Green Clinic,Pharmacy,Not Available,Bhopal,Madhya Pradesh,India,115772.0,South,Zone B
CUST02582,Rajdhani Drug House,Pharmacy,Not Available,Ajmer,Rajasthan,India,142118.0,Central,Zone A
CUST00505,Wellness Healthcare,Hospital,Wellness Healthcare,Other,Gujarat,India,387219.0,East,Zone D
CUST00371,Prime Drug House,Wholesaler,Not Available,Other,Maharashtra,India,434993.0,West,Zone D
CUST01810,Rajdhani Drug House,Pharmacy,Not Available,Udaipur,Rajasthan,India,329736.0,East,Zone C
CUST01118,Global Drug House,Hospital,Global Drug House,Hyderabad,Telangana,India,422010.0,East,Zone D
CUST02726,National Medical Store,Pharmacy,Not Available,Kolkata,West Bengal,India,659575.0,North,Zone D
CUST00832,Om Healthcare,Pharmacy,Not Available,Lucknow,Uttar Pradesh,India,463529.0,South,Zone A
CUST02208,Care Drug House,Pharmacy,Not Available,Hyderabad,Telangana,India,619124.0,South,Zone A
CUST00340,Central Drug House,Hospital,Central Drug House,Delhi,Delhi,India,512875.0,North,Zone D
CUST02210,Global Drug House,Retail,Not Available,Delhi,Delhi,India,363075.0,South,Zone D
CUST00975,Sunrise Hospital,Pharmacy,Not Available,Ajmer,Rajasthan,India,,North,Zone B
CUST90302,Apex Medical Store,Clinic,Not Available,Hyderabad,Telangana,India,215712.0,South,Zone A
CUST97257,Shree Nursing Home,Pharmacy,Not Available,Jodhpur,Rajasthan,India,171069.0,South,Zone D
CUST03690,Wellness Clinic,Clinic,Not Available,Kolkata,West Bengal,India,464346.0,East,Zone C
CUST03065,Life Drug House,Clinic,Not Available,Bangalore,Karnataka,India,206301.0,North,Zone D
CUST91575,Shree Clinic,Wholesaler,Not Available,Other,Tamil Nadu,India,309169.0,South,Zone C
CUST01530,National Medical Store,Pharmacy,Not Available,Hyderabad,Telangana,India,250020.0,Central,Zone A
CUST95064,Green Pharmacy,Hospital,Green Pharmacy,Nagpur,Maharashtra,India,170496.0,East,Zone A
CUST01938,Care Nursing Home,Pharmacy,Not Available,Indore,West Bengal,India,123628.0,Central,Zone C
CUST02391,Metro Pharmacy,Pharmacy,Not Available,Jodhpur,Rajasthan,India,525617.0,South,Zone A
CUST97361,Shanti Clinic,Pharmacy,Not Available,Other,Rajasthan,India,,Central,Zone D
CUST95077,Prime Nursing Home,Pharmacy,Not Available,Udaipur,Rajasthan,India,552862.0,Central,Zone C
CUST90663,Central Nursing Home,Pharmacy,Not Available,Bhopal,Madhya Pradesh,India,277100.0,East,Zone B
CUST99155,Shanti Healthcare,Pharmacy,Not Available,Chennai,Tamil Nadu,India,121295.0,Central,Zone C
CUST03551,Apex Hospital,Pharmacy,Not Available,Bangalore,Karnataka,India,349107.0,South,Zone D
CUST93897,Wellness Hospital,Wholesaler,Not Available,Delhi,Delhi,India,777562.0,North,Zone D
CUST03376,Care Clinic,Clinic,Not Available,Kolkata,West Bengal,India,728831.0,West,Zone A
CUST03955,Metro Pharmacy,Retail,Not Available,Pune,Maharashtra,India,683218.0,South,Zone D
CUST00773,Apex Clinic,Hospital,Apex Clinic,Pune,Maharashtra,India,495224.0,West,Zone B
CUST02364,Central Drug House,Pharmacy,Not Available,Kota,Rajasthan,India,736431.0,South,Zone D
CUST01327,Om Medical Store,Pharmacy,Not Available,Ajmer,Rajasthan,India,472682.0,West,Zone A
CUST03664,Life Healthcare,Pharmacy,Not Available,Bhopal,,India,683227.0,East,Zone D
CUST00792,Global Clinic,Hospital,Global Clinic,Jodhpur,Rajasthan,India,117330.0,South,Zone B
CUST03437,Shree Clinic,Wholesaler,Not Available,Jaipur,Rajasthan,India,663905.0,West,Zone A
CUST03374,Global Drug House,Pharmacy,Not Available,Hyderabad,Telangana,India,495692.0,North,Zone C
CUST01377,Om Nursing Home,Wholesaler,Not Available,Bhopal,Madhya Pradesh,India,471751.0,Central,Zone B
CUST01583,Care Medical Store,Clinic,Not Available,Jaipur,Rajasthan,India,698081.0,North,Zone B
CUST99447,Global Medical Store,Clinic,Not Available,Kolkata,West Bengal,India,345850.0,South,Zone D
CUST01086,Life Healthcare,Wholesaler,Not Available,Udaipur,Rajasthan,India,714525.0,North,Zone A
CUST01881,Green Drug House,Hospital,Green Drug House,Indore,Madhya Pradesh,India,703915.0,Central,Zone A
CUST01387,Central Healthcare,Pharmacy,Not Available,Lucknow,Uttar Pradesh,India,354280.0,East,Zone C
CUST03738,Wellness Hospital,Clinic,Not Available,Kolkata,West Bengal,India,439812.0,West,Zone A
CUST97456,Global Medical Store,Hospital,Global Medical Store,Lucknow,Uttar Pradesh,India,773567.0,East,Zone D
CUST90343,Care Drug House,Retail,Not Available,Kota,Rajasthan,India,253638.0,South,Zone B
CUST02759,National Healthcare,Clinic,Not Available,Other,Rajasthan,India,443193.0,Central,Zone C
CUST00827,Apex Medical Store,Wholesaler,Not Available,Chennai,Tamil Nadu,India,741823.0,Central,Zone A
CUST96611,Care Medical Store,Hospital,Care Medical Store,Chennai,Tamil Nadu,India,481632.0,North,Zone B
CUST02792,Apex Pharmacy,Wholesaler,Not Available,Bangalore,Karnataka,India,587182.0,West,Zone D
CUST91010,Life Medical Store,Hospital,Life Medical Store,Nagpur,Maharashtra,India,759358.0,South,Zone B
CUST99716,City Nursing Home,Wholesaler,Not Available,Mumbai,Maharashtra,India,654722.0,South,Zone C
CUST98417,Green Clinic,Wholesaler,Not Available,Kolkata,West Bengal,India,323051.0,South,Zone A
CUST02990,Om Clinic,Pharmacy,Not Available,Kota,Rajasthan,India,,West,Zone A
CUST03729,Metro Medical Store,Pharmacy,Not Available,Jaipur,Rajasthan,India,247553.0,South,Zone D
CUST91167,Wellness Pharmacy,Pharmacy,Not Available,Surat,Gujarat,India,503342.0,West,Zone A
CUST03169,Om Drug House,Pharmacy,Not Available,Mumbai,,India,257787.0,West,Zone C
CUST92981,Metro Drug House,Clinic,Not Available,Hyderabad,Telangana,India,656466.0,East,Zone D
CUST97851,City Hospital,Wholesaler,Not Available,Ajmer,Rajasthan,India,768744.0,Central,Zone D
CUST02989,Apex Hospital,Pharmacy,Not Available,Surat,Gujarat,India,,West,Zone B
CUST95470,Apex Medical Store,Hospital,Apex Medical Store,Bhopal,Madhya Pradesh,India,333900.0,Central,Zone A
CUST03231,Shanti Clinic,Wholesaler,Not Available,Lucknow,Uttar Pradesh,India,431826.0,North,Zone B
CUST03137,Shree Medical Store,Pharmacy,Not Available,Delhi,Delhi,India,343283.0,Central,Zone B
CUST02801,Sunrise Medical Store,Pharmacy,Not Available,Hyderabad,Telangana,India,386810.0,South,Zone C
CUST95786,Prime Nursing Home,Pharmacy,Not Available,Indore,Madhya Pradesh,India,675318.0,South,Zone D
CUST01115,Life Clinic,Wholesaler,Not Available,Surat,Gujarat,India,429082.0,East,Zone A
CUST02498,City Healthcare,Pharmacy,Not Available,Other,Gujarat,India,198900.0,West,Zone A
CUST97651,Rajdhani Nursing Home,Pharmacy,Not Available,Nagpur,Maharashtra,India,242651.0,West,Zone A
CUST00860,Central Drug House,Clinic,Not Available,Hyderabad,Telangana,India,467741.0,South,Zone A
CUST94661,Sunrise Hospital,Clinic,Not Available,Pune,Maharashtra,India,384924.0,North,Zone B
CUST00162,Care Clinic,Wholesaler,Not Available,Pune,Maharashtra,India,,West,Zone B
CUST02596,Metro Drug House,Hospital,Metro Drug House,Bangalore,Karnataka,India,678734.0,North,Zone B
CUST03430,Rajdhani Clinic,Hospital,Rajdhani Clinic,Kota,Rajasthan,India,216652.0,North,Zone C
CUST92662,National Nursing Home,Hospital,National Nursing Home,Kota,Rajasthan,India,370141.0,South,Zone C
CUST91731,Central Drug House,Hospital,Central Drug House,Bangalore,Karnataka,India,157912.0,South,Zone D
CUST97426,Care Healthcare,Pharmacy,Not Available,Lucknow,Uttar Pradesh,India,132275.0,East,Zone B
CUST03366,Shree Drug House,Hospital,Shree Drug House,Pune,Maharashtra,India,330120.0,East,Zone B
CUST98602,Prime Drug House,Hospital,Prime Drug House,Indore,Madhya Pradesh,India,723377.0,West,Zone A
CUST02462,Central Hospital,Clinic,Not Available,Other,Gujarat,India,153611.0,North,Zone C
CUST93350,Prime Hospital,Clinic,Not Available,Jaipur,Rajasthan,India,433322.0,West,Zone C
CUST02618,City Medical Store,Wholesaler,Not Available,Other,West Bengal,India,294730.0,West,Zone A
CUST00333,Apex Clinic,Pharmacy,Not Available,Nagpur,Maharashtra,India,364244.0,Central,Zone B
CUST99038,Prime Healthcare,Hospital,Prime Healthcare,Bhopal,Madhya Pradesh,India,188030.0,East,Zone B
CUST01214,Prime Nursing Home,Clinic,Not Available,Hyderabad,Telangana,India,500839.0,Central,Zone B
CUST93049,Shree Hospital,Hospital,Shree Hospital,Ahmedabad,Gujarat,India,411894.0,East,Zone C
CUST97196,Unknown,Clinic,Not Available,Other,Telangana,India,414058.0,East,Zone B
CUST90154,Central Clinic,Hospital,Central Clinic,Indore,Madhya Pradesh,India,655246.0,South,Zone C
CUST94060,Om Medical Store,Clinic,Not Available,Chennai,Tamil Nadu,India,131746.0,North,Zone D
CUST03403,City Medical Store,Wholesaler,Not Available,Jodhpur,Rajasthan,India,398828.0,South,Zone D
CUST90675,Om Medical Store,Pharmacy,Not Available,Mumbai,Maharashtra,India,509346.0,East,Zone D
CUST93744,Rajdhani Nursing Home,Clinic,Not Available,Ajmer,Rajasthan,India,242418.0,North,Zone D
CUST01700,Rajdhani Hospital,Pharmacy,Not Available,Kolkata,West Bengal,India,220982.0,North,Zone B
CUST01119,Metro Nursing Home,Clinic,Not Available,Other,Madhya Pradesh,India,583371.0,East,Zone B
CUST03813,Care Pharmacy,Pharmacy,Not Available,Hyderabad,Telangana,India,260796.0,West,Zone D
CUST00027,Apex Healthcare,Clinic,Not Available,Jodhpur,Rajasthan,India,760723.0,South,Zone A
CUST93873,Apex Pharmacy,Hospital,Apex Pharmacy,Jaipur,Rajasthan,India,518677.0,East,Zone A
CUST91644,Prime Drug House,Hospital,Prime Drug House,Chennai,Tamil Nadu,India,297688.0,East,Zone D
CUST90962,Sunrise Hospital,Clinic,Not Available,Chennai,Tamil Nadu,India,140376.0,West,Zone B
CUST01389,Rajdhani Hospital,Hospital,Rajdhani Hospital,Surat,Gujarat,India,604150.0,South,Zone C
CUST96068,Life Clinic,Clinic,Not Available,Delhi,Delhi,India,445023.0,East,Zone D
CUST98446,Rajdhani Nursing Home,Wholesaler,Not Available,Jaipur,Rajasthan,India,523289.0,Central,Zone D
CUST94114,Life Pharmacy,Pharmacy,Not Available,Ahmedabad,Gujarat,India,536402.0,West,Zone C
CUST97203,Shanti Hospital,Pharmacy,Not Available,Other,Gujarat,India,344346.0,East,Zone D
CUST92077,Green Nursing Home,Hospital,Green Nursing Home,Other,Gujarat,India,354913.0,West,Zone B
CUST97573,National Hospital,Clinic,Not Available,Ajmer,Rajasthan,India,133080.0,West,Zone A
CUST97864,Life Pharmacy,Pharmacy,Not Available,Kota,,India,144276.0,East,Zone B
CUST92563,National Nursing Home,Pharmacy,Not Available,Hyderabad,West Bengal,India,284655.0,Central,Zone A
CUST95268,Shanti Drug House,Clinic,Not Available,Kolkata,West Bengal,India,441203.0,North,Zone D
CUST02352,Metro Drug House,Clinic,Not Available,Delhi,Delhi,India,,Central,Zone A
CUST94394,Care Drug House,Pharmacy,Not Available,Kolkata,West Bengal,India,495261.0,South,Zone A
CUST97576,Green Healthcare,Clinic,Not Available,Pune,Maharashtra,India,176324.0,East,Zone D
CUST03509,Central Pharmacy,Pharmacy,Not Available,Kota,,India,328713.0,East,Zone C
CUST94248,Sunrise Nursing Home,Pharmacy,Not Available,Delhi,Delhi,India,784375.0,East,Zone B
CUST98843,Om Clinic,Pharmacy,Not Available,Delhi,Delhi,India,240105.0,East,Zone C
CUST98238,Wellness Pharmacy,Hospital,Wellness Pharmacy,Nagpur,Maharashtra,India,322569.0,South,Zone A
CUST99226,Central Drug House,Pharmacy,Not Available,Udaipur,Rajasthan,India,159973.0,West,Zone D
CUST01489,Om Hospital,Pharmacy,Not Available,Pune,Maharashtra,India,766671.0,North,Zone B
CUST97267,Wellness Pharmacy,Retail,Not Available,Other,Rajasthan,India,211853.0,Central,Zone D
CUST96592,National Healthcare,Pharmacy,Not Available,Ajmer,Rajasthan,India,279705.0,East,Zone C
CUST90022,Om Healthcare,Clinic,Not Available,Kolkata,West Bengal,India,301570.0,Central,Zone B
CUST96841,Wellness Hospital,Hospital,Wellness Hospital,Chennai,Tamil Nadu,India,624648.0,South,Zone B
CUST97076,Prime Clinic,Pharmacy,Not Available,Pune,Maharashtra,India,562042.0,North,Zone B
CUST02438,Life Clinic,Hospital,Life Clinic,Other,Rajasthan,India,140968.0,South,Zone C
CUST03600,Life Clinic,Hospital,Life Clinic,Jaipur,Rajasthan,India,200607.0,Central,Zone C
CUST90266,Life Hospital,Pharmacy,Not Available,Bhopal,Madhya Pradesh,India,209612.0,North,Zone B
CUST94557,Care Healthcare,Pharmacy,Not Available,Kota,Rajasthan,India,394546.0,Central,Zone C
CUST02988,Om Medical Store,Hospital,Om Medical Store,Bangalore,Karnataka,India,171477.0,North,Zone C
CUST96128,Life Drug House,Hospital,Life Drug House,Surat,Gujarat,India,653667.0,Central,Zone A
CUST95475,Prime Healthcare,Hospital,Prime Healthcare,Surat,Gujarat,IND,362414.0,East,Zone A
CUST98239,Life Hospital,Pharmacy,Not Available,Nagpur,Maharashtra,India,622634.0,South,Zone D
CUST98442,Wellness Nursing Home,Pharmacy,Not Available,Kolkata,West Bengal,India,374499.0,North,Zone A
CUST95674,City Hospital,Clinic,Not Available,Chennai,Tamil Nadu,India,308297.0,South,Zone A
CUST00852,Shree Pharmacy,Hospital,Shree Pharmacy,Other,Karnataka,India,704602.0,Central,Zone C
CUST95735,Shree Clinic,Clinic,Not Available,Hyderabad,Telangana,India,271928.0,East,Zone A
CUST02287,Om Drug House,Wholesaler,Not Available,Other,West Bengal,India,299026.0,Central,Zone C
CUST92028,Care Hospital,Pharmacy,Not Available,Mumbai,Maharashtra,India,657406.0,West,Zone A
CUST92810,Prime Drug House,Pharmacy,Not Available,Nagpur,Maharashtra,India,692979.0,West,Zone A
CUST94402,Unknown,Pharmacy,Not Available,Mumbai,Maharashtra,India,721912.0,East,Zone D
CUST96822,National Drug House,Pharmacy,Not Available,Surat,Gujarat,India,381528.0,East,Zone D
CUST03909,City Nursing Home,Pharmacy,Not Available,Kota,Rajasthan,Unknown,342950.0,Central,Zone B
CUST98739,Shree Healthcare,Pharmacy,Not Available,Chennai,Tamil Nadu,India,610603.0,Central,Zone B
CUST90592,Global Pharmacy,Hospital,Global Pharmacy,Indore,Madhya Pradesh,India,133505.0,East,Zone D
CUST95789,Green Drug House,Pharmacy,Not Available,Ajmer,Rajasthan,India,584275.0,Central,Zone B
CUST99478,Global Pharmacy,Clinic,Not Available,Bangalore,Karnataka,India,199357.0,East,Zone D
CUST98284,Central Healthcare,Wholesaler,Not Available,Lucknow,Uttar Pradesh,India,193158.0,West,Zone C
CUST92658,City Clinic,Pharmacy,Not Available,Other,Rajasthan,India,335608.0,North,Zone D
CUST93830,Prime Medical Store,Hospital,Prime Medical Store,Other,Maharashtra,India,204353.0,South,Zone A
CUST96106,Prime Pharmacy,Hospital,Prime Pharmacy,Kota,Rajasthan,India,202908.0,Central,Zone C
CUST95032,Metro Drug House,Wholesaler,Not Available,Bhopal,Madhya Pradesh,India,146038.0,South,Zone C
CUST93940,Shree Pharmacy,Clinic,Not Available,Other,Rajasthan,India,502401.0,East,Zone B
CUST94472,Apex Medical Store,Pharmacy,Not Available,Ajmer,Rajasthan,India,263378.0,North,Zone A
CUST91813,Care Medical Store,Retail,Not Available,Bhopal,Madhya Pradesh,India,163996.0,Central,Zone C
CUST94188,Shree Medical Store,Pharmacy,Not Available,Pune,Maharashtra,India,654655.0,North,Zone C
CUST96621,Om Medical Store,Pharmacy,Not Available,Kota,Rajasthan,India,,East,Zone A
CUST99701,Om Medical Store,Clinic,Not Available,Jaipur,Rajasthan,India,263226.0,East,Zone B
CUST99519,Green Medical Store,Wholesaler,Not Available,Lucknow,Uttar Pradesh,India,276094.0,West,Zone B
CUST99513,Metro Pharmacy,Retail,Not Available,Kota,Rajasthan,India,255489.0,North,Zone C
CUST98335,Metro Healthcare,Wholesaler,Not Available,Hyderabad,Telangana,India,421015.0,South,Zone C
CUST98988,City Pharmacy,Clinic,Not Available,Ahmedabad,Gujarat,India,668956.0,West,Zone C
CUST96797,Metro Hospital,Hospital,Metro Hospital,Kolkata,West Bengal,India,165831.0,Central,Zone A
CUST00714,Prime Drug House,Hospital,Prime Drug House,Surat,Gujarat,India,626596.0,West,Zone D
CUST99931,Sunrise Drug House,Retail,Not Available,Other,Maharashtra,India,362042.0,East,Zone B
CUST03285,Green Hospital,Clinic,Not Available,Kota,Rajasthan,India,,Central,Zone B
CUST94413,Shree Medical Store,Pharmacy,Not Available,Pune,Maharashtra,India,709175.0,North,Zone A
CUST01776,Shanti Clinic,Pharmacy,Not Available,Jodhpur,Rajasthan,India,381696.0,South,Zone C
CUST94456,National Healthcare,Pharmacy,Not Available,Chennai,Tamil Nadu,India,620904.0,South,Zone A
CUST00335,Metro Medical Store,Pharmacy,Not Available,Chennai,Tamil Nadu,India,401484.0,South,Zone A
CUST98418,Unknown,Pharmacy,Not Available,Other,Rajasthan,India,670239.0,North,Zone C
CUST99414,Om Healthcare,Pharmacy,Not Available,Delhi,Delhi,India,500067.0,East,Zone A
CUST92783,Care Pharmacy,Clinic,Not Available,Other,Rajasthan,India,520425.0,West,Zone B
CUST93099,Apex Medical Store,Pharmacy,Not Available,Ajmer,Rajasthan,India,526008.0,West,Zone D
CUST96646,Rajdhani Healthcare,Pharmacy,Not Available,Bangalore,Karnataka,India,642441.0,West,Zone B
CUST99954,Prime Medical Store,Pharmacy,Not Available,Bangalore,Karnataka,India,204735.0,South,Zone C
CUST02247,Global Clinic,Pharmacy,Not Available,Other,Gujarat,India,191592.0,East,Zone B
CUST02158,Metro Nursing Home,Pharmacy,Not Available,Indore,Madhya Pradesh,India,,North,Zone A
CUST92221,National Drug House,Hospital,National Drug House,Udaipur,Rajasthan,India,476802.0,South,Zone D
CUST97054,Shree Drug House,Clinic,Not Available,Ahmedabad,Gujarat,India,623480.0,West,Zone B
CUST95615,Metro Pharmacy,Hospital,Metro Pharmacy,Indore,Madhya Pradesh,India,316726.0,North,Zone B
CUST98142,Green Pharmacy,Retail,Not Available,Kolkata,West Bengal,India,166036.0,East,Zone D
CUST90506,Unknown,Hospital,Life Hospital,Lucknow,Uttar Pradesh,India,209076.0,South,Zone A
CUST92444,Sunrise Nursing Home,Clinic,Not Available,Surat,Gujarat,INDIA,116349.0,Central,Zone A
CUST97106,Sunrise Drug House,Wholesaler,Not Available,Pune,Maharashtra,India,622886.0,North,Zone B
CUST96265,Wellness Nursing Home,Hospital,Wellness Nursing Home,Jodhpur,Rajasthan,India,641833.0,South,Zone C
CUST97494,Global Nursing Home,Pharmacy,Not Available,Jaipur,Rajasthan,India,235556.0,South,Zone A
CUST99966,Om Medical Store,Wholesaler,Not Available,Lucknow,Uttar Pradesh,India,394182.0,Central,Zone C
CUST94694,Metro Pharmacy,Pharmacy,Not Available,Chennai,Tamil Nadu,India,496296.0,West,Zone D
CUST95760,Global Clinic,Pharmacy,Not Available,Jaipur,Rajasthan,India,306787.0,Central,Zone B
CUST91923,Green Drug House,Pharmacy,Not Available,Ahmedabad,Gujarat,India,606202.0,East,Zone A
CUST96600,Metro Pharmacy,Retail,Not Available,Pune,Maharashtra,India,578003.0,West,Zone A
CUST99566,Metro Pharmacy,Pharmacy,Not Available,Chennai,Tamil Nadu,India,,South,Zone B
CUST91072,Shree Healthcare,Pharmacy,Not Available,Indore,Madhya Pradesh,India,530757.0,Central,Zone D
CUST99698,Metro Pharmacy,Hospital,Metro Pharmacy,Udaipur,Rajasthan,India,418537.0,Central,Zone D
CUST92306,Shree Drug House,Clinic,Not Available,Delhi,Delhi,India,747092.0,North,Zone B
CUST93947,Shree Medical Store,Clinic,Not Available,Surat,Gujarat,India,774482.0,East,Zone B
CUST99516,Shanti Medical Store,Pharmacy,Not Available,Lucknow,Uttar Pradesh,India,278295.0,Central,Zone D
CUST99136,Care Healthcare,Clinic,Not Available,Jaipur,Rajasthan,India,593651.0,Central,Zone B
CUST93743,Global Drug House,Hospital,Global Drug House,Ajmer,Rajasthan,India,708879.0,North,Zone C
CUST91316,Om Hospital,Retail,Not Available,Indore,Madhya Pradesh,India,622890.0,North,Zone C
CUST94444,Om Medical Store,Pharmacy,Not Available,Ajmer,Rajasthan,India,562910.0,North,Zone A
CUST01861,Prime Healthcare,Pharmacy,Not Available,Hyderabad,Telangana,India,250452.0,North,Zone D
CUST94024,Sunrise Clinic,Pharmacy,Not Available,Mumbai,Maharashtra,India,673562.0,North,Zone A
CUST94981,Om Healthcare,Pharmacy,Not Available,Surat,Gujarat,India,778700.0,East,Zone B
CUST96221,Wellness Drug House,Clinic,Not Available,Mumbai,Maharashtra,India,640067.0,Central,Zone C
CUST93400,Life Drug House,Hospital,Life Drug House,Nagpur,Maharashtra,India,585177.0,North,Zone B
CUST92005,Global Nursing Home,Clinic,Not Available,Other,Tamil Nadu,India,579129.0,West,Zone A
CUST95946,Metro Medical Store,Pharmacy,Not Available,Surat,Gujarat,India,293318.0,South,Zone C
CUST91306,Life Pharmacy,Retail,Not Available,Nagpur,Maharashtra,India,326693.0,South,Zone D
CUST98075,Shree Hospital,Wholesaler,Not Available,Kota,,India,633896.0,South,Zone C
CUST90466,Shree Nursing Home,Hospital,Shree Nursing Home,Other,Rajasthan,India,564074.0,West,Zone C
CUST97442,Prime Drug House,Clinic,Not Available,Delhi,Delhi,India,435000.0,South,Zone D
CUST96636,Shree Medical Store,Pharmacy,Not Available,Ajmer,Rajasthan,India,651904.0,West,Zone A
CUST93762,Central Healthcare,Wholesaler,Not Available,Ahmedabad,Gujarat,India,731594.0,Central,Zone C
CUST90881,Unknown,Clinic,Not Available,Indore,Madhya Pradesh,India,503434.0,Central,Zone D
CUST98104,Global Drug House,Pharmacy,Not Available,Jaipur,Rajasthan,India,558287.0,East,Zone A
CUST98733,Metro Drug House,Pharmacy,Not Available,Pune,Maharashtra,India,769936.0,East,Zone A
CUST91314,Prime Healthcare,Clinic,Not Available,Hyderabad,,India,183770.0,Central,Zone C
CUST99323,Apex Pharmacy,Pharmacy,Not Available,Ajmer,Rajasthan,India,497704.0,South,Zone D
CUST91148,Care Medical Store,Clinic,Not Available,Other,Gujarat,India,426665.0,North,Zone D
CUST91228,Life Nursing Home,Pharmacy,Not Available,Jaipur,Rajasthan,India,532750.0,North,Zone A
CUST90202,Shanti Nursing Home,Pharmacy,Not Available,Nagpur,Maharashtra,India,342734.0,South,Zone C
CUST91123,City Nursing Home,Retail,Not Available,Other,Rajasthan,India,437472.0,Central,Zone B
CUST90700,City Medical Store,Wholesaler,Not Available,Bhopal,Madhya Pradesh,India,315775.0,West,Zone A
CUST90405,Central Clinic,Retail,Not Available,Lucknow,Uttar Pradesh,India,702325.0,West,Zone B
CUST97002,Central Drug House,Retail,Not Available,Jaipur,Rajasthan,India,,East,Zone B
CUST98786,Shanti Medical Store,Pharmacy,Not Available,Ahmedabad,Gujarat,India,,West,Zone C
CUST01189,Life Hospital,Pharmacy,Not Available,Other,Rajasthan,India,734685.0,North,Zone B
CUST92668,Om Hospital,Pharmacy,Not Available,Bhopal,Madhya Pradesh,India,212197.0,South,Zone C
CUST94355,Metro Drug House,Pharmacy,Not Available,Delhi,Delhi,India,240066.0,East,Zone B
CUST94733,National Medical Store,Wholesaler,Not Available,Bangalore,Karnataka,India,160098.0,East,Zone A
CUST91463,Central Clinic,Pharmacy,Not Available,Surat,Gujarat,India,416161.0,West,Zone D
CUST95454,Sunrise Drug House,Pharmacy,Not Available,Other,Delhi,India,,West,Zone D
CUST94657,Prime Pharmacy,Pharmacy,Not Available,Other,Madhya Pradesh,India,626623.0,South,Zone B
CUST91977,Prime Hospital,Clinic,Not Available,Delhi,Delhi,India,636099.0,North,Zone D
CUST00785,Green Drug House,Hospital,Green Drug House,Surat,Gujarat,India,778871.0,East,Zone A
CUST98450,Om Clinic,Wholesaler,Not Available,Udaipur,Rajasthan,India,332667.0,Central,Zone B
CUST97609,Metro Drug House,Wholesaler,Not Available,Hyderabad,Telangana,India,746929.0,North,Zone C
CUST97937,Shanti Hospital,Hospital,Shanti Hospital,Ahmedabad,Gujarat,India,587989.0,East,Zone C
CUST93815,Life Drug House,Pharmacy,Not Available,Ajmer,Rajasthan,India,461085.0,Central,Zone B
CUST98255,Central Drug House,Hospital,Central Drug House,Jaipur,Rajasthan,India,394093.0,South,Zone B
CUST90879,National Nursing Home,Wholesaler,Not Available,Ajmer,Rajasthan,India,789732.0,Central,Zone A
CUST91601,Om Clinic,Wholesaler,Not Available,Surat,Gujarat,India,489830.0,North,Zone A
CUST01504,Global Medical Store,Wholesaler,Not Available,Indore,Madhya Pradesh,India,409085.0,West,Zone C
CUST94347,Life Drug House,Hospital,Life Drug House,Indore,Madhya Pradesh,India,618298.0,Central,Zone D
CUST94150,Prime Clinic,Clinic,Not Available,Kolkata,Karnataka,India,580605.0,Central,Zone B
CUST98304,Apex Hospital,Hospital,Not Available,Other,Uttar Pradesh,India,727214.0,South,Zone D
CUST90790,Metro Hospital,Pharmacy,Not Available,Hyderabad,Telangana,India,777568.0,East,Zone C
CUST93066,National Healthcare,Pharmacy,Not Available,Jaipur,Rajasthan,India,608174.0,East,Zone B
CUST92548,National Drug House,Clinic,Not Available,Kota,Rajasthan,India,300976.0,East,Zone B
CUST00465,Care Healthcare,Hospital,Care Healthcare,Bangalore,Karnataka,India,114854.0,North,Zone A
CUST90421,Global Pharmacy,Wholesaler,Not Available,Other,Karnataka,India,277861.0,Central,Zone A
CUST97973,Sunrise Healthcare,Pharmacy,Not Available,Nagpur,Maharashtra,India,421891.0,Central,Zone C
CUST90330,City Medical Store,Hospital,City Medical Store,Pune,Maharashtra,India,797623.0,South,Zone C
CUST93076,National Clinic,Hospital,National Clinic,Other,West Bengal,India,,North,Zone D
CUST95580,Metro Nursing Home,Hospital,Metro Nursing Home,Indore,Madhya Pradesh,India,,North,Zone D
CUST99320,Care Hospital,Pharmacy,Not Available,Udaipur,Rajasthan,India,347176.0,Central,Zone A
CUST92850,Shanti Clinic,Hospital,Shanti Clinic,Delhi,Delhi,India,331465.0,West,Zone B
CUST99622,Wellness Healthcare,Pharmacy,Not Available,Jodhpur,Rajasthan,India,636528.0,North,Zone C
CUST99990,Sunrise Hospital,Pharmacy,Not Available,Chennai,Tamil Nadu,India,440497.0,West,Zone A
CUST97542,National Healthcare,Hospital,National Healthcare,Lucknow,Uttar Pradesh,India,768250.0,North,Zone A
CUST90720,Rajdhani Healthcare,Wholesaler,Not Available,Hyderabad,Telangana,India,633657.0,East,Zone D
CUST96553,Rajdhani Nursing Home,Wholesaler,Not Available,Chennai,Tamil Nadu,India,719225.0,Central,Zone A
CUST91257,Sunrise Medical Store,Pharmacy,Not Available,Ajmer,Rajasthan,India,458335.0,South,Zone D
CUST95154,Rajdhani Healthcare,Pharmacy,Not Available,Kota,Rajasthan,India,120631.0,West,Zone D
CUST90295,Shree Drug House,Pharmacy,Not Available,Bhopal,Madhya Pradesh,India,798245.0,South,Zone D
CUST98151,Om Healthcare,Wholesaler,Not Available,Kolkata,West Bengal,India,673156.0,Central,Zone A
CUST98727,Metro Drug House,Wholesaler,Not Available,Delhi,Delhi,India,372494.0,West,Zone A
CUST92995,Shree Medical Store,Retail,Not Available,Lucknow,Uttar Pradesh,India,607093.0,South,Zone A
CUST90549,Sunrise Healthcare,Pharmacy,Not Available,Indore,Madhya Pradesh,India,784128.0,East,Zone C
CUST97667,Global Drug House,Pharmacy,Not Available,Bhopal,Madhya Pradesh,India,717079.0,North,Zone C
CUST94344,Wellness Pharmacy,Wholesaler,Not Available,Kolkata,West Bengal,India,229915.0,Central,Zone D
CUST99841,Prime Pharmacy,Retail,Not Available,Jaipur,Rajasthan,India,681107.0,East,Zone A
CUST91924,Green Drug House,Hospital,Green Drug House,Ajmer,Rajasthan,India,512920.0,East,Zone B
CUST99456,Green Nursing Home,Pharmacy,Not Available,Other,Uttar Pradesh,India,186748.0,North,Zone D
CUST91470,City Hospital,Wholesaler,Not Available,Indore,Madhya Pradesh,India,376609.0,Central,Zone C
CUST90356,Care Hospital,Hospital,Care Hospital,Mumbai,Maharashtra,India,246632.0,Central,Zone D
CUST93001,Shree Nursing Home,Pharmacy,Not Available,Udaipur,Rajasthan,India,609531.0,South,Zone B
CUST97927,Shanti Healthcare,Retail,Not Available,Bhopal,Madhya Pradesh,India,337745.0,North,Zone B
CUST94806,Shree Nursing Home,Clinic,Not Available,Ajmer,Rajasthan,India,696204.0,West,Zone D
CUST92528,National Clinic,Clinic,Not Available,Jaipur,Rajasthan,India,666814.0,East,Zone D
CUST93433,Om Hospital,Wholesaler,Not Available,Other,Maharashtra,India,116440.0,Central,Zone B
CUST94889,Unknown,Pharmacy,Not Available,Indore,Madhya Pradesh,India,710068.0,South,Zone A
CUST97430,Care Healthcare,Retail,Not Available,Nagpur,Maharashtra,India,799802.0,South,Zone D
CUST97563,Apex Medical Store,Pharmacy,Not Available,Jaipur,Rajasthan,India,244426.0,East,Zone A
CUST99032,Rajdhani Medical Store,Hospital,Rajdhani Medical Store,Pune,Maharashtra,India,778326.0,East,Zone A
CUST99162,Global Drug House,Pharmacy,Not Available,Nagpur,Maharashtra,India,568553.0,West,Zone D
CUST91823,Central Nursing Home,Clinic,Not Available,Indore,Madhya Pradesh,India,478162.0,North,Zone D
CUST98956,Central Healthcare,Wholesaler,Not Available,Bangalore,Karnataka,India,369768.0,Central,Zone C
CUST91231,Shree Healthcare,Wholesaler,Not Available,Ahmedabad,Gujarat,India,475089.0,Central,Zone D
CUST92953,Care Medical Store,Wholesaler,Not Available,Mumbai,Maharashtra,India,160406.0,Central,Zone C
CUST90888,Global Drug House,Clinic,Not Available,Mumbai,Maharashtra,India,609547.0,Central,Zone C
CUST98627,Wellness Healthcare,Clinic,Not Available,Mumbai,Maharashtra,India,473175.0,Central,Zone D
CUST97287,Central Clinic,Pharmacy,Not Available,Lucknow,Uttar Pradesh,India,389884.0,South,Zone D
CUST97513,National Hospital,Wholesaler,Not Available,Hyderabad,Telangana,India,682881.0,Central,Zone A
CUST99604,Central Healthcare,Hospital,Central Healthcare,Nagpur,Maharashtra,India,309153.0,West,Zone B
CUST99333,Prime Healthcare,Hospital,Prime Healthcare,Mumbai,,India,241698.0,East,Zone B
CUST96695,Central Medical Store,Wholesaler,Not Available,Bangalore,Karnataka,India,616622.0,Central,Zone A
CUST96381,Rajdhani Medical Store,Hospital,Rajdhani Medical Store,Chennai,Tamil Nadu,India,479019.0,North,Zone B
CUST91367,Life Nursing Home,Pharmacy,Not Available,Kota,Rajasthan,India,328835.0,East,Zone C
CUST98761,Prime Medical Store,Pharmacy,Not Available,Chennai,Tamil Nadu,India,363884.0,North,Zone C
CUST98036,Unknown,Retail,Not Available,Kolkata,West Bengal,India,244792.0,East,Zone B
CUST93409,Shanti Nursing Home,Retail,Not Available,Lucknow,Uttar Pradesh,India,421180.0,North,Zone C
CUST91415,Wellness Healthcare,Pharmacy,Not Available,Other,Rajasthan,India,763219.0,South,Zone C
CUST97536,National Medical Store,Pharmacy,Not Available,Udaipur,Rajasthan,India,589392.0,Central,Zone C
CUST94246,Wellness Pharmacy,Clinic,Not Available,Kolkata,West Bengal,India,146880.0,West,Zone C
CUST91296,Wellness Nursing Home,Pharmacy,Not Available,Ahmedabad,Gujarat,India,227730.0,West,Zone B
CUST98886,Shanti Pharmacy,Clinic,Not Available,Other,Maharashtra,India,350658.0,South,Zone C
CUST96404,Central Medical Store,Pharmacy,Not Available,Hyderabad,Telangana,India,,South,Zone C
CUST96436,Prime Pharmacy,Clinic,Not Available,Hyderabad,Telangana,India,701123.0,South,Zone D
CUST94676,City Nursing Home,Clinic,Not Available,Chennai,Tamil Nadu,India,493426.0,South,Zone A
CUST91291,Wellness Clinic,Wholesaler,Not Available,Indore,,India,547108.0,South,Zone B
CUST94334,Global Pharmacy,Pharmacy,Not Available,Bhopal,Madhya Pradesh,India,753276.0,West,Zone C
CUST99397,Central Clinic,Clinic,Not Available,Jodhpur,Rajasthan,India,238473.0,West,Zone C
CUST90811,Life Drug House,Clinic,Not Available,Other,Tamil Nadu,India,,Central,Zone B
CUST92908,Om Healthcare,Pharmacy,Not Available,Lucknow,Uttar Pradesh,India,446887.0,South,Zone D
CUST98542,City Pharmacy,Wholesaler,Not Available,Surat,Gujarat,India,355111.0,North,Zone B
CUST97994,Green Hospital,Hospital,Green Hospital,Kolkata,,India,390091.0,West,Zone D
CUST90389,Rajdhani Nursing Home,Wholesaler,Not Available,Other,Maharashtra,India,694361.0,Central,Zone D
CUST93874,Unknown,Pharmacy,Not Available,Jodhpur,Rajasthan,India,713865.0,South,Zone B
CUST96940,Om Hospital,Pharmacy,Not Available,Delhi,Delhi,India,172194.0,Central,Zone C
CUST94686,National Drug House,Pharmacy,Not Available,Surat,Gujarat,India,591640.0,South,Zone C
CUST92355,Central Hospital,Pharmacy,Not Available,Kolkata,West Bengal,India,287920.0,East,Zone D
CUST97412,Green Pharmacy,Pharmacy,Not Available,Jodhpur,Rajasthan,India,257359.0,Central,Zone B
CUST96297,Sunrise Clinic,Retail,Not Available,Udaipur,Rajasthan,India,280647.0,South,Zone D
CUST95794,Unknown,Clinic,Not Available,Udaipur,Rajasthan,India,711645.0,West,Zone C
CUST93794,Shree Nursing Home,Wholesaler,Not Available,Ajmer,Rajasthan,India,660953.0,East,Zone D
CUST90507,Prime Nursing Home,Pharmacy,Not Available,Other,Madhya Pradesh,India,520578.0,West,Zone A
CUST91647,National Medical Store,Wholesaler,Not Available,Hyderabad,Telangana,India,490487.0,West,Zone D
CUST92714,National Drug House,Hospital,National Drug House,Kota,Rajasthan,India,469554.0,Central,Zone C
CUST90915,Shanti Hospital,Wholesaler,Not Available,Hyderabad,Telangana,India,413487.0,West,Zone C
CUST96626,Life Drug House,Hospital,Life Drug House,Udaipur,Rajasthan,India,,North,Zone D
CUST99193,Global Medical Store,Hospital,Global Medical Store,Other,Gujarat,India,328484.0,West,Zone D
CUST93791,Central Healthcare,Pharmacy,Not Available,Kolkata,West Bengal,India,344807.0,North,Zone A
CUST98884,National Pharmacy,Retail,Not Available,Chennai,Tamil Nadu,India,335808.0,North,Zone B
CUST95813,National Hospital,Clinic,Not Available,Jaipur,Rajasthan,India,742990.0,South,Zone B
CUST97970,Prime Healthcare,Pharmacy,Not Available,Jaipur,Rajasthan,India,,West,Zone B
CUST98457,Shree Hospital,Hospital,Shree Hospital,Other,Karnataka,India,386202.0,East,Zone A
CUST93553,City Healthcare,Clinic,Not Available,Bangalore,Karnataka,India,,Central,Zone B
CUST97066,Life Medical Store,Clinic,Not Available,Surat,Gujarat,India,304596.0,West,Zone A
CUST92171,Apex Drug House,Pharmacy,Not Available,Kota,Rajasthan,India,790112.0,East,Zone A
CUST90606,Green Clinic,Pharmacy,Not Available,Surat,Gujarat,India,383990.0,South,Zone D
CUST95669,Prime Hospital,Pharmacy,Not Available,Udaipur,Rajasthan,India,376573.0,East,Zone B
CUST95361,Wellness Pharmacy,Retail,Not Available,Jodhpur,Rajasthan,India,263014.0,Central,Zone C
CUST98964,Rajdhani Healthcare,Wholesaler,Not Available,Udaipur,Rajasthan,India,372037.0,West,Zone B
CUST96031,Life Clinic,Pharmacy,Not Available,Indore,Madhya Pradesh,India,296508.0,East,Zone B
CUST94970,Central Medical Store,Hospital,Central Medical Store,Other,Delhi,India,640649.0,South,Zone B
CUST91871,Global Nursing Home,Pharmacy,Not Available,Hyderabad,Telangana,India,726749.0,Central,Zone C
CUST96579,Prime Healthcare,Pharmacy,Not Available,Jaipur,Rajasthan,India,274859.0,West,Zone C
CUST93386,City Drug House,Pharmacy,Not Available,Udaipur,Rajasthan,India,388415.0,West,Zone A
CUST98259,Central Healthcare,Retail,Not Available,Other,Gujarat,India,288106.0,West,Zone A
CUST94205,City Hospital,Pharmacy,Not Available,Kolkata,West Bengal,India,654745.0,West,Zone A
CUST92251,Shanti Healthcare,Pharmacy,Not Available,Other,Rajasthan,India,,West,Zone B
CUST90319,Om Healthcare,Clinic,Not Available,Udaipur,Rajasthan,India,668671.0,East,Zone D
CUST91874,City Hospital,Wholesaler,Not Available,Indore,Madhya Pradesh,India,169863.0,East,Zone C
CUST94527,Green Clinic,Clinic,Not Available,Lucknow,Uttar Pradesh,India,718446.0,West,Zone B
CUST94447,City Nursing Home,Wholesaler,Not Available,Jaipur,Rajasthan,India,687962.0,West,Zone B
CUST95687,Om Medical Store,Wholesaler,Not Available,Lucknow,Uttar Pradesh,India,552269.0,North,Zone C
CUST98162,Green Pharmacy,Pharmacy,Not Available,Udaipur,Rajasthan,India,591084.0,South,Zone D
CUST92477,Prime Drug House,Pharmacy,Not Available,Surat,Gujarat,India,736650.0,East,Zone A
CUST94650,Shanti Clinic,Pharmacy,Not Available,Nagpur,Maharashtra,India,186781.0,West,Zone C
CUST96785,Green Nursing Home,Clinic,Not Available,Pune,Maharashtra,India,776014.0,South,Zone B
CUST96628,Shree Hospital,Hospital,Shree Hospital,Pune,Maharashtra,India,265978.0,Central,Zone D
CUST96174,Care Medical Store,Pharmacy,Not Available,Hyderabad,Telangana,India,756312.0,East,Zone C
CUST95329,Sunrise Pharmacy,Pharmacy,Not Available,Kolkata,West Bengal,India,126590.0,North,Zone A
CUST95931,Apex Clinic,Retail,Not Available,Indore,Madhya Pradesh,India,641460.0,South,Zone A
CUST94473,Om Hospital,Pharmacy,Not Available,Bangalore,Karnataka,India,293610.0,East,Zone A
CUST95439,Om Nursing Home,Clinic,Not Available,Indore,Madhya Pradesh,India,596614.0,South,Zone D
CUST97501,Om Pharmacy,Hospital,Om Pharmacy,Pune,Maharashtra,India,176878.0,West,Zone B
CUST96386,Om Pharmacy,Pharmacy,Not Available,Ahmedabad,Gujarat,India,634956.0,North,Zone A
CUST92844,Central Medical Store,Pharmacy,Not Available,Kolkata,West Bengal,India,167930.0,South,Zone D
CUST98539,Metro Clinic,Pharmacy,Not Available,Delhi,Delhi,India,771641.0,West,Zone B
CUST94373,Wellness Hospital,Pharmacy,Not Available,Udaipur,Rajasthan,India,744503.0,West,Zone C
CUST91061,City Nursing Home,Wholesaler,Not Available,Bhopal,,India,690583.0,East,Zone B
CUST95410,Unknown,Pharmacy,Not Available,Chennai,Tamil Nadu,India,363521.0,West,Zone A
CUST99689,Sunrise Clinic,Retail,Not Available,Kolkata,West Bengal,India,715151.0,East,Zone D
CUST93025,Wellness Medical Store,Pharmacy,Not Available,Ajmer,Rajasthan,India,364284.0,Central,Zone B
CUST99278,Care Pharmacy,Retail,Not Available,Delhi,,India,214892.0,South,Zone A
CUST99888,Rajdhani Pharmacy,Wholesaler,Not Available,Other,Madhya Pradesh,India,,East,Zone D
CUST91454,Om Medical Store,Hospital,Om Medical Store,Udaipur,Rajasthan,India,,Central,Zone D
CUST99703,National Medical Store,Pharmacy,Not Available,Chennai,Tamil Nadu,India,645616.0,East,Zone A
CUST98035,Metro Medical Store,Retail,Not Available,Mumbai,Maharashtra,India,739521.0,South,Zone B
CUST97969,Sunrise Clinic,Pharmacy,Not Available,Kolkata,West Bengal,India,644020.0,West,Zone D
CUST99647,Shree Pharmacy,Wholesaler,Not Available,Kolkata,West Bengal,India,333847.0,North,Zone C
CUST97126,Central Drug House,Pharmacy,Not Available,Udaipur,Rajasthan,India,776013.0,West,Zone B
CUST91972,Prime Nursing Home,Hospital,Prime Nursing Home,Nagpur,Maharashtra,India,623363.0,South,Zone A
CUST96250,Wellness Hospital,Pharmacy,Not Available,Ahmedabad,Gujarat,India,772589.0,West,Zone C
CUST95137,National Clinic,Wholesaler,Not Available,Ahmedabad,,India,505037.0,Central,Zone A
CUST97356,Rajdhani Hospital,Pharmacy,Not Available,Ahmedabad,Gujarat,India,131986.0,South,Zone B
CUST99063,Life Clinic,Wholesaler,Not Available,Ajmer,Rajasthan,India,407007.0,East,Zone D
CUST95144,National Clinic,Hospital,National Clinic,Mumbai,Maharashtra,India,689113.0,North,Zone B
CUST93860,National Hospital,Clinic,Not Available,Lucknow,Uttar Pradesh,India,768377.0,East,Zone D
CUST93771,Om Pharmacy,Pharmacy,Not Available,Pune,,India,743333.0,North,Zone C
CUST99693,City Hospital,Pharmacy,Not Available,Other,Rajasthan,India,416249.0,South,Zone D
CUST91616,Om Medical Store,Wholesaler,Not Available,Udaipur,Rajasthan,India,471946.0,Central,Zone A
CUST96571,National Nursing Home,Clinic,Not Available,Nagpur,Maharashtra,India,,South,Zone D
CUST96776,Shree Hospital,Pharmacy,Not Available,Other,Rajasthan,India,326563.0,East,Zone D
CUST93612,Life Hospital,Hospital,Life Hospital,Ahmedabad,Gujarat,India,,South,Zone A
CUST95824,Central Healthcare,Wholesaler,Not Available,Ahmedabad,Gujarat,India,,West,Zone C
CUST90874,Metro Pharmacy,Hospital,Metro Pharmacy,Hyderabad,Telangana,India,771159.0,East,Zone B
CUST90117,Shree Nursing Home,Retail,Not Available,Surat,Gujarat,India,694836.0,East,Zone D
CUST95682,National Clinic,Wholesaler,Not Available,Other,Gujarat,India,604443.0,Central,Zone D
CUST92795,Rajdhani Clinic,Pharmacy,Not Available,Jaipur,Rajasthan,India,144786.0,North,Zone A
CUST91704,Rajdhani Pharmacy,Pharmacy,Not Available,Mumbai,Maharashtra,India,407229.0,East,Zone A
CUST93013,Shree Healthcare,Wholesaler,Not Available,Other,Rajasthan,India,474486.0,West,Zone D
CUST90892,Shree Medical Store,Pharmacy,Not Available,Hyderabad,Telangana,India,759397.0,West,Zone B
CUST90688,National Drug House,Wholesaler,Not Available,Surat,Gujarat,India,714949.0,North,Zone A
CUST93633,Global Hospital,Clinic,Not Available,Ajmer,Rajasthan,India,643612.0,South,Zone A
CUST98660,Rajdhani Pharmacy,Hospital,Rajdhani Pharmacy,Ajmer,Rajasthan,India,152104.0,East,Zone A
CUST95636,Rajdhani Nursing Home,Retail,Not Available,Udaipur,Rajasthan,India,677503.0,West,Zone A
CUST92021,Metro Medical Store,Pharmacy,Not Available,Jaipur,Rajasthan,India,288642.0,Central,Zone A
CUST94560,Green Medical Store,Retail,Not Available,Kota,Rajasthan,India,171804.0,West,Zone B
CUST92527,Life Healthcare,Pharmacy,Not Available,Surat,Gujarat,India,606416.0,South,Zone D
CUST96716,Om Clinic,Hospital,Om Clinic,Ahmedabad,Gujarat,India,326833.0,West,Zone C
CUST95833,National Healthcare,Clinic,Not Available,Ajmer,Rajasthan,India,779191.0,West,Zone D
CUST94936,Metro Hospital,Retail,Not Available,Ahmedabad,Gujarat,India,181332.0,South,Zone A
CUST93803,Metro Medical Store,Clinic,Not Available,Kota,Rajasthan,India,135806.0,North,Zone C
CUST96997,Unknown,Wholesaler,Not Available,Delhi,Delhi,India,130105.0,South,Zone B
CUST92818,Sunrise Drug House,Hospital,Sunrise Drug House,Kolkata,West Bengal,India,591121.0,West,Zone C
CUST96283,Central Pharmacy,Hospital,Central Pharmacy,Delhi,Delhi,India,178530.0,West,Zone B
CUST99183,National Healthcare,Hospital,National Healthcare,Jodhpur,Rajasthan,India,183801.0,East,Zone D
CUST92928,Care Medical Store,Pharmacy,Not Available,Kolkata,West Bengal,India,254300.0,North,Zone A
CUST93143,Central Hospital,Pharmacy,Not Available,Ahmedabad,Gujarat,India,630205.0,Central,Zone B
CUST90396,National Drug House,Clinic,Not Available,Other,Gujarat,India,476066.0,North,Zone D
CUST95337,Life Nursing Home,Clinic,Not Available,Ahmedabad,Gujarat,India,320538.0,South,Zone D
CUST90965,Apex Healthcare,Pharmacy,Not Available,Kota,Rajasthan,India,,Central,Zone C
CUST94116,City Drug House,Pharmacy,Not Available,Other,Rajasthan,India,165586.0,East,Zone D
CUST94538,Life Pharmacy,Pharmacy,Not Available,Mumbai,Maharashtra,India,547211.0,Central,Zone C
CUST95522,Apex Medical Store,Wholesaler,Not Available,Bangalore,Karnataka,India,755736.0,North,Zone C
CUST99802,Green Hospital,Pharmacy,Not Available,Ahmedabad,Gujarat,India,306743.0,West,Zone C
CUST98267,National Clinic,Pharmacy,Not Available,Jodhpur,Rajasthan,India,672262.0,South,Zone C
CUST91375,Om Healthcare,Hospital,Om Healthcare,Pune,Maharashtra,India,731389.0,West,Zone B
CUST92234,Om Hospital,Wholesaler,Not Available,Lucknow,Uttar Pradesh,India,766702.0,Central,Zone D
CUST95147,Shree Medical Store,Pharmacy,Not Available,Jodhpur,Rajasthan,India,353375.0,Central,Zone C
CUST98971,Green Nursing Home,Pharmacy,Not Available,Delhi,Delhi,India,751131.0,West,Zone D
CUST95835,National Drug House,Pharmacy,Not Available,Lucknow,Uttar Pradesh,India,152237.0,Central,Zone B
CUST95348,Prime Drug House,Hospital,Prime Drug House,Kota,Rajasthan,India,703200.0,West,Zone B
CUST97763,Global Healthcare,Pharmacy,Not Available,Hyderabad,Telangana,India,512501.0,South,Zone A
CUST93379,Om Hospital,Wholesaler,Not Available,Other,Rajasthan,India,207186.0,West,Zone C
CUST90210,Green Healthcare,Pharmacy,Not Available,Lucknow,Uttar Pradesh,India,,South,Zone A
CUST94281,Sunrise Clinic,Pharmacy,Not Available,Indore,Madhya Pradesh,India,248991.0,East,Zone A
CUST91985,Shree Pharmacy,Hospital,Shree Pharmacy,Bangalore,Karnataka,India,162327.0,West,Zone D
CUST99090,Unknown,Hospital,Om Clinic,Delhi,Maharashtra,India,750585.0,East,Zone C
CUST96778,Care Pharmacy,Hospital,Care Pharmacy,Bhopal,Madhya Pradesh,India,645943.0,West,Zone A
CUST91793,Care Healthcare,Pharmacy,Not Available,Lucknow,Uttar Pradesh,India,612338.0,North,Zone C
CUST90567,National Pharmacy,Pharmacy,Not Available,Jaipur,Rajasthan,India,153859.0,East,Zone C
CUST97564,Wellness Medical Store,Clinic,Not Available,Delhi,Delhi,India,729286.0,West,Zone D
CUST98409,Prime Healthcare,Hospital,Not Available,Udaipur,Rajasthan,India,586900.0,East,Zone D
CUST93715,Shanti Pharmacy,Retail,Not Available,Other,Maharashtra,India,469660.0,North,Zone A
CUST97466,Unknown,Wholesaler,Not Available,Delhi,Delhi,India,132440.0,North,Zone C
CUST94826,Metro Drug House,Pharmacy,Not Available,Hyderabad,Telangana,India,588432.0,Central,Zone D
CUST90619,Shanti Hospital,Wholesaler,Not Available,Mumbai,Maharashtra,India,307256.0,North,Zone A
CUST99599,Life Nursing Home,Clinic,Not Available,Jodhpur,Rajasthan,India,469949.0,North,Zone C
CUST91190,Shree Hospital,Retail,Not Available,Other,Delhi,India,720686.0,Central,Zone A
CUST99794,Global Pharmacy,Pharmacy,Not Available,Kolkata,West Bengal,India,698441.0,North,Zone A
CUST92509,Shanti Healthcare,Hospital,Shanti Healthcare,Nagpur,Maharashtra,India,305768.0,West,Zone A
CUST94169,Metro Pharmacy,Wholesaler,Not Available,Bangalore,Karnataka,India,435390.0,North,Zone D
CUST91762,Rajdhani Healthcare,Retail,Not Available,Lucknow,Uttar Pradesh,India,511183.0,South,Zone C
CUST91501,Shanti Nursing Home,Hospital,Shanti Nursing Home,Other,Karnataka,India,632644.0,East,Zone B
CUST94681,Rajdhani Drug House,Hospital,Rajdhani Drug House,Pune,Maharashtra,India,610435.0,West,Zone C
CUST94197,Global Nursing Home,Hospital,Global Nursing Home,Lucknow,Uttar Pradesh,India,480835.0,North,Zone C
CUST90754,Green Drug House,Clinic,Not Available,Mumbai,Maharashtra,India,208929.0,Central,Zone D
CUST93278,Apex Hospital,Hospital,Apex Hospital,Kota,Rajasthan,India,609397.0,West,Zone D
CUST96092,Apex Hospital,Retail,Not Available,Hyderabad,Telangana,India,485795.0,North,Zone D
CUST97770,Green Drug House,Clinic,Not Available,Ajmer,Rajasthan,India,184515.0,East,Zone C
CUST92271,Prime Nursing Home,Hospital,Prime Nursing Home,Hyderabad,Telangana,India,609976.0,North,Zone C
CUST96853,Central Healthcare,Wholesaler,Not Available,Ahmedabad,Gujarat,India,153931.0,East,Zone C
CUST97307,Metro Healthcare,Pharmacy,Not Available,Udaipur,Rajasthan,India,531209.0,South,Zone C
CUST95161,National Hospital,Pharmacy,Not Available,Indore,Madhya Pradesh,India,479536.0,East,Zone D
CUST92808,Unknown,Pharmacy,Not Available,Delhi,Delhi,India,344004.0,West,Zone B
CUST94157,Apex Clinic,Pharmacy,Not Available,Other,Rajasthan,India,236509.0,Central,Zone C
CUST96363,Global Nursing Home,Pharmacy,Not Available,Lucknow,Uttar Pradesh,India,151769.0,Central,Zone D
CUST96415,Life Medical Store,Hospital,Not Available,Chennai,Tamil Nadu,India,630823.0,East,Zone A
CUST97986,Life Drug House,Hospital,Life Drug House,Indore,Madhya Pradesh,India,,East,Zone B
CUST99170,Metro Medical Store,Hospital,Metro Medical Store,Other,Gujarat,India,128327.0,Central,Zone C
CUST93241,Central Pharmacy,Wholesaler,Not Available,Chennai,Tamil Nadu,India,499099.0,West,Zone B
CUST90966,Shanti Drug House,Wholesaler,Not Available,Other,West Bengal,India,193859.0,West,Zone A
CUST91928,Wellness Clinic,Wholesaler,Not Available,Jodhpur,Rajasthan,India,360022.0,South,Zone D
CUST98547,Metro Nursing Home,Pharmacy,Not Available,Hyderabad,Telangana,India,473716.0,West,Zone B
CUST97212,Prime Pharmacy,Pharmacy,Not Available,Mumbai,Maharashtra,India,552282.0,Central,Zone D
CUST91188,Shree Nursing Home,Pharmacy,Not Available,Lucknow,Uttar Pradesh,India,395635.0,North,Zone B
CUST99697,Central Hospital,Hospital,Central Hospital,Kota,Rajasthan,India,718030.0,North,Zone C
CUST98019,Global Pharmacy,Hospital,Global Pharmacy,Jodhpur,Rajasthan,India,730811.0,South,Zone D
CUST90815,Life Clinic,Pharmacy,Not Available,Other,Telangana,India,166715.0,West,Zone C
CUST91117,Om Pharmacy,Hospital,Om Pharmacy,Ajmer,Rajasthan,India,589051.0,East,Zone D
CUST96359,Unknown,Pharmacy,Not Available,Pune,Maharashtra,India,390607.0,West,Zone A
CUST95479,Prime Healthcare,Pharmacy,Not Available,Bangalore,Karnataka,India,173812.0,North,Zone C
CUST98419,Global Hospital,Pharmacy,Not Available,Other,Gujarat,India,698456.0,West,Zone B
CUST97193,Global Healthcare,Clinic,Not Available,Hyderabad,Telangana,India,,West,Zone B
CUST98603,Sunrise Healthcare,Hospital,Sunrise Healthcare,Delhi,Delhi,India,,West,Zone D
CUST96411,Wellness Nursing Home,Retail,Not Available,Other,Gujarat,India,553759.0,West,Zone A
CUST91955,Care Pharmacy,Wholesaler,Not Available,Other,Telangana,India,350764.0,West,Zone D
CUST91006,Wellness Drug House,Hospital,Wellness Drug House,Other,Rajasthan,India,700805.0,West,Zone C
CUST97416,Unknown,Retail,Not Available,Chennai,Tamil Nadu,India,173045.0,West,Zone B
CUST94791,Global Drug House,Pharmacy,Not Available,Other,Rajasthan,India,355832.0,North,Zone B
CUST99153,Global Healthcare,Hospital,Global Healthcare,Udaipur,Rajasthan,India,156668.0,West,Zone D
CUST91347,Wellness Healthcare,Hospital,Wellness Healthcare,Jodhpur,Rajasthan,India,367033.0,North,Zone D
CUST98814,Central Hospital,Wholesaler,Not Available,Ahmedabad,Gujarat,India,474118.0,West,Zone D
CUST91844,Life Pharmacy,Hospital,Life Pharmacy,Chennai,Tamil Nadu,India,425365.0,North,Zone C
CUST93333,Unknown,Hospital,Green Pharmacy,Jaipur,Rajasthan,India,535457.0,East,Zone C
CUST97611,Global Healthcare,Pharmacy,Not Available,Kolkata,West Bengal,India,642352.0,South,Zone A
CUST92111,Metro Medical Store,Wholesaler,Not Available,Jodhpur,Rajasthan,India,659785.0,East,Zone C
CUST99143,Care Hospital,Hospital,Care Hospital,Indore,Madhya Pradesh,India,424269.0,East,Zone B
CUST96623,City Pharmacy,Pharmacy,Not Available,Lucknow,Uttar Pradesh,India,399100.0,Central,Zone D
CUST95899,Shree Pharmacy,Pharmacy,Not Available,Indore,Madhya Pradesh,India,387194.0,East,Zone D
CUST93101,Life Clinic,Pharmacy,Not Available,Lucknow,Uttar Pradesh,India,556381.0,East,Zone C
CUST91382,Rajdhani Healthcare,Hospital,Rajdhani Healthcare,Ajmer,Rajasthan,India,519915.0,West,Zone A
CUST91908,Om Drug House,Pharmacy,Not Available,Chennai,Tamil Nadu,India,441048.0,East,Zone B
CUST94734,Central Pharmacy,Retail,Not Available,Hyderabad,Telangana,India,472653.0,West,Zone C
CUST97553,Life Clinic,Clinic,Not Available,Ahmedabad,Gujarat,India,794042.0,South,Zone B
CUST91535,National Healthcare,Wholesaler,Not Available,Bangalore,Karnataka,India,465966.0,South,Zone A
CUST90902,Shree Drug House,Hospital,Shree Drug House,Kolkata,West Bengal,India,200302.0,West,Zone D
CUST99786,Wellness Drug House,Retail,Not Available,Kota,Rajasthan,India,437168.0,West,Zone D
CUST99670,Care Clinic,Pharmacy,Not Available,Bangalore,Karnataka,India,403583.0,West,Zone A
CUST93389,Shanti Pharmacy,Pharmacy,Not Available,Chennai,Tamil Nadu,India,561928.0,North,Zone C
CUST95999,Global Drug House,Wholesaler,Not Available,Other,Madhya Pradesh,India,160787.0,East,Zone D
CUST94299,Global Medical Store,Retail,Not Available,Lucknow,Uttar Pradesh,India,270196.0,East,Zone C
CUST93087,Metro Pharmacy,Clinic,Not Available,Kolkata,West Bengal,India,536331.0,North,Zone C
CUST92163,Shree Medical Store,Wholesaler,Not Available,Bhopal,Madhya Pradesh,India,256098.0,West,Zone C
CUST96431,Apex Hospital,Pharmacy,Not Available,Ajmer,Rajasthan,India,794524.0,West,Zone C
CUST95582,Metro Pharmacy,Pharmacy,Not Available,Surat,Gujarat,India,750324.0,West,Zone D
CUST99204,Apex Healthcare,Hospital,Apex Healthcare,Jodhpur,Rajasthan,India,198894.0,West,Zone A
CUST98312,Metro Drug House,Hospital,Metro Drug House,Bhopal,Madhya Pradesh,India,379781.0,West,Zone A
CUST90196,Unknown,Clinic,Not Available,Other,Uttar Pradesh,India,626886.0,Central,Zone D
CUST93667,Global Clinic,Clinic,Not Available,Jodhpur,Rajasthan,India,179931.0,South,Zone A
CUST94852,Central Drug House,Pharmacy,Not Available,Kota,Rajasthan,India,509813.0,West,Zone A
CUST95307,City Clinic,Retail,Not Available,Bangalore,Karnataka,India,300557.0,North,Zone A
CUST93805,Central Nursing Home,Hospital,Central Nursing Home,Kolkata,West Bengal,India,456979.0,South,Zone A
CUST93422,Shree Medical Store,Pharmacy,Not Available,Kota,Rajasthan,India,160714.0,West,Zone A
CUST95925,Sunrise Drug House,Clinic,Not Available,Other,Rajasthan,India,,East,Zone D
CUST98671,Unknown,Clinic,Not Available,Other,Rajasthan,India,672406.0,West,Zone B
CUST90251,Om Hospital,Clinic,Not Available,Indore,Madhya Pradesh,India,785033.0,East,Zone C
CUST98000,Shree Nursing Home,Hospital,Shree Nursing Home,Ahmedabad,Gujarat,India,280800.0,South,Zone D
CUST94573,Life Hospital,Retail,Not Available,Nagpur,Maharashtra,India,557826.0,North,Zone A
CUST92146,Shree Nursing Home,Clinic,Not Available,Ahmedabad,Gujarat,India,,Central,Zone D
CUST92132,Shree Drug House,Pharmacy,Not Available,Chennai,Tamil Nadu,India,577383.0,Central,Zone C
CUST94532,Shree Nursing Home,Hospital,Shree Nursing Home,Kota,Rajasthan,India,,West,Zone B
CUST98839,Central Hospital,Wholesaler,Not Available,Mumbai,Maharashtra,India,524658.0,West,Zone C
CUST93402,Sunrise Drug House,Clinic,Not Available,Ajmer,Rajasthan,India,259064.0,West,Zone D
CUST96318,Unknown,Wholesaler,Not Available,Udaipur,Rajasthan,India,182354.0,East,Zone A
CUST93949,Central Drug House,Wholesaler,Not Available,Surat,Gujarat,India,316475.0,East,Zone B
CUST93326,Central Pharmacy,Retail,Not Available,Ajmer,Rajasthan,India,252066.0,East,Zone C
CUST91919,Apex Pharmacy,Pharmacy,Not Available,Bhopal,Madhya Pradesh,India,592775.0,East,Zone D
CUST93136,Life Drug House,Pharmacy,Not Available,Kolkata,West Bengal,India,606054.0,Central,Zone C
CUST99730,Green Pharmacy,Hospital,Green Pharmacy,Lucknow,Uttar Pradesh,India,219035.0,South,Zone A
CUST96310,Global Healthcare,Clinic,Not Available,Chennai,Tamil Nadu,India,,South,Zone C
CUST97482,Sunrise Clinic,Pharmacy,Not Available,Pune,Maharashtra,India,485778.0,East,Zone C
CUST90914,Wellness Medical Store,Hospital,Wellness Medical Store,Jaipur,Rajasthan,India,130506.0,North,Zone C
CUST96203,City Healthcare,Retail,Not Available,Indore,Madhya Pradesh,India,569289.0,North,Zone D
CUST90732,Sunrise Medical Store,Retail,Not Available,Other,Rajasthan,India,596687.0,North,Zone D
CUST98781,Prime Hospital,Retail,Not Available,Bhopal,Madhya Pradesh,India,467547.0,South,Zone B
CUST96814,Unknown,Clinic,Not Available,Bangalore,Karnataka,India,170233.0,East,Zone B
CUST91507,Prime Healthcare,Pharmacy,Not Available,Hyderabad,Telangana,India,355644.0,South,Zone C
CUST90642,Rajdhani Nursing Home,Retail,Not Available,Kolkata,West Bengal,India,526108.0,Central,Zone A
CUST97631,Om Medical Store,Wholesaler,Not Available,Lucknow,Uttar Pradesh,India,539449.0,Central,Zone D
CUST91627,Green Hospital,Pharmacy,Not Available,Other,Maharashtra,India,352274.0,Central,Zone A
CUST97512,Life Healthcare,Hospital,Life Healthcare,Ahmedabad,Gujarat,India,352749.0,South,Zone D
CUST91658,Life Medical Store,Wholesaler,Not Available,Ahmedabad,Gujarat,India,136360.0,North,Zone B
CUST95765,Green Medical Store,Wholesaler,Not Available,Surat,Gujarat,India,205221.0,Central,Zone C
CUST97072,Green Pharmacy,Hospital,Green Pharmacy,Delhi,Delhi,India,735461.0,South,Zone A
CUST91362,Green Hospital,Hospital,Green Hospital,Hyderabad,Telangana,India,628962.0,South,Zone B
CUST95148,National Healthcare,Pharmacy,Not Available,Other,Madhya Pradesh,India,751120.0,Central,Zone B
CUST90366,Global Hospital,Pharmacy,Not Available,Lucknow,Uttar Pradesh,India,132082.0,Central,Zone D
CUST98334,Sunrise Pharmacy,Clinic,Not Available,Delhi,Delhi,India,,North,Zone D
CUST98553,Sunrise Nursing Home,Retail,Not Available,Surat,Gujarat,India,196860.0,North,Zone A
CUST93694,Shree Pharmacy,Wholesaler,Not Available,Kolkata,West Bengal,India,,North,Zone C
CUST95844,Shanti Pharmacy,Hospital,Shanti Pharmacy,Bangalore,Karnataka,India,311454.0,South,Zone A
CUST94549,Rajdhani Pharmacy,Clinic,Not Available,Hyderabad,Telangana,India,503120.0,North,Zone A
CUST97733,Green Pharmacy,Wholesaler,Not Available,Pune,Maharashtra,India,367870.0,North,Zone A
CUST93294,Metro Pharmacy,Pharmacy,Not Available,Kolkata,West Bengal,India,743955.0,South,Zone C
CUST99256,National Healthcare,Hospital,National Healthcare,Mumbai,Maharashtra,India,700780.0,South,Zone A
CUST95627,National Healthcare,Pharmacy,Not Available,Mumbai,Maharashtra,India,790106.0,West,Zone B
CUST93716,Green Medical Store,Pharmacy,Not Available,Other,Madhya Pradesh,India,241061.0,West,Zone C
CUST96437,Wellness Drug House,Clinic,Not Available,Ahmedabad,Gujarat,India,643848.0,North,Zone C
CUST95902,National Healthcare,Pharmacy,Not Available,Indore,Madhya Pradesh,India,355311.0,North,Zone C
CUST91980,Central Medical Store,Hospital,Central Medical Store,Nagpur,Maharashtra,India,330136.0,South,Zone D
CUST91248,National Clinic,Hospital,National Clinic,Udaipur,Rajasthan,India,716895.0,West,Zone A
CUST91331,Global Nursing Home,Hospital,Global Nursing Home,Bangalore,Karnataka,India,240694.0,West,Zone B
CUST90653,Metro Healthcare,Pharmacy,Not Available,Mumbai,Maharashtra,India,619792.0,West,Zone C
CUST97625,Green Medical Store,Hospital,Green Medical Store,Surat,Gujarat,India,281105.0,West,Zone B
CUST92369,Unknown,Wholesaler,Not Available,Ahmedabad,Gujarat,India,298389.0,West,Zone D
CUST96697,City Hospital,Retail,Not Available,Ahmedabad,Gujarat,India,143708.0,East,Zone A
CUST91978,Apex Hospital,Wholesaler,Not Available,Chennai,Tamil Nadu,India,722220.0,Central,Zone C
CUST91842,Metro Pharmacy,Wholesaler,Not Available,Indore,Madhya Pradesh,India,476600.0,South,Zone D
CUST97925,Om Clinic,Clinic,Not Available,Ajmer,Rajasthan,India,113337.0,East,Zone B
CUST99903,Prime Nursing Home,Clinic,Not Available,Delhi,Delhi,India,765251.0,South,Zone B
CUST91659,Unknown,Clinic,Not Available,Lucknow,Uttar Pradesh,India,507916.0,East,Zone B
CUST98496,Care Clinic,Pharmacy,Not Available,Surat,Gujarat,India,469846.0,West,Zone C
CUST96124,Sunrise Clinic,Pharmacy,Not Available,Chennai,Tamil Nadu,India,666248.0,East,Zone B
CUST94121,Sunrise Clinic,Hospital,Not Available,Kolkata,West Bengal,India,496330.0,South,Zone C
CUST99132,Shree Medical Store,Wholesaler,Not Available,Nagpur,Maharashtra,India,178443.0,West,Zone A
CUST98637,National Hospital,Pharmacy,Not Available,Surat,Gujarat,India,,Central,Zone C
CUST95236,Life Healthcare,Pharmacy,Not Available,Ajmer,Rajasthan,India,583665.0,West,Zone B
CUST90618,Om Nursing Home,Clinic,Not Available,Nagpur,Maharashtra,India,,North,Zone B
CUST94462,Apex Medical Store,Wholesaler,Not Available,Ajmer,Rajasthan,India,364572.0,East,Zone C
CUST99947,Apex Healthcare,Hospital,Apex Healthcare,Bhopal,Madhya Pradesh,India,701279.0,Central,Zone C
CUST99612,Central Medical Store,Clinic,Not Available,Other,Tamil Nadu,India,502424.0,North,Zone B
CUST92149,Sunrise Clinic,Pharmacy,Not Available,Nagpur,Maharashtra,India,199716.0,South,Zone A
CUST98327,Prime Hospital,Clinic,Not Available,Jodhpur,Rajasthan,India,137937.0,East,Zone A
CUST90114,Rajdhani Medical Store,Retail,Not Available,Other,Madhya Pradesh,India,370706.0,Central,Zone B
CUST97209,Care Pharmacy,Hospital,Care Pharmacy,Surat,Gujarat,India,218151.0,Central,Zone D
CUST98256,Sunrise Clinic,Clinic,Not Available,Ahmedabad,Gujarat,India,245158.0,Central,Zone C
CUST92485,Wellness Drug House,Pharmacy,Not Available,Ajmer,Rajasthan,India,504734.0,Central,Zone A
CUST90032,Apex Healthcare,Pharmacy,Not Available,Jodhpur,Rajasthan,India,136674.0,South,Zone D
CUST91767,Om Nursing Home,Hospital,Om Nursing Home,Chennai,Tamil Nadu,India,210698.0,East,Zone B
CUST95211,Global Clinic,Pharmacy,Not Available,Kota,Rajasthan,India,178117.0,Central,Zone C
CUST96780,National Drug House,Wholesaler,Not Available,Bhopal,,India,439193.0,South,Zone B
CUST97443,City Healthcare,Pharmacy,Not Available,Jodhpur,Rajasthan,India,143902.0,West,Zone B
CUST90522,Unknown,Pharmacy,Not Available,Jodhpur,Rajasthan,India,661133.0,Central,Zone C
CUST96280,Metro Hospital,Pharmacy,Not Available,Nagpur,Maharashtra,India,694907.0,West,Zone C
CUST97132,Prime Drug House,Pharmacy,Not Available,Delhi,Delhi,India,321685.0,Central,Zone A
CUST94266,Global Pharmacy,Pharmacy,Not Available,Other,Maharashtra,India,175693.0,Central,Zone C
CUST93394,Rajdhani Nursing Home,Hospital,Rajdhani Nursing Home,Lucknow,Uttar Pradesh,India,772705.0,Central,Zone C
CUST94237,Om Pharmacy,Hospital,Om Pharmacy,Other,Delhi,India,172869.0,East,Zone C
CUST95097,Green Nursing Home,Pharmacy,Not Available,Nagpur,Maharashtra,India,258046.0,East,Zone A
CUST95516,Care Healthcare,Clinic,Not Available,Pune,,India,163619.0,South,Zone B
CUST99863,Shree Pharmacy,Wholesaler,Not Available,Delhi,Delhi,India,568367.0,West,Zone A
CUST99365,Metro Pharmacy,Pharmacy,Not Available,Delhi,,India,422258.0,East,Zone C
CUST97907,Shree Hospital,Pharmacy,Not Available,Jaipur,Rajasthan,India,,Central,Zone B
CUST95423,Global Hospital,Pharmacy,Not Available,Indore,Madhya Pradesh,India,717905.0,South,Zone A
CUST91673,Rajdhani Hospital,Hospital,Rajdhani Hospital,Other,Delhi,India,371694.0,West,Zone B
CUST92269,Sunrise Nursing Home,Clinic,Not Available,Udaipur,Rajasthan,India,417195.0,East,Zone B
CUST98350,Metro Healthcare,Pharmacy,Not Available,Nagpur,Maharashtra,India,201018.0,North,Zone A
CUST93153,Apex Healthcare,Pharmacy,Not Available,Ajmer,Rajasthan,India,310055.0,North,Zone B
CUST98299,Care Drug House,Pharmacy,Not Available,Hyderabad,Telangana,India,322408.0,East,Zone A
CUST97429,Care Drug House,Wholesaler,Not Available,Pune,Maharashtra,India,538568.0,North,Zone B
CUST93271,Central Drug House,Retail,Not Available,Nagpur,Maharashtra,India,492871.0,East,Zone B
CUST91539,Sunrise Drug House,Hospital,Sunrise Drug House,Chennai,Tamil Nadu,India,471684.0,South,Zone A
CUST97078,Life Pharmacy,Clinic,Not Available,Other,Telangana,India,739523.0,West,Zone B
CUST95981,Apex Healthcare,Hospital,Apex Healthcare,Kolkata,West Bengal,India,579756.0,North,Zone D
CUST95017,Unknown,Pharmacy,Not Available,Bhopal,Madhya Pradesh,India,,East,Zone C
CUST95400,Central Medical Store,Wholesaler,Not Available,Nagpur,Maharashtra,India,187967.0,North,Zone D
CUST96763,Care Drug House,Hospital,Care Drug House,Other,Rajasthan,India,589784.0,Central,Zone C
CUST91642,Shanti Medical Store,Wholesaler,Not Available,Udaipur,Rajasthan,India,405023.0,West,Zone B
CUST99396,Sunrise Clinic,Pharmacy,Not Available,Nagpur,Maharashtra,India,696478.0,North,Zone C
CUST98838,Prime Nursing Home,Hospital,Prime Nursing Home,Jodhpur,Rajasthan,India,522750.0,Central,Zone D
CUST94659,Care Medical Store,Pharmacy,Not Available,Jodhpur,Rajasthan,India,433372.0,West,Zone D
CUST94764,Shanti Clinic,Wholesaler,Not Available,Surat,Gujarat,India,,North,Zone B
CUST95909,Shree Clinic,Pharmacy,Not Available,Ajmer,Rajasthan,India,516210.0,North,Zone A
CUST96836,Sunrise Drug House,Pharmacy,Not Available,Jaipur,Rajasthan,India,350578.0,North,Zone B
CUST98892,Prime Hospital,Pharmacy,Not Available,Hyderabad,Telangana,India,226288.0,East,Zone D
CUST91298,Apex Clinic,Pharmacy,Not Available,Mumbai,Maharashtra,India,,South,Zone B
CUST97697,Metro Nursing Home,Pharmacy,Not Available,Pune,Maharashtra,India,,South,Zone D
CUST97381,Wellness Drug House,Pharmacy,Not Available,Nagpur,Maharashtra,India,153835.0,Central,Zone C
CUST93768,Shree Nursing Home,Retail,Not Available,Bangalore,Karnataka,India,680498.0,East,Zone C
CUST95849,Green Drug House,Clinic,Not Available,Kolkata,West Bengal,India,542130.0,West,Zone A
CUST93821,City Clinic,Pharmacy,Not Available,Ahmedabad,Gujarat,India,412841.0,Central,Zone C
CUST93107,Apex Medical Store,Wholesaler,Not Available,Other,Rajasthan,India,581284.0,Central,Zone B
CUST94422,Sunrise Clinic,Pharmacy,Not Available,Bhopal,Rajasthan,India,138162.0,West,Zone C
CUST99504,Sunrise Medical Store,Wholesaler,Not Available,Indore,Madhya Pradesh,India,127334.0,North,Zone A
CUST98499,Shree Clinic,Pharmacy,Not Available,Hyderabad,Telangana,India,250320.0,East,Zone B
CUST97781,Sunrise Clinic,Hospital,Sunrise Clinic,Bhopal,Madhya Pradesh,India,709170.0,Central,Zone A
CUST96576,Wellness Nursing Home,Pharmacy,Not Available,Kota,Rajasthan,India,469339.0,West,Zone D
CUST98455,Shree Medical Store,Clinic,Not Available,Kota,Rajasthan,India,480004.0,Central,Zone C
CUST90555,Unknown,Clinic,Not Available,Jodhpur,Rajasthan,India,287061.0,West,Zone A
CUST98549,City Pharmacy,Pharmacy,Not Available,Ajmer,Rajasthan,India,184385.0,Central,Zone B
CUST98666,City Clinic,Hospital,City Clinic,Indore,Madhya Pradesh,India,238183.0,West,Zone A
CUST95232,Care Healthcare,Pharmacy,Not Available,Ahmedabad,,India,216149.0,Central,Zone A
CUST93415,Prime Healthcare,Pharmacy,Not Available,Udaipur,Rajasthan,India,565659.0,West,Zone D
CUST93441,Rajdhani Medical Store,Pharmacy,Not Available,Mumbai,Maharashtra,India,147615.0,Central,Zone D
CUST95903,Shanti Clinic,Hospital,Shanti Clinic,Bangalore,Karnataka,India,213307.0,West,Zone B
CUST96417,Metro Drug House,Pharmacy,Not Available,Ajmer,Rajasthan,India,206913.0,North,Zone A
CUST93460,National Medical Store,Hospital,National Medical Store,Bangalore,Karnataka,India,263008.0,Central,Zone B
CUST95129,Life Drug House,Hospital,Life Drug House,Lucknow,Uttar Pradesh,India,526672.0,South,Zone D
CUST91544,Prime Healthcare,Hospital,Prime Healthcare,Jaipur,Rajasthan,India,157162.0,East,Zone D
CUST93579,Green Drug House,Wholesaler,Not Available,Other,Maharashtra,India,576330.0,North,Zone A
CUST97613,Green Nursing Home,Pharmacy,Not Available,Ajmer,Rajasthan,India,422150.0,North,Zone A
CUST98807,City Clinic,Wholesaler,Not Available,Bangalore,Karnataka,India,563527.0,West,Zone A
CUST99209,Rajdhani Healthcare,Wholesaler,Not Available,Hyderabad,Telangana,India,534447.0,Central,Zone D
CUST91834,Apex Hospital,Clinic,Not Available,Chennai,Tamil Nadu,India,637518.0,West,Zone C
CUST98211,Apex Medical Store,Pharmacy,Not Available,Indore,Madhya Pradesh,India,406468.0,North,Zone B
CUST90847,Metro Healthcare,Retail,Not Available,Mumbai,Maharashtra,India,541353.0,Central,Zone C
CUST97890,Shanti Clinic,Hospital,Shanti Clinic,Jodhpur,Rajasthan,India,773260.0,East,Zone A
CUST95906,Global Clinic,Clinic,Not Available,Lucknow,Uttar Pradesh,India,643636.0,North,Zone B
CUST96291,Om Pharmacy,Pharmacy,Not Available,Bangalore,Karnataka,India,758641.0,East,Zone B
CUST99135,Green Pharmacy,Pharmacy,Not Available,Delhi,Delhi,India,514629.0,North,Zone C
CUST92189,Life Drug House,Pharmacy,Not Available,Nagpur,Maharashtra,India,316619.0,Central,Zone B
CUST93230,National Pharmacy,Clinic,Not Available,Mumbai,Maharashtra,India,494177.0,West,Zone A
CUST94542,Rajdhani Nursing Home,Wholesaler,Not Available,Mumbai,,India,288911.0,South,Zone C
CUST92309,Prime Clinic,Pharmacy,Not Available,Kolkata,West Bengal,India,310216.0,East,Zone D
CUST94333,Rajdhani Medical Store,Hospital,Rajdhani Medical Store,Hyderabad,Telangana,India,456299.0,North,Zone B
CUST95394,Sunrise Drug House,Hospital,Sunrise Drug House,Hyderabad,Telangana,India,329416.0,South,Zone D
CUST97189,Sunrise Hospital,Pharmacy,Not Available,Nagpur,Maharashtra,India,318843.0,South,Zone C
CUST92480,Om Pharmacy,Hospital,Om Pharmacy,Other,Rajasthan,India,,North,Zone D
CUST98260,Prime Clinic,Wholesaler,Not Available,Pune,Maharashtra,India,420852.0,Central,Zone B
CUST93216,Rajdhani Hospital,Pharmacy,Not Available,Pune,Maharashtra,India,627185.0,North,Zone A
CUST90303,Global Drug House,Pharmacy,Not Available,Mumbai,Maharashtra,India,415014.0,East,Zone A
CUST99419,Om Pharmacy,Pharmacy,Not Available,Other,Maharashtra,India,335524.0,South,Zone B
CUST93809,Life Drug House,Wholesaler,Not Available,Udaipur,Rajasthan,India,141803.0,North,Zone C
CUST97503,Om Pharmacy,Clinic,Not Available,Delhi,Delhi,India,,East,Zone B
CUST99590,Apex Hospital,Clinic,Not Available,Surat,Gujarat,India,287849.0,South,Zone A
CUST99582,Central Drug House,Hospital,Central Drug House,Other,Maharashtra,India,791388.0,West,Zone B
CUST92901,Apex Nursing Home,Hospital,Apex Nursing Home,Other,Karnataka,India,172774.0,North,Zone C
CUST93814,National Nursing Home,Wholesaler,Not Available,Other,,India,120326.0,South,Zone A
CUST95136,Metro Healthcare,Hospital,Metro Healthcare,Nagpur,Maharashtra,India,,West,Zone C
CUST99927,Global Hospital,Pharmacy,Not Available,Udaipur,Rajasthan,India,445420.0,South,Zone A
CUST91028,National Medical Store,Clinic,Not Available,Ahmedabad,,India,745223.0,South,Zone C
CUST91090,Care Hospital,Pharmacy,Not Available,Bhopal,Madhya Pradesh,India,783518.0,East,Zone C
CUST94917,Care Nursing Home,Pharmacy,Not Available,Mumbai,Maharashtra,India,405686.0,South,Zone A
CUST98115,Sunrise Pharmacy,Hospital,Sunrise Pharmacy,Nagpur,Maharashtra,India,319440.0,West,Zone D
CUST90037,Wellness Drug House,Clinic,Not Available,Udaipur,Rajasthan,India,251620.0,South,Zone A
CUST90550,Apex Medical Store,Hospital,Apex Medical Store,Nagpur,Maharashtra,India,662180.0,East,Zone B
CUST97170,Central Drug House,Pharmacy,Not Available,Nagpur,Maharashtra,India,338263.0,West,Zone A
CUST93792,City Healthcare,Pharmacy,Not Available,Ajmer,Rajasthan,India,158864.0,East,Zone A
CUST93753,Green Hospital,Retail,Not Available,Bangalore,Karnataka,India,200611.0,North,Zone A
CUST95586,Life Clinic,Wholesaler,Not Available,Bangalore,Karnataka,India,391542.0,South,Zone B
CUST91905,City Clinic,Hospital,City Clinic,Jodhpur,Rajasthan,India,446393.0,South,Zone B
CUST96396,Green Clinic,Hospital,Green Clinic,Mumbai,Maharashtra,India,440528.0,East,Zone C
CUST92365,Care Hospital,Pharmacy,Not Available,Other,Telangana,India,555014.0,Central,Zone B
CUST93616,Care Nursing Home,Pharmacy,Not Available,Other,Delhi,India,387737.0,South,Zone D
CUST95753,City Medical Store,Clinic,Not Available,Mumbai,Maharashtra,India,402307.0,West,Zone A
CUST91701,Metro Drug House,Pharmacy,Not Available,Jodhpur,Rajasthan,India,798866.0,East,Zone C
CUST94109,Unknown,Hospital,Not Available,Other,Rajasthan,India,452992.0,South,Zone D
CUST92971,Rajdhani Pharmacy,Hospital,Rajdhani Pharmacy,Bangalore,Karnataka,India,181641.0,South,Zone A
CUST94973,Central Pharmacy,Hospital,Central Pharmacy,Other,Maharashtra,India,593946.0,South,Zone D
CUST93469,Care Healthcare,Hospital,Care Healthcare,Bhopal,Madhya Pradesh,India,547082.0,West,Zone D
CUST90741,Apex Hospital,Clinic,Not Available,Bangalore,Karnataka,India,182948.0,East,Zone A
CUST94614,Green Hospital,Hospital,Green Hospital,Pune,Maharashtra,India,427503.0,East,Zone D
CUST99653,National Healthcare,Pharmacy,Not Available,Nagpur,Maharashtra,India,477520.0,West,Zone C
CUST98808,Care Drug House,Hospital,Care Drug House,Udaipur,Rajasthan,India,716638.0,West,Zone C
CUST91862,Metro Nursing Home,Pharmacy,Not Available,Ahmedabad,Gujarat,India,215450.0,Central,Zone C
CUST97690,Om Medical Store,Pharmacy,Not Available,Other,Rajasthan,India,457161.0,North,Zone B
CUST98233,City Nursing Home,Wholesaler,Not Available,Nagpur,,India,563292.0,North,Zone A
CUST99874,Global Pharmacy,Hospital,Global Pharmacy,Jaipur,Rajasthan,India,770850.0,West,Zone B
CUST96071,Metro Drug House,Wholesaler,Not Available,Surat,Gujarat,India,682027.0,North,Zone D
CUST98193,Care Healthcare,Pharmacy,Not Available,Other,,India,714729.0,North,Zone A
CUST95360,Green Nursing Home,Wholesaler,Not Available,Indore,Madhya Pradesh,India,722412.0,South,Zone B
CUST94466,Care Drug House,Wholesaler,Not Available,Hyderabad,Telangana,India,752293.0,Central,Zone C
CUST99505,Rajdhani Hospital,Pharmacy,Not Available,Kolkata,West Bengal,India,258198.0,North,Zone A
CUST99928,Metro Pharmacy,Pharmacy,Not Available,Ahmedabad,Gujarat,India,152796.0,East,Zone A
CUST97529,National Medical Store,Retail,Not Available,Hyderabad,Telangana,India,663530.0,East,Zone A
CUST98817,Shanti Pharmacy,Wholesaler,Not Available,Lucknow,Uttar Pradesh,India,314145.0,North,Zone B
CUST97908,Unknown,Wholesaler,Not Available,Nagpur,Maharashtra,India,593692.0,South,Zone D
CUST94997,Life Drug House,Pharmacy,Not Available,Other,Maharashtra,India,734031.0,South,Zone D
CUST93763,Prime Medical Store,Clinic,Not Available,Other,Maharashtra,India,349221.0,North,Zone B
CUST94307,City Pharmacy,Pharmacy,Not Available,Chennai,Tamil Nadu,India,554121.0,Central,Zone B
CUST96764,Rajdhani Pharmacy,Hospital,Rajdhani Pharmacy,Jodhpur,Rajasthan,India,576862.0,North,Zone D
CUST95950,Life Hospital,Pharmacy,Not Available,Ajmer,Rajasthan,India,752999.0,West,Zone C
CUST92926,Prime Healthcare,Retail,Not Available,Jodhpur,Rajasthan,India,336094.0,South,Zone A
CUST91131,Wellness Healthcare,Pharmacy,Not Available,Indore,Madhya Pradesh,India,303719.0,North,Zone C
CUST99508,Sunrise Healthcare,Clinic,Not Available,Jodhpur,Rajasthan,India,544009.0,South,Zone A
CUST95412,City Pharmacy,Pharmacy,Not Available,Indore,Madhya Pradesh,India,669820.0,East,Zone D
CUST91262,Life Clinic,Wholesaler,Not Available,Nagpur,Maharashtra,India,798330.0,East,Zone D
CUST98188,Global Medical Store,Pharmacy,Not Available,Jaipur,,India,218821.0,West,Zone D
CUST90075,Central Healthcare,Pharmacy,Not Available,Pune,Maharashtra,India,184396.0,East,Zone D
CUST95380,Global Clinic,Pharmacy,Not Available,Pune,Madhya Pradesh,India,665323.0,Central,Zone C
CUST95805,Prime Healthcare,Retail,Not Available,Jodhpur,,India,509017.0,Central,Zone A
CUST92829,Prime Medical Store,Hospital,Prime Medical Store,Kolkata,West Bengal,India,391209.0,South,Zone C
CUST98439,Prime Hospital,Clinic,Not Available,Delhi,Delhi,India,240553.0,West,Zone C
CUST91785,Metro Medical Store,Pharmacy,Not Available,Jaipur,Rajasthan,India,721897.0,West,Zone C
CUST98163,Apex Pharmacy,Pharmacy,Not Available,Ahmedabad,Gujarat,India,374323.0,South,Zone B
CUST97278,Metro Hospital,Hospital,Metro Hospital,Surat,Gujarat,India,633452.0,East,Zone B
CUST92792,Sunrise Hospital,Retail,Not Available,Chennai,Tamil Nadu,India,482979.0,Central,Zone B
CUST95036,Om Drug House,Clinic,Not Available,Kolkata,West Bengal,India,591659.0,West,Zone C
CUST95044,Metro Pharmacy,Retail,Not Available,Lucknow,Uttar Pradesh,India,626791.0,Central,Zone B
CUST98349,Apex Nursing Home,Clinic,Not Available,Ahmedabad,Gujarat,India,199673.0,North,Zone D
CUST96329,Central Pharmacy,Wholesaler,Not Available,Nagpur,Maharashtra,India,305297.0,Central,Zone C
CUST97834,Unknown,Hospital,Prime Pharmacy,Jodhpur,Rajasthan,India,348708.0,Central,Zone A
CUST98400,Rajdhani Pharmacy,Wholesaler,Not Available,Jaipur,Rajasthan,India,729686.0,North,Zone A
CUST96854,City Clinic,Pharmacy,Not Available,Hyderabad,Telangana,India,698877.0,South,Zone D
CUST96615,Wellness Medical Store,Pharmacy,Not Available,Bhopal,Madhya Pradesh,India,375640.0,North,Zone D
CUST96189,Apex Hospital,Retail,Not Available,Kota,,India,317602.0,Central,Zone D
CUST91086,Global Medical Store,Retail,Not Available,Bhopal,Madhya Pradesh,India,151249.0,South,Zone D
CUST91082,Care Hospital,Clinic,Not Available,Ajmer,Rajasthan,India,461951.0,Central,Zone D
CUST91286,Metro Medical Store,Pharmacy,Not Available,Kota,Rajasthan,India,517149.0,North,Zone D
CUST93630,Central Nursing Home,Hospital,Central Nursing Home,Chennai,Tamil Nadu,India,707235.0,East,Zone C
CUST94751,Central Nursing Home,Pharmacy,Not Available,Kota,Rajasthan,India,242199.0,West,Zone D
CUST96741,Metro Pharmacy,Pharmacy,Not Available,Ajmer,Rajasthan,India,140387.0,East,Zone D
CUST92501,Sunrise Drug House,Pharmacy,Not Available,Udaipur,Rajasthan,India,652559.0,Central,Zone D
CUST99497,Unknown,Pharmacy,Not Available,Nagpur,Maharashtra,India,304451.0,West,Zone C
CUST92692,Global Medical Store,Hospital,Global Medical Store,Jaipur,Rajasthan,India,641650.0,North,Zone B
CUST99480,Wellness Clinic,Wholesaler,Not Available,Bangalore,Karnataka,India,,North,Zone C
CUST97349,Care Clinic,Pharmacy,Not Available,Kota,Rajasthan,India,679002.0,East,Zone D
CUST97315,Prime Medical Store,Pharmacy,Not Available,Indore,Madhya Pradesh,India,,Central,Zone D
CUST93224,Wellness Drug House,Pharmacy,Not Available,Jodhpur,Rajasthan,India,405112.0,East,Zone A
CUST94771,Shanti Clinic,Clinic,Not Available,Ajmer,Rajasthan,India,799411.0,Central,Zone C
CUST92260,Metro Pharmacy,Wholesaler,Not Available,Udaipur,Karnataka,India,733925.0,Central,Zone D
CUST99382,Om Hospital,Retail,Not Available,Jaipur,Rajasthan,India,198378.0,East,Zone A
CUST95577,National Drug House,Hospital,National Drug House,Kota,Rajasthan,India,312518.0,West,Zone B
CUST93767,Unknown,Pharmacy,Not Available,Ajmer,Rajasthan,India,503234.0,Central,Zone D
CUST95383,National Medical Store,Clinic,Not Available,Udaipur,Rajasthan,India,706429.0,West,Zone C
CUST97272,Rajdhani Hospital,Pharmacy,Not Available,Mumbai,Maharashtra,India,,South,Zone D
CUST92523,Unknown,Wholesaler,Not Available,Ajmer,Rajasthan,India,113935.0,Central,Zone C
CUST92587,Central Pharmacy,Retail,Not Available,Jodhpur,Rajasthan,India,531487.0,South,Zone C
CUST92436,National Drug House,Pharmacy,Not Available,Ajmer,Rajasthan,India,318642.0,North,Zone A
CUST92939,Unknown,Retail,Not Available,Other,West Bengal,India,693739.0,Central,Zone A
CUST93129,Apex Medical Store,Hospital,Apex Medical Store,Ajmer,Rajasthan,India,546331.0,West,Zone C
CUST97608,Shree Nursing Home,Retail,Not Available,Kota,Rajasthan,India,621814.0,North,Zone A
CUST90918,Unknown,Pharmacy,Not Available,Jaipur,Rajasthan,India,610405.0,East,Zone B
CUST91676,Green Healthcare,Wholesaler,Not Available,Indore,Madhya Pradesh,India,612633.0,South,Zone C
CUST97003,Shanti Healthcare,Clinic,Not Available,Kolkata,West Bengal,India,274839.0,East,Zone D
CUST93706,Life Healthcare,Retail,Not Available,Mumbai,Maharashtra,India,562340.0,North,Zone A
CUST95194,Rajdhani Nursing Home,Pharmacy,Not Available,Ahmedabad,Gujarat,India,432865.0,East,Zone A
CUST94332,Om Pharmacy,Retail,Not Available,Pune,Maharashtra,India,202494.0,Central,Zone A
CUST94678,Unknown,Wholesaler,Not Available,Bangalore,Karnataka,India,172858.0,East,Zone D
CUST94853,Apex Medical Store,Pharmacy,Not Available,Kota,Rajasthan,India,495736.0,North,Zone A
CUST94665,Central Drug House,Clinic,Not Available,Bhopal,Madhya Pradesh,India,505893.0,South,Zone A
CUST98802,Green Nursing Home,Pharmacy,Not Available,Delhi,Delhi,India,488622.0,West,Zone A
CUST92088,Rajdhani Medical Store,Wholesaler,Not Available,Mumbai,Maharashtra,India,396736.0,Central,Zone B
CUST97549,National Clinic,Pharmacy,Not Available,Ajmer,Rajasthan,India,625294.0,South,Zone A
CUST99641,Sunrise Nursing Home,Clinic,Not Available,Pune,Maharashtra,India,178588.0,Central,Zone C
CUST92150,Shree Hospital,Pharmacy,Not Available,Nagpur,Maharashtra,India,385696.0,North,Zone D
CUST99331,Life Medical Store,Pharmacy,Not Available,Pune,Maharashtra,India,504971.0,North,Zone D
CUST97240,Om Pharmacy,Wholesaler,Not Available,Ahmedabad,Gujarat,India,237238.0,North,Zone C
CUST93105,Shanti Clinic,Pharmacy,Not Available,Ajmer,Rajasthan,India,374811.0,East,Zone A
CUST99120,Life Nursing Home,Clinic,Not Available,Other,Delhi,India,251493.0,West,Zone A
CUST95246,Shree Hospital,Hospital,Shree Hospital,Udaipur,Rajasthan,India,788277.0,Central,Zone D
CUST95965,Green Drug House,Retail,Not Available,Lucknow,Uttar Pradesh,India,647451.0,Central,Zone D
CUST98550,National Nursing Home,Hospital,National Nursing Home,Lucknow,Maharashtra,India,168234.0,East,Zone B
CUST94090,Shanti Hospital,Wholesaler,Not Available,Chennai,Tamil Nadu,India,724574.0,West,Zone A
CUST95093,Shree Pharmacy,Retail,Not Available,Nagpur,Maharashtra,India,390773.0,North,Zone B
CUST91250,Metro Nursing Home,Clinic,Not Available,Delhi,Delhi,India,433861.0,Central,Zone C
CUST96859,Green Drug House,Hospital,Green Drug House,Other,Maharashtra,India,542211.0,Central,Zone A
CUST98305,Shree Clinic,Hospital,Shree Clinic,Bangalore,Karnataka,India,444807.0,North,Zone C
CUST96920,Global Drug House,Hospital,Global Drug House,Bhopal,Madhya Pradesh,India,218622.0,East,Zone A
CUST91805,Care Medical Store,Wholesaler,Not Available,Delhi,Delhi,India,123016.0,East,Zone C
CUST98083,City Clinic,Clinic,Not Available,Kota,Rajasthan,India,664344.0,West,Zone A
CUST92264,Wellness Medical Store,Hospital,Wellness Medical Store,Other,Rajasthan,India,188361.0,South,Zone B
CUST93059,Shanti Hospital,Pharmacy,Not Available,Bangalore,Karnataka,India,762835.0,West,Zone B
CUST98445,Rajdhani Hospital,Pharmacy,Not Available,Indore,Madhya Pradesh,India,498604.0,West,Zone A
CUST93137,Om Clinic,Pharmacy,Not Available,Other,Karnataka,India,,West,Zone A
CUST92861,Metro Nursing Home,Wholesaler,Not Available,Other,Telangana,India,180000.0,Central,Zone A
CUST90333,Apex Nursing Home,Clinic,Not Available,Udaipur,Rajasthan,India,691929.0,North,Zone B
CUST97299,National Nursing Home,Pharmacy,Not Available,Lucknow,Uttar Pradesh,India,633607.0,North,Zone A
CUST99347,Care Healthcare,Pharmacy,Not Available,Udaipur,Rajasthan,India,192514.0,West,Zone A
CUST97903,Unknown,Pharmacy,Not Available,Other,Delhi,India,708897.0,South,Zone B
CUST92589,Global Pharmacy,Hospital,Global Pharmacy,Ahmedabad,Gujarat,India,174437.0,West,Zone A
CUST98154,Metro Clinic,Hospital,Metro Clinic,Other,Rajasthan,India,506964.0,West,Zone B
CUST92256,Sunrise Clinic,Wholesaler,Not Available,Bhopal,Madhya Pradesh,India,175240.0,North,Zone B
CUST93179,Unknown,Pharmacy,Not Available,Mumbai,Maharashtra,India,365005.0,West,Zone B
CUST93122,Apex Healthcare,Pharmacy,Not Available,Pune,Maharashtra,India,149376.0,West,Zone B
CUST90967,Sunrise Clinic,Wholesaler,Not Available,Hyderabad,Telangana,India,,Central,Zone A
CUST99952,National Nursing Home,Retail,Not Available,Ajmer,Rajasthan,India,628105.0,West,Zone B
CUST97678,City Medical Store,Hospital,City Medical Store,Bangalore,Karnataka,India,297661.0,Central,Zone A
CUST98573,Life Medical Store,Retail,Not Available,Udaipur,Rajasthan,India,682040.0,North,Zone C
CUST93298,Metro Clinic,Pharmacy,Not Available,Kota,Rajasthan,India,427147.0,West,Zone B
CUST93444,Prime Medical Store,Hospital,Prime Medical Store,Bangalore,Karnataka,India,597662.0,Central,Zone B
CUST91510,National Nursing Home,Wholesaler,Not Available,Bhopal,Madhya Pradesh,India,788459.0,East,Zone A
CUST99086,Global Pharmacy,Wholesaler,Not Available,Jaipur,Rajasthan,India,499868.0,Central,Zone A
CUST93955,Wellness Nursing Home,Pharmacy,Not Available,Jaipur,Rajasthan,India,194594.0,East,Zone A
CUST99071,Green Medical Store,Pharmacy,Not Available,Hyderabad,Telangana,India,627028.0,Central,Zone A
CUST90439,Wellness Drug House,Clinic,Not Available,Udaipur,Rajasthan,India,,East,Zone C
CUST97594,National Nursing Home,Wholesaler,Not Available,Chennai,Tamil Nadu,India,217237.0,North,Zone D
CUST97128,Apex Healthcare,Retail,Not Available,Chennai,Tamil Nadu,India,765795.0,Central,Zone D
CUST98825,Om Pharmacy,Wholesaler,Not Available,Bangalore,Karnataka,India,160891.0,East,Zone C
CUST92395,Global Drug House,Retail,Not Available,Kolkata,West Bengal,India,448227.0,North,Zone C
CUST93721,Prime Nursing Home,Retail,Not Available,Jodhpur,Rajasthan,India,396696.0,East,Zone C
CUST99694,City Healthcare,Retail,Not Available,Delhi,Delhi,India,731423.0,Central,Zone C
CUST98712,National Healthcare,Hospital,National Healthcare,Bangalore,Karnataka,India,,Central,Zone B
CUST94506,Unknown,Pharmacy,Not Available,Delhi,,India,354870.0,East,Zone C
CUST93058,Rajdhani Clinic,Hospital,Rajdhani Clinic,Hyderabad,Telangana,India,701047.0,North,Zone A
CUST97933,Unknown,Retail,Not Available,Bangalore,Karnataka,India,138290.0,South,Zone D
CUST96428,Sunrise Healthcare,Pharmacy,Not Available,Nagpur,Maharashtra,India,340819.0,West,Zone C
CUST98889,Apex Drug House,Hospital,Apex Drug House,Surat,Gujarat,India,490035.0,Central,Zone C
CUST93016,Unknown,Pharmacy,Not Available,Chennai,Tamil Nadu,India,661891.0,South,Zone B
CUST93793,Shree Hospital,Clinic,Not Available,Bangalore,Karnataka,India,298511.0,West,Zone C
CUST91836,City Clinic,Retail,Not Available,Indore,Madhya Pradesh,India,432703.0,North,Zone D
CUST92803,Care Medical Store,Retail,Not Available,Ahmedabad,Gujarat,India,524051.0,South,Zone D
CUST98449,Green Nursing Home,Hospital,Green Nursing Home,Delhi,Delhi,India,537215.0,Central,Zone A
CUST93875,City Hospital,Hospital,City Hospital,Kolkata,West Bengal,India,762679.0,North,Zone D
CUST99989,Apex Pharmacy,Pharmacy,Not Available,Udaipur,Rajasthan,India,177962.0,North,Zone C
CUST92128,Metro Pharmacy,Pharmacy,Not Available,Ahmedabad,Gujarat,India,506006.0,North,Zone A
CUST91532,Prime Clinic,Pharmacy,Not Available,Other,,India,153010.0,West,Zone A
CUST98953,Central Medical Store,Clinic,Not Available,Kolkata,West Bengal,India,657165.0,West,Zone C
CUST92343,Green Healthcare,Pharmacy,Not Available,Udaipur,Rajasthan,India,179329.0,West,Zone B
CUST93172,Shree Clinic,Clinic,Not Available,Ahmedabad,Gujarat,India,145483.0,Central,Zone A
CUST97921,Global Pharmacy,Pharmacy,Not Available,Jodhpur,Rajasthan,India,686173.0,West,Zone B
CUST96775,Green Medical Store,Clinic,Not Available,Kota,Rajasthan,India,,East,Zone A
CUST93030,Om Medical Store,Pharmacy,Not Available,Ahmedabad,Gujarat,India,,Central,Zone D
CUST99521,Care Nursing Home,Wholesaler,Not Available,Surat,Gujarat,India,682802.0,West,Zone A
CUST92090,Green Medical Store,Pharmacy,Not Available,Lucknow,Uttar Pradesh,India,767881.0,West,Zone C
CUST92439,Life Hospital,Pharmacy,Not Available,Hyderabad,Telangana,India,510832.0,West,Zone C
CUST91233,Apex Pharmacy,Retail,Not Available,Kota,Rajasthan,India,187858.0,West,Zone B
CUST90491,Prime Pharmacy,Hospital,Prime Pharmacy,Kolkata,West Bengal,India,342108.0,North,Zone D
CUST98069,Prime Healthcare,Clinic,Not Available,Bangalore,,India,702830.0,South,Zone C
CUST91614,National Pharmacy,Hospital,National Pharmacy,Mumbai,Maharashtra,India,,South,Zone B
CUST92368,Sunrise Healthcare,Wholesaler,Not Available,Kolkata,West Bengal,India,283481.0,South,Zone D
CUST98059,Shree Nursing Home,Pharmacy,Not Available,Pune,Maharashtra,India,363527.0,South,Zone B
CUST91679,Green Clinic,Hospital,Green Clinic,Other,Rajasthan,India,659376.0,West,Zone D
CUST93960,Prime Pharmacy,Wholesaler,Not Available,Udaipur,Rajasthan,India,600669.0,North,Zone C
CUST95190,Prime Nursing Home,Clinic,Not Available,Delhi,Delhi,India,,East,Zone C
CUST98574,Green Medical Store,Wholesaler,Not Available,Nagpur,Maharashtra,India,725464.0,West,Zone C
CUST91580,City Drug House,Pharmacy,Not Available,Nagpur,Maharashtra,India,404228.0,North,Zone B
CUST94052,Rajdhani Healthcare,Pharmacy,Not Available,Lucknow,Uttar Pradesh,India,181500.0,East,Zone C
CUST95982,Metro Hospital,Pharmacy,Not Available,Mumbai,Maharashtra,India,744956.0,West,Zone C
CUST95700,Om Healthcare,Pharmacy,Not Available,Kolkata,West Bengal,India,612873.0,West,Zone A
CUST93121,Central Healthcare,Clinic,Not Available,Kolkata,West Bengal,India,766377.0,South,Zone C
CUST97602,Shree Drug House,Retail,Not Available,Indore,Madhya Pradesh,India,782519.0,North,Zone B
CUST93351,Prime Nursing Home,Wholesaler,Not Available,Pune,Maharashtra,India,722615.0,Central,Zone A
CUST96624,Unknown,Pharmacy,Not Available,Ajmer,Rajasthan,India,400122.0,North,Zone A
CUST94125,Om Pharmacy,Pharmacy,Not Available,Jodhpur,Rajasthan,India,670396.0,Central,Zone A
CUST98288,Global Clinic,Retail,Not Available,Jodhpur,Rajasthan,India,365247.0,East,Zone C
CUST90775,Metro Pharmacy,Pharmacy,Not Available,Surat,Gujarat,India,279277.0,North,Zone D
CUST92996,Apex Pharmacy,Pharmacy,Not Available,Indore,Madhya Pradesh,India,177374.0,East,Zone A
CUST99714,Shree Hospital,Pharmacy,Not Available,Mumbai,Maharashtra,India,,North,Zone D
CUST99877,Central Healthcare,Clinic,Not Available,Hyderabad,Telangana,India,238921.0,North,Zone D
CUST98252,Global Nursing Home,Wholesaler,Not Available,Delhi,Delhi,India,173563.0,North,Zone A
